stage,modality,arm,configuration,model,attempt,task,case_id,status,prediction,latency_ms,cost_usd,label,patient_id,scorable,correct,end_to_end_success
evaluation,CT,A,primary,gpt-6-astra,,pleural_effusion,CT-EVALUATION-001,context_contamination,,132233,,0,CT-RATE:valid_992,False,,False
evaluation,CT,A,primary,gpt-6-astra,,pleural_effusion,CT-EVALUATION-003,context_contamination,,113709,,0,CT-RATE:valid_1094,False,,False
evaluation,CT,A,primary,gpt-6-astra,,pleural_effusion,CT-EVALUATION-004,context_contamination,,175071,,0,CT-RATE:valid_1217,False,,False
evaluation,CT,A,primary,gpt-6-astra,,pleural_effusion,CT-EVALUATION-005,context_contamination,,134365,,0,CT-RATE:valid_523,False,,False
evaluation,CT,A,primary,gpt-6-astra,,pleural_effusion,CT-EVALUATION-008,completed,0,138649,,0,CT-RATE:valid_1148,True,True,True
evaluation,CT,A,primary,gpt-6-astra,,pleural_effusion,CT-EVALUATION-010,completed,1,135225,,1,CT-RATE:valid_243,True,True,True
evaluation,CT,A,primary,gpt-6-astra,,pulmonary_nodule,CT-EVALUATION-003,context_contamination,,113709,,1,CT-RATE:valid_1094,False,,False
evaluation,CT,A,primary,gpt-6-astra,,pulmonary_nodule,CT-EVALUATION-005,context_contamination,,134365,,1,CT-RATE:valid_523,False,,False
evaluation,CT,A,primary,gpt-6-astra,,pulmonary_nodule,CT-EVALUATION-008,input_insufficient,,138649,,1,CT-RATE:valid_1148,False,,False
evaluation,CT,A,primary,gpt-6-astra,,pulmonary_nodule,CT-EVALUATION-009,input_insufficient,,136096,,1,CT-RATE:valid_69,False,,False
evaluation,CT,A,primary,gpt-6-astra,,pulmonary_nodule,CT-EVALUATION-010,abstained,,135225,,1,CT-RATE:valid_243,False,,False
evaluation,CT,A,primary,gpt-6-astra,,consolidation,CT-EVALUATION-003,context_contamination,,113709,,0,CT-RATE:valid_1094,False,,False
evaluation,CT,A,primary,gpt-6-astra,,consolidation,CT-EVALUATION-005,context_contamination,,134365,,0,CT-RATE:valid_523,False,,False
evaluation,CT,A,primary,gpt-6-astra,,emphysema,CT-EVALUATION-002,context_contamination,,115548,,1,CT-RATE:valid_174,False,,False
evaluation,CT,A,primary,gpt-6-luna,,pleural_effusion,CT-EVALUATION-001,context_contamination,,96441,,0,CT-RATE:valid_992,False,,False
evaluation,CT,A,primary,gpt-6-luna,,pleural_effusion,CT-EVALUATION-003,context_contamination,,85093,,0,CT-RATE:valid_1094,False,,False
evaluation,CT,A,primary,gpt-6-luna,,pleural_effusion,CT-EVALUATION-004,context_contamination,,114430,,0,CT-RATE:valid_1217,False,,False
evaluation,CT,A,primary,gpt-6-luna,,pleural_effusion,CT-EVALUATION-005,context_contamination,,88649,,0,CT-RATE:valid_523,False,,False
evaluation,CT,A,primary,gpt-6-luna,,pleural_effusion,CT-EVALUATION-008,completed,0,101366,,0,CT-RATE:valid_1148,True,True,True
evaluation,CT,A,primary,gpt-6-luna,,pleural_effusion,CT-EVALUATION-010,budget_exhausted,,73109,,1,CT-RATE:valid_243,False,,False
evaluation,CT,A,primary,gpt-6-luna,,pulmonary_nodule,CT-EVALUATION-003,context_contamination,,85093,,1,CT-RATE:valid_1094,False,,False
evaluation,CT,A,primary,gpt-6-luna,,pulmonary_nodule,CT-EVALUATION-005,context_contamination,,88649,,1,CT-RATE:valid_523,False,,False
evaluation,CT,A,primary,gpt-6-luna,,pulmonary_nodule,CT-EVALUATION-008,completed,0,101366,,1,CT-RATE:valid_1148,True,False,False
evaluation,CT,A,primary,gpt-6-luna,,pulmonary_nodule,CT-EVALUATION-009,abstained,,103293,,1,CT-RATE:valid_69,False,,False
evaluation,CT,A,primary,gpt-6-luna,,pulmonary_nodule,CT-EVALUATION-010,budget_exhausted,,73109,,1,CT-RATE:valid_243,False,,False
evaluation,CT,A,primary,gpt-6-luna,,consolidation,CT-EVALUATION-003,context_contamination,,85093,,0,CT-RATE:valid_1094,False,,False
evaluation,CT,A,primary,gpt-6-luna,,consolidation,CT-EVALUATION-005,context_contamination,,88649,,0,CT-RATE:valid_523,False,,False
evaluation,CT,A,primary,gpt-6-luna,,emphysema,CT-EVALUATION-002,context_contamination,,70699,,1,CT-RATE:valid_174,False,,False
evaluation,CT,A,primary,gpt-6.1-sol,,pleural_effusion,CT-EVALUATION-001,context_contamination,,152587,,0,CT-RATE:valid_992,False,,False
evaluation,CT,A,primary,gpt-6.1-sol,,pleural_effusion,CT-EVALUATION-003,context_contamination,,135904,,0,CT-RATE:valid_1094,False,,False
evaluation,CT,A,primary,gpt-6.1-sol,,pleural_effusion,CT-EVALUATION-004,context_contamination,,136364,,0,CT-RATE:valid_1217,False,,False
evaluation,CT,A,primary,gpt-6.1-sol,,pleural_effusion,CT-EVALUATION-005,context_contamination,,116471,,0,CT-RATE:valid_523,False,,False
evaluation,CT,A,primary,gpt-6.1-sol,,pleural_effusion,CT-EVALUATION-008,completed,0,135021,,0,CT-RATE:valid_1148,True,True,True
evaluation,CT,A,primary,gpt-6.1-sol,,pleural_effusion,CT-EVALUATION-010,completed,1,158541,,1,CT-RATE:valid_243,True,True,True
evaluation,CT,A,primary,gpt-6.1-sol,,pulmonary_nodule,CT-EVALUATION-003,context_contamination,,135904,,1,CT-RATE:valid_1094,False,,False
evaluation,CT,A,primary,gpt-6.1-sol,,pulmonary_nodule,CT-EVALUATION-005,context_contamination,,116471,,1,CT-RATE:valid_523,False,,False
evaluation,CT,A,primary,gpt-6.1-sol,,pulmonary_nodule,CT-EVALUATION-008,abstained,,135021,,1,CT-RATE:valid_1148,False,,False
evaluation,CT,A,primary,gpt-6.1-sol,,pulmonary_nodule,CT-EVALUATION-009,input_insufficient,,145588,,1,CT-RATE:valid_69,False,,False
evaluation,CT,A,primary,gpt-6.1-sol,,pulmonary_nodule,CT-EVALUATION-010,abstained,,158541,,1,CT-RATE:valid_243,False,,False
evaluation,CT,A,primary,gpt-6.1-sol,,consolidation,CT-EVALUATION-003,context_contamination,,135904,,0,CT-RATE:valid_1094,False,,False
evaluation,CT,A,primary,gpt-6.1-sol,,consolidation,CT-EVALUATION-005,context_contamination,,116471,,0,CT-RATE:valid_523,False,,False
evaluation,CT,A,primary,gpt-6.1-sol,,emphysema,CT-EVALUATION-002,context_contamination,,168982,,1,CT-RATE:valid_174,False,,False
evaluation,CT,B,delegated,gpt-6-astra,,pleural_effusion,CT-EVALUATION-001,completed,0,28405,,0,CT-RATE:valid_992,True,True,True
evaluation,CT,B,delegated,gpt-6-astra,,pleural_effusion,CT-EVALUATION-003,completed,0,26898,,0,CT-RATE:valid_1094,True,True,True
evaluation,CT,B,delegated,gpt-6-astra,,pleural_effusion,CT-EVALUATION-004,completed,0,29841,,0,CT-RATE:valid_1217,True,True,True
evaluation,CT,B,delegated,gpt-6-astra,,pleural_effusion,CT-EVALUATION-005,completed,0,34620,,0,CT-RATE:valid_523,True,True,True
evaluation,CT,B,delegated,gpt-6-astra,,pleural_effusion,CT-EVALUATION-008,completed,0,31303,,0,CT-RATE:valid_1148,True,True,True
evaluation,CT,B,delegated,gpt-6-astra,,pleural_effusion,CT-EVALUATION-010,completed,1,32377,,1,CT-RATE:valid_243,True,True,True
evaluation,CT,B,delegated,gpt-6-astra,,pulmonary_nodule,CT-EVALUATION-003,input_insufficient,,26898,,1,CT-RATE:valid_1094,False,,False
evaluation,CT,B,delegated,gpt-6-astra,,pulmonary_nodule,CT-EVALUATION-005,abstained,,34620,,1,CT-RATE:valid_523,False,,False
evaluation,CT,B,delegated,gpt-6-astra,,pulmonary_nodule,CT-EVALUATION-008,input_insufficient,,31303,,1,CT-RATE:valid_1148,False,,False
evaluation,CT,B,delegated,gpt-6-astra,,pulmonary_nodule,CT-EVALUATION-009,completed,0,25488,,1,CT-RATE:valid_69,True,False,False
evaluation,CT,B,delegated,gpt-6-astra,,pulmonary_nodule,CT-EVALUATION-010,input_insufficient,,32377,,1,CT-RATE:valid_243,False,,False
evaluation,CT,B,delegated,gpt-6-astra,,consolidation,CT-EVALUATION-003,completed,0,26898,,0,CT-RATE:valid_1094,True,True,True
evaluation,CT,B,delegated,gpt-6-astra,,consolidation,CT-EVALUATION-005,completed,0,34620,,0,CT-RATE:valid_523,True,True,True
evaluation,CT,B,delegated,gpt-6-astra,,emphysema,CT-EVALUATION-002,completed,1,34513,,1,CT-RATE:valid_174,True,True,True
evaluation,CT,B,delegated,gpt-6-luna,,pleural_effusion,CT-EVALUATION-001,completed,0,19609,,0,CT-RATE:valid_992,True,True,True
evaluation,CT,B,delegated,gpt-6-luna,,pleural_effusion,CT-EVALUATION-003,completed,0,19468,,0,CT-RATE:valid_1094,True,True,True
evaluation,CT,B,delegated,gpt-6-luna,,pleural_effusion,CT-EVALUATION-004,completed,0,24015,,0,CT-RATE:valid_1217,True,True,True
evaluation,CT,B,delegated,gpt-6-luna,,pleural_effusion,CT-EVALUATION-005,completed,0,18833,,0,CT-RATE:valid_523,True,True,True
evaluation,CT,B,delegated,gpt-6-luna,,pleural_effusion,CT-EVALUATION-008,completed,0,24226,,0,CT-RATE:valid_1148,True,True,True
evaluation,CT,B,delegated,gpt-6-luna,,pleural_effusion,CT-EVALUATION-010,completed,1,21305,,1,CT-RATE:valid_243,True,True,True
evaluation,CT,B,delegated,gpt-6-luna,,pulmonary_nodule,CT-EVALUATION-003,input_insufficient,,19468,,1,CT-RATE:valid_1094,False,,False
evaluation,CT,B,delegated,gpt-6-luna,,pulmonary_nodule,CT-EVALUATION-005,completed,0,18833,,1,CT-RATE:valid_523,True,False,False
evaluation,CT,B,delegated,gpt-6-luna,,pulmonary_nodule,CT-EVALUATION-008,completed,0,24226,,1,CT-RATE:valid_1148,True,False,False
evaluation,CT,B,delegated,gpt-6-luna,,pulmonary_nodule,CT-EVALUATION-009,completed,0,18031,,1,CT-RATE:valid_69,True,False,False
evaluation,CT,B,delegated,gpt-6-luna,,pulmonary_nodule,CT-EVALUATION-010,input_insufficient,,21305,,1,CT-RATE:valid_243,False,,False
evaluation,CT,B,delegated,gpt-6-luna,,consolidation,CT-EVALUATION-003,completed,0,19468,,0,CT-RATE:valid_1094,True,True,True
evaluation,CT,B,delegated,gpt-6-luna,,consolidation,CT-EVALUATION-005,completed,0,18833,,0,CT-RATE:valid_523,True,True,True
evaluation,CT,B,delegated,gpt-6-luna,,emphysema,CT-EVALUATION-002,completed,0,17060,,1,CT-RATE:valid_174,True,False,False
evaluation,CT,B,delegated,gpt-6.1-sol,,pleural_effusion,CT-EVALUATION-001,completed,0,32266,,0,CT-RATE:valid_992,True,True,True
evaluation,CT,B,delegated,gpt-6.1-sol,,pleural_effusion,CT-EVALUATION-003,completed,0,34192,,0,CT-RATE:valid_1094,True,True,True
evaluation,CT,B,delegated,gpt-6.1-sol,,pleural_effusion,CT-EVALUATION-004,completed,0,27849,,0,CT-RATE:valid_1217,True,True,True
evaluation,CT,B,delegated,gpt-6.1-sol,,pleural_effusion,CT-EVALUATION-005,completed,0,35083,,0,CT-RATE:valid_523,True,True,True
evaluation,CT,B,delegated,gpt-6.1-sol,,pleural_effusion,CT-EVALUATION-008,completed,0,31997,,0,CT-RATE:valid_1148,True,True,True
evaluation,CT,B,delegated,gpt-6.1-sol,,pleural_effusion,CT-EVALUATION-010,completed,1,34446,,1,CT-RATE:valid_243,True,True,True
evaluation,CT,B,delegated,gpt-6.1-sol,,pulmonary_nodule,CT-EVALUATION-003,input_insufficient,,34192,,1,CT-RATE:valid_1094,False,,False
evaluation,CT,B,delegated,gpt-6.1-sol,,pulmonary_nodule,CT-EVALUATION-005,completed,1,35083,,1,CT-RATE:valid_523,True,True,True
evaluation,CT,B,delegated,gpt-6.1-sol,,pulmonary_nodule,CT-EVALUATION-008,input_insufficient,,31997,,1,CT-RATE:valid_1148,False,,False
evaluation,CT,B,delegated,gpt-6.1-sol,,pulmonary_nodule,CT-EVALUATION-009,completed,0,26147,,1,CT-RATE:valid_69,True,False,False
evaluation,CT,B,delegated,gpt-6.1-sol,,pulmonary_nodule,CT-EVALUATION-010,input_insufficient,,34446,,1,CT-RATE:valid_243,False,,False
evaluation,CT,B,delegated,gpt-6.1-sol,,consolidation,CT-EVALUATION-003,completed,0,34192,,0,CT-RATE:valid_1094,True,True,True
evaluation,CT,B,delegated,gpt-6.1-sol,,consolidation,CT-EVALUATION-005,completed,0,35083,,0,CT-RATE:valid_523,True,True,True
evaluation,CT,B,delegated,gpt-6.1-sol,,emphysema,CT-EVALUATION-002,completed,1,28715,,1,CT-RATE:valid_174,True,True,True
evaluation,CT,B,primary,google/medgemma-1.5-4b-it,,pleural_effusion,CT-EVALUATION-001,completed,0,22378,,0,CT-RATE:valid_992,True,True,True
evaluation,CT,B,primary,google/medgemma-1.5-4b-it,,pleural_effusion,CT-EVALUATION-003,invalid_output,,124971,,0,CT-RATE:valid_1094,False,,False
evaluation,CT,B,primary,google/medgemma-1.5-4b-it,,pleural_effusion,CT-EVALUATION-004,completed,0,20263,,0,CT-RATE:valid_1217,True,True,True
evaluation,CT,B,primary,google/medgemma-1.5-4b-it,,pleural_effusion,CT-EVALUATION-005,completed,0,22445,,0,CT-RATE:valid_523,True,True,True
evaluation,CT,B,primary,google/medgemma-1.5-4b-it,,pleural_effusion,CT-EVALUATION-008,completed,0,25904,,0,CT-RATE:valid_1148,True,True,True
evaluation,CT,B,primary,google/medgemma-1.5-4b-it,,pleural_effusion,CT-EVALUATION-010,completed,0,26986,,1,CT-RATE:valid_243,True,False,False
evaluation,CT,B,primary,google/medgemma-1.5-4b-it,,pleural_effusion,CT-EVALUATION-011,completed,0,64583,,0,CT-RATE:valid_978,True,True,True
evaluation,CT,B,primary,google/medgemma-1.5-4b-it,,pleural_effusion,CT-EVALUATION-012,completed,0,22910,,0,CT-RATE:valid_665,True,True,True
evaluation,CT,B,primary,google/medgemma-1.5-4b-it,,pleural_effusion,CT-EVALUATION-015,completed,0,24875,,0,CT-RATE:valid_153,True,True,True
evaluation,CT,B,primary,google/medgemma-1.5-4b-it,,pleural_effusion,CT-EVALUATION-018,completed,0,25639,,1,CT-RATE:valid_475,True,False,False
evaluation,CT,B,primary,google/medgemma-1.5-4b-it,,pleural_effusion,CT-EVALUATION-021,completed,0,21514,,0,CT-RATE:valid_900,True,True,True
evaluation,CT,B,primary,google/medgemma-1.5-4b-it,,pleural_effusion,CT-EVALUATION-022,completed,0,24291,,0,CT-RATE:valid_669,True,True,True
evaluation,CT,B,primary,google/medgemma-1.5-4b-it,,pleural_effusion,CT-EVALUATION-023,completed,0,24124,,0,CT-RATE:valid_1257,True,True,True
evaluation,CT,B,primary,google/medgemma-1.5-4b-it,,pleural_effusion,CT-EVALUATION-024,completed,0,20898,,0,CT-RATE:valid_824,True,True,True
evaluation,CT,B,primary,google/medgemma-1.5-4b-it,,pleural_effusion,CT-EVALUATION-026,completed,0,24293,,1,CT-RATE:valid_27,True,False,False
evaluation,CT,B,primary,google/medgemma-1.5-4b-it,,pleural_effusion,CT-EVALUATION-028,completed,0,21680,,0,CT-RATE:valid_1212,True,True,True
evaluation,CT,B,primary,google/medgemma-1.5-4b-it,,pleural_effusion,CT-EVALUATION-032,invalid_output,,126048,,0,CT-RATE:valid_10,False,,False
evaluation,CT,B,primary,google/medgemma-1.5-4b-it,,pleural_effusion,CT-EVALUATION-033,completed,0,23978,,0,CT-RATE:valid_525,True,True,True
evaluation,CT,B,primary,google/medgemma-1.5-4b-it,,pleural_effusion,CT-EVALUATION-034,completed,0,24901,,0,CT-RATE:valid_1096,True,True,True
evaluation,CT,B,primary,google/medgemma-1.5-4b-it,,pleural_effusion,CT-EVALUATION-035,invalid_output,,70157,,0,CT-RATE:valid_1088,False,,False
evaluation,CT,B,primary,google/medgemma-1.5-4b-it,,pleural_effusion,CT-EVALUATION-037,completed,0,23348,,0,CT-RATE:valid_1062,True,True,True
evaluation,CT,B,primary,google/medgemma-1.5-4b-it,,pleural_effusion,CT-EVALUATION-038,completed,0,23066,,0,CT-RATE:valid_1180,True,True,True
evaluation,CT,B,primary,google/medgemma-1.5-4b-it,,pleural_effusion,CT-EVALUATION-039,input_insufficient,,24795,,0,CT-RATE:valid_837,False,,False
evaluation,CT,B,primary,google/medgemma-1.5-4b-it,,pleural_effusion,CT-EVALUATION-040,completed,0,20865,,0,CT-RATE:valid_1035,True,True,True
evaluation,CT,B,primary,google/medgemma-1.5-4b-it,,pulmonary_nodule,CT-EVALUATION-003,invalid_output,,124971,,1,CT-RATE:valid_1094,False,,False
evaluation,CT,B,primary,google/medgemma-1.5-4b-it,,pulmonary_nodule,CT-EVALUATION-005,completed,0,22445,,1,CT-RATE:valid_523,True,False,False
evaluation,CT,B,primary,google/medgemma-1.5-4b-it,,pulmonary_nodule,CT-EVALUATION-008,input_insufficient,,25904,,1,CT-RATE:valid_1148,False,,False
evaluation,CT,B,primary,google/medgemma-1.5-4b-it,,pulmonary_nodule,CT-EVALUATION-009,invalid_output,,130899,,1,CT-RATE:valid_69,False,,False
evaluation,CT,B,primary,google/medgemma-1.5-4b-it,,pulmonary_nodule,CT-EVALUATION-010,input_insufficient,,26986,,1,CT-RATE:valid_243,False,,False
evaluation,CT,B,primary,google/medgemma-1.5-4b-it,,pulmonary_nodule,CT-EVALUATION-014,input_insufficient,,24611,,1,CT-RATE:valid_471,False,,False
evaluation,CT,B,primary,google/medgemma-1.5-4b-it,,pulmonary_nodule,CT-EVALUATION-015,completed,0,24875,,1,CT-RATE:valid_153,True,False,False
evaluation,CT,B,primary,google/medgemma-1.5-4b-it,,pulmonary_nodule,CT-EVALUATION-016,completed,0,21585,,1,CT-RATE:valid_212,True,False,False
evaluation,CT,B,primary,google/medgemma-1.5-4b-it,,pulmonary_nodule,CT-EVALUATION-017,input_insufficient,,23961,,1,CT-RATE:valid_1303,False,,False
evaluation,CT,B,primary,google/medgemma-1.5-4b-it,,pulmonary_nodule,CT-EVALUATION-020,completed,0,24446,,1,CT-RATE:valid_1169,True,False,False
evaluation,CT,B,primary,google/medgemma-1.5-4b-it,,pulmonary_nodule,CT-EVALUATION-022,input_insufficient,,24291,,1,CT-RATE:valid_669,False,,False
evaluation,CT,B,primary,google/medgemma-1.5-4b-it,,pulmonary_nodule,CT-EVALUATION-024,completed,0,20898,,1,CT-RATE:valid_824,True,False,False
evaluation,CT,B,primary,google/medgemma-1.5-4b-it,,pulmonary_nodule,CT-EVALUATION-027,completed,0,25090,,1,CT-RATE:valid_1252,True,False,False
evaluation,CT,B,primary,google/medgemma-1.5-4b-it,,pulmonary_nodule,CT-EVALUATION-031,completed,0,19948,,1,CT-RATE:valid_464,True,False,False
evaluation,CT,B,primary,google/medgemma-1.5-4b-it,,pulmonary_nodule,CT-EVALUATION-036,completed,1,23308,,1,CT-RATE:valid_186,True,True,True
evaluation,CT,B,primary,google/medgemma-1.5-4b-it,,pulmonary_nodule,CT-EVALUATION-037,input_insufficient,,23348,,1,CT-RATE:valid_1062,False,,False
evaluation,CT,B,primary,google/medgemma-1.5-4b-it,,pulmonary_nodule,CT-EVALUATION-038,completed,0,23066,,1,CT-RATE:valid_1180,True,False,False
evaluation,CT,B,primary,google/medgemma-1.5-4b-it,,pulmonary_nodule,CT-EVALUATION-039,abstained,,24795,,1,CT-RATE:valid_837,False,,False
evaluation,CT,B,primary,google/medgemma-1.5-4b-it,,pulmonary_nodule,CT-EVALUATION-040,completed,0,20865,,1,CT-RATE:valid_1035,True,False,False
evaluation,CT,B,primary,google/medgemma-1.5-4b-it,,consolidation,CT-EVALUATION-003,invalid_output,,124971,,0,CT-RATE:valid_1094,False,,False
evaluation,CT,B,primary,google/medgemma-1.5-4b-it,,consolidation,CT-EVALUATION-005,completed,0,22445,,0,CT-RATE:valid_523,True,True,True
evaluation,CT,B,primary,google/medgemma-1.5-4b-it,,consolidation,CT-EVALUATION-014,input_insufficient,,24611,,1,CT-RATE:valid_471,False,,False
evaluation,CT,B,primary,google/medgemma-1.5-4b-it,,consolidation,CT-EVALUATION-015,completed,0,24875,,0,CT-RATE:valid_153,True,True,True
evaluation,CT,B,primary,google/medgemma-1.5-4b-it,,consolidation,CT-EVALUATION-023,input_insufficient,,24124,,1,CT-RATE:valid_1257,False,,False
evaluation,CT,B,primary,google/medgemma-1.5-4b-it,,consolidation,CT-EVALUATION-025,completed,0,27804,,1,CT-RATE:valid_925,True,False,False
evaluation,CT,B,primary,google/medgemma-1.5-4b-it,,consolidation,CT-EVALUATION-026,completed,1,24293,,1,CT-RATE:valid_27,True,True,True
evaluation,CT,B,primary,google/medgemma-1.5-4b-it,,consolidation,CT-EVALUATION-035,invalid_output,,70157,,1,CT-RATE:valid_1088,False,,False
evaluation,CT,B,primary,google/medgemma-1.5-4b-it,,emphysema,CT-EVALUATION-002,completed,0,19293,,1,CT-RATE:valid_174,True,False,False
evaluation,CT,B,primary,google/medgemma-1.5-4b-it,,emphysema,CT-EVALUATION-014,input_insufficient,,24611,,1,CT-RATE:valid_471,False,,False
evaluation,CT,B,primary,google/medgemma-1.5-4b-it,,emphysema,CT-EVALUATION-017,completed,0,23961,,1,CT-RATE:valid_1303,True,False,False
evaluation,CT,B,primary,google/medgemma-1.5-4b-it,,emphysema,CT-EVALUATION-019,invalid_output,,127277,,1,CT-RATE:valid_644,False,,False
evaluation,CT,B,primary,google/medgemma-1.5-4b-it,,emphysema,CT-EVALUATION-021,completed,0,21514,,1,CT-RATE:valid_900,True,False,False
evaluation,CT,B,primary,google/medgemma-1.5-4b-it,,emphysema,CT-EVALUATION-022,input_insufficient,,24291,,1,CT-RATE:valid_669,False,,False
evaluation,CT,B,primary,google/medgemma-1.5-4b-it,,emphysema,CT-EVALUATION-023,input_insufficient,,24124,,1,CT-RATE:valid_1257,False,,False
evaluation,CT,B,primary,google/medgemma-1.5-4b-it,,emphysema,CT-EVALUATION-024,completed,0,20898,,1,CT-RATE:valid_824,True,False,False
evaluation,CT,B,primary,google/medgemma-1.5-4b-it,,emphysema,CT-EVALUATION-027,completed,0,25090,,1,CT-RATE:valid_1252,True,False,False
evaluation,CT,B,primary,google/medgemma-1.5-4b-it,,emphysema,CT-EVALUATION-032,invalid_output,,126048,,1,CT-RATE:valid_10,False,,False
evaluation,CT,B,primary,google/medgemma-1.5-4b-it,,emphysema,CT-EVALUATION-037,input_insufficient,,23348,,1,CT-RATE:valid_1062,False,,False
evaluation,CT,B,primary,google/medgemma-1.5-4b-it,,emphysema,CT-EVALUATION-038,completed,0,23066,,1,CT-RATE:valid_1180,True,False,False
evaluation,CT,B,primary,google/medgemma-1.5-4b-it,repeat1,pleural_effusion,CT-EVALUATION-001,completed,0,22531,,0,CT-RATE:valid_992,True,True,True
evaluation,CT,B,primary,google/medgemma-1.5-4b-it,repeat1,pleural_effusion,CT-EVALUATION-003,invalid_output,,127678,,0,CT-RATE:valid_1094,False,,False
evaluation,CT,B,primary,google/medgemma-1.5-4b-it,repeat1,pulmonary_nodule,CT-EVALUATION-003,invalid_output,,127678,,1,CT-RATE:valid_1094,False,,False
evaluation,CT,B,primary,google/medgemma-1.5-4b-it,repeat1,consolidation,CT-EVALUATION-003,invalid_output,,127678,,0,CT-RATE:valid_1094,False,,False
evaluation,CT,B,primary,google/medgemma-1.5-4b-it,repeat1,emphysema,CT-EVALUATION-002,completed,0,19692,,1,CT-RATE:valid_174,True,False,False
evaluation,CT,B,primary,gpt-6-astra,,pleural_effusion,CT-EVALUATION-001,completed,0,20909,,0,CT-RATE:valid_992,True,True,True
evaluation,CT,B,primary,gpt-6-astra,,pleural_effusion,CT-EVALUATION-003,completed,0,21977,,0,CT-RATE:valid_1094,True,True,True
evaluation,CT,B,primary,gpt-6-astra,,pleural_effusion,CT-EVALUATION-004,completed,0,21507,,0,CT-RATE:valid_1217,True,True,True
evaluation,CT,B,primary,gpt-6-astra,,pleural_effusion,CT-EVALUATION-005,completed,0,20195,,0,CT-RATE:valid_523,True,True,True
evaluation,CT,B,primary,gpt-6-astra,,pleural_effusion,CT-EVALUATION-008,completed,0,20423,,0,CT-RATE:valid_1148,True,True,True
evaluation,CT,B,primary,gpt-6-astra,,pleural_effusion,CT-EVALUATION-010,completed,1,26396,,1,CT-RATE:valid_243,True,True,True
evaluation,CT,B,primary,gpt-6-astra,,pleural_effusion,CT-EVALUATION-011,completed,0,21576,,0,CT-RATE:valid_978,True,True,True
evaluation,CT,B,primary,gpt-6-astra,,pleural_effusion,CT-EVALUATION-012,completed,0,18374,,0,CT-RATE:valid_665,True,True,True
evaluation,CT,B,primary,gpt-6-astra,,pleural_effusion,CT-EVALUATION-015,completed,0,22007,,0,CT-RATE:valid_153,True,True,True
evaluation,CT,B,primary,gpt-6-astra,,pleural_effusion,CT-EVALUATION-018,completed,1,22869,,1,CT-RATE:valid_475,True,True,True
evaluation,CT,B,primary,gpt-6-astra,,pleural_effusion,CT-EVALUATION-021,completed,0,23787,,0,CT-RATE:valid_900,True,True,True
evaluation,CT,B,primary,gpt-6-astra,,pleural_effusion,CT-EVALUATION-022,completed,0,20308,,0,CT-RATE:valid_669,True,True,True
evaluation,CT,B,primary,gpt-6-astra,,pleural_effusion,CT-EVALUATION-023,completed,0,20627,,0,CT-RATE:valid_1257,True,True,True
evaluation,CT,B,primary,gpt-6-astra,,pleural_effusion,CT-EVALUATION-024,completed,0,28867,,0,CT-RATE:valid_824,True,True,True
evaluation,CT,B,primary,gpt-6-astra,,pleural_effusion,CT-EVALUATION-026,completed,1,26238,,1,CT-RATE:valid_27,True,True,True
evaluation,CT,B,primary,gpt-6-astra,,pleural_effusion,CT-EVALUATION-028,completed,0,20994,,0,CT-RATE:valid_1212,True,True,True
evaluation,CT,B,primary,gpt-6-astra,,pleural_effusion,CT-EVALUATION-032,completed,0,20585,,0,CT-RATE:valid_10,True,True,True
evaluation,CT,B,primary,gpt-6-astra,,pleural_effusion,CT-EVALUATION-033,completed,0,20987,,0,CT-RATE:valid_525,True,True,True
evaluation,CT,B,primary,gpt-6-astra,,pleural_effusion,CT-EVALUATION-034,completed,0,21196,,0,CT-RATE:valid_1096,True,True,True
evaluation,CT,B,primary,gpt-6-astra,,pleural_effusion,CT-EVALUATION-035,completed,0,19630,,0,CT-RATE:valid_1088,True,True,True
evaluation,CT,B,primary,gpt-6-astra,,pleural_effusion,CT-EVALUATION-037,completed,0,19866,,0,CT-RATE:valid_1062,True,True,True
evaluation,CT,B,primary,gpt-6-astra,,pleural_effusion,CT-EVALUATION-038,completed,0,25005,,0,CT-RATE:valid_1180,True,True,True
evaluation,CT,B,primary,gpt-6-astra,,pleural_effusion,CT-EVALUATION-039,completed,0,18781,,0,CT-RATE:valid_837,True,True,True
evaluation,CT,B,primary,gpt-6-astra,,pleural_effusion,CT-EVALUATION-040,completed,0,19972,,0,CT-RATE:valid_1035,True,True,True
evaluation,CT,B,primary,gpt-6-astra,,pulmonary_nodule,CT-EVALUATION-003,input_insufficient,,21977,,1,CT-RATE:valid_1094,False,,False
evaluation,CT,B,primary,gpt-6-astra,,pulmonary_nodule,CT-EVALUATION-005,completed,1,20195,,1,CT-RATE:valid_523,True,True,True
evaluation,CT,B,primary,gpt-6-astra,,pulmonary_nodule,CT-EVALUATION-008,input_insufficient,,20423,,1,CT-RATE:valid_1148,False,,False
evaluation,CT,B,primary,gpt-6-astra,,pulmonary_nodule,CT-EVALUATION-009,completed,0,22033,,1,CT-RATE:valid_69,True,False,False
evaluation,CT,B,primary,gpt-6-astra,,pulmonary_nodule,CT-EVALUATION-010,abstained,,26396,,1,CT-RATE:valid_243,False,,False
evaluation,CT,B,primary,gpt-6-astra,,pulmonary_nodule,CT-EVALUATION-014,completed,1,22425,,1,CT-RATE:valid_471,True,True,True
evaluation,CT,B,primary,gpt-6-astra,,pulmonary_nodule,CT-EVALUATION-015,abstained,,22007,,1,CT-RATE:valid_153,False,,False
evaluation,CT,B,primary,gpt-6-astra,,pulmonary_nodule,CT-EVALUATION-016,completed,1,23960,,1,CT-RATE:valid_212,True,True,True
evaluation,CT,B,primary,gpt-6-astra,,pulmonary_nodule,CT-EVALUATION-017,input_insufficient,,21798,,1,CT-RATE:valid_1303,False,,False
evaluation,CT,B,primary,gpt-6-astra,,pulmonary_nodule,CT-EVALUATION-020,abstained,,17066,,1,CT-RATE:valid_1169,False,,False
evaluation,CT,B,primary,gpt-6-astra,,pulmonary_nodule,CT-EVALUATION-022,completed,0,20308,,1,CT-RATE:valid_669,True,False,False
evaluation,CT,B,primary,gpt-6-astra,,pulmonary_nodule,CT-EVALUATION-024,completed,0,28867,,1,CT-RATE:valid_824,True,False,False
evaluation,CT,B,primary,gpt-6-astra,,pulmonary_nodule,CT-EVALUATION-027,abstained,,21404,,1,CT-RATE:valid_1252,False,,False
evaluation,CT,B,primary,gpt-6-astra,,pulmonary_nodule,CT-EVALUATION-031,completed,0,16755,,1,CT-RATE:valid_464,True,False,False
evaluation,CT,B,primary,gpt-6-astra,,pulmonary_nodule,CT-EVALUATION-036,abstained,,21541,,1,CT-RATE:valid_186,False,,False
evaluation,CT,B,primary,gpt-6-astra,,pulmonary_nodule,CT-EVALUATION-037,input_insufficient,,19866,,1,CT-RATE:valid_1062,False,,False
evaluation,CT,B,primary,gpt-6-astra,,pulmonary_nodule,CT-EVALUATION-038,completed,0,25005,,1,CT-RATE:valid_1180,True,False,False
evaluation,CT,B,primary,gpt-6-astra,,pulmonary_nodule,CT-EVALUATION-039,input_insufficient,,18781,,1,CT-RATE:valid_837,False,,False
evaluation,CT,B,primary,gpt-6-astra,,pulmonary_nodule,CT-EVALUATION-040,completed,0,19972,,1,CT-RATE:valid_1035,True,False,False
evaluation,CT,B,primary,gpt-6-astra,,consolidation,CT-EVALUATION-003,completed,0,21977,,0,CT-RATE:valid_1094,True,True,True
evaluation,CT,B,primary,gpt-6-astra,,consolidation,CT-EVALUATION-005,completed,0,20195,,0,CT-RATE:valid_523,True,True,True
evaluation,CT,B,primary,gpt-6-astra,,consolidation,CT-EVALUATION-014,completed,1,22425,,1,CT-RATE:valid_471,True,True,True
evaluation,CT,B,primary,gpt-6-astra,,consolidation,CT-EVALUATION-015,completed,0,22007,,0,CT-RATE:valid_153,True,True,True
evaluation,CT,B,primary,gpt-6-astra,,consolidation,CT-EVALUATION-023,abstained,,20627,,1,CT-RATE:valid_1257,False,,False
evaluation,CT,B,primary,gpt-6-astra,,consolidation,CT-EVALUATION-025,completed,1,19606,,1,CT-RATE:valid_925,True,True,True
evaluation,CT,B,primary,gpt-6-astra,,consolidation,CT-EVALUATION-026,completed,1,26238,,1,CT-RATE:valid_27,True,True,True
evaluation,CT,B,primary,gpt-6-astra,,consolidation,CT-EVALUATION-035,completed,1,19630,,1,CT-RATE:valid_1088,True,True,True
evaluation,CT,B,primary,gpt-6-astra,,emphysema,CT-EVALUATION-002,completed,1,20569,,1,CT-RATE:valid_174,True,True,True
evaluation,CT,B,primary,gpt-6-astra,,emphysema,CT-EVALUATION-014,completed,0,22425,,1,CT-RATE:valid_471,True,False,False
evaluation,CT,B,primary,gpt-6-astra,,emphysema,CT-EVALUATION-017,completed,1,21798,,1,CT-RATE:valid_1303,True,True,True
evaluation,CT,B,primary,gpt-6-astra,,emphysema,CT-EVALUATION-019,completed,0,18346,,1,CT-RATE:valid_644,True,False,False
evaluation,CT,B,primary,gpt-6-astra,,emphysema,CT-EVALUATION-021,completed,0,23787,,1,CT-RATE:valid_900,True,False,False
evaluation,CT,B,primary,gpt-6-astra,,emphysema,CT-EVALUATION-022,completed,0,20308,,1,CT-RATE:valid_669,True,False,False
evaluation,CT,B,primary,gpt-6-astra,,emphysema,CT-EVALUATION-023,completed,0,20627,,1,CT-RATE:valid_1257,True,False,False
evaluation,CT,B,primary,gpt-6-astra,,emphysema,CT-EVALUATION-024,completed,0,28867,,1,CT-RATE:valid_824,True,False,False
evaluation,CT,B,primary,gpt-6-astra,,emphysema,CT-EVALUATION-027,completed,1,21404,,1,CT-RATE:valid_1252,True,True,True
evaluation,CT,B,primary,gpt-6-astra,,emphysema,CT-EVALUATION-032,completed,0,20585,,1,CT-RATE:valid_10,True,False,False
evaluation,CT,B,primary,gpt-6-astra,,emphysema,CT-EVALUATION-037,completed,0,19866,,1,CT-RATE:valid_1062,True,False,False
evaluation,CT,B,primary,gpt-6-astra,,emphysema,CT-EVALUATION-038,completed,0,25005,,1,CT-RATE:valid_1180,True,False,False
evaluation,CT,B,primary,gpt-6-astra,repeat1,pleural_effusion,CT-EVALUATION-001,completed,0,21267,,0,CT-RATE:valid_992,True,True,True
evaluation,CT,B,primary,gpt-6-astra,repeat1,pleural_effusion,CT-EVALUATION-003,completed,0,20854,,0,CT-RATE:valid_1094,True,True,True
evaluation,CT,B,primary,gpt-6-astra,repeat1,pulmonary_nodule,CT-EVALUATION-003,input_insufficient,,20854,,1,CT-RATE:valid_1094,False,,False
evaluation,CT,B,primary,gpt-6-astra,repeat1,consolidation,CT-EVALUATION-003,completed,0,20854,,0,CT-RATE:valid_1094,True,True,True
evaluation,CT,B,primary,gpt-6-astra,repeat1,emphysema,CT-EVALUATION-002,completed,1,22358,,1,CT-RATE:valid_174,True,True,True
evaluation,CT,B,primary,gpt-6-luna,,pleural_effusion,CT-EVALUATION-001,completed,0,12528,,0,CT-RATE:valid_992,True,True,True
evaluation,CT,B,primary,gpt-6-luna,,pleural_effusion,CT-EVALUATION-003,completed,0,20272,,0,CT-RATE:valid_1094,True,True,True
evaluation,CT,B,primary,gpt-6-luna,,pleural_effusion,CT-EVALUATION-004,completed,0,11894,,0,CT-RATE:valid_1217,True,True,True
evaluation,CT,B,primary,gpt-6-luna,,pleural_effusion,CT-EVALUATION-005,completed,0,17223,,0,CT-RATE:valid_523,True,True,True
evaluation,CT,B,primary,gpt-6-luna,,pleural_effusion,CT-EVALUATION-008,completed,0,17695,,0,CT-RATE:valid_1148,True,True,True
evaluation,CT,B,primary,gpt-6-luna,,pleural_effusion,CT-EVALUATION-010,completed,1,12313,,1,CT-RATE:valid_243,True,True,True
evaluation,CT,B,primary,gpt-6-luna,,pleural_effusion,CT-EVALUATION-011,completed,0,24764,,0,CT-RATE:valid_978,True,True,True
evaluation,CT,B,primary,gpt-6-luna,,pleural_effusion,CT-EVALUATION-012,completed,0,13739,,0,CT-RATE:valid_665,True,True,True
evaluation,CT,B,primary,gpt-6-luna,,pleural_effusion,CT-EVALUATION-015,completed,0,15807,,0,CT-RATE:valid_153,True,True,True
evaluation,CT,B,primary,gpt-6-luna,,pleural_effusion,CT-EVALUATION-018,completed,1,16275,,1,CT-RATE:valid_475,True,True,True
evaluation,CT,B,primary,gpt-6-luna,,pleural_effusion,CT-EVALUATION-021,completed,0,16017,,0,CT-RATE:valid_900,True,True,True
evaluation,CT,B,primary,gpt-6-luna,,pleural_effusion,CT-EVALUATION-022,completed,0,11519,,0,CT-RATE:valid_669,True,True,True
evaluation,CT,B,primary,gpt-6-luna,,pleural_effusion,CT-EVALUATION-023,completed,0,21452,,0,CT-RATE:valid_1257,True,True,True
evaluation,CT,B,primary,gpt-6-luna,,pleural_effusion,CT-EVALUATION-024,completed,0,14835,,0,CT-RATE:valid_824,True,True,True
evaluation,CT,B,primary,gpt-6-luna,,pleural_effusion,CT-EVALUATION-026,completed,1,23451,,1,CT-RATE:valid_27,True,True,True
evaluation,CT,B,primary,gpt-6-luna,,pleural_effusion,CT-EVALUATION-028,completed,0,10358,,0,CT-RATE:valid_1212,True,True,True
evaluation,CT,B,primary,gpt-6-luna,,pleural_effusion,CT-EVALUATION-032,completed,0,14563,,0,CT-RATE:valid_10,True,True,True
evaluation,CT,B,primary,gpt-6-luna,,pleural_effusion,CT-EVALUATION-033,completed,0,11484,,0,CT-RATE:valid_525,True,True,True
evaluation,CT,B,primary,gpt-6-luna,,pleural_effusion,CT-EVALUATION-034,completed,0,14444,,0,CT-RATE:valid_1096,True,True,True
evaluation,CT,B,primary,gpt-6-luna,,pleural_effusion,CT-EVALUATION-035,completed,0,14553,,0,CT-RATE:valid_1088,True,True,True
evaluation,CT,B,primary,gpt-6-luna,,pleural_effusion,CT-EVALUATION-037,completed,0,16031,,0,CT-RATE:valid_1062,True,True,True
evaluation,CT,B,primary,gpt-6-luna,,pleural_effusion,CT-EVALUATION-038,completed,0,18274,,0,CT-RATE:valid_1180,True,True,True
evaluation,CT,B,primary,gpt-6-luna,,pleural_effusion,CT-EVALUATION-039,completed,0,13819,,0,CT-RATE:valid_837,True,True,True
evaluation,CT,B,primary,gpt-6-luna,,pleural_effusion,CT-EVALUATION-040,completed,0,14663,,0,CT-RATE:valid_1035,True,True,True
evaluation,CT,B,primary,gpt-6-luna,,pulmonary_nodule,CT-EVALUATION-003,input_insufficient,,20272,,1,CT-RATE:valid_1094,False,,False
evaluation,CT,B,primary,gpt-6-luna,,pulmonary_nodule,CT-EVALUATION-005,abstained,,17223,,1,CT-RATE:valid_523,False,,False
evaluation,CT,B,primary,gpt-6-luna,,pulmonary_nodule,CT-EVALUATION-008,abstained,,17695,,1,CT-RATE:valid_1148,False,,False
evaluation,CT,B,primary,gpt-6-luna,,pulmonary_nodule,CT-EVALUATION-009,completed,0,15220,,1,CT-RATE:valid_69,True,False,False
evaluation,CT,B,primary,gpt-6-luna,,pulmonary_nodule,CT-EVALUATION-010,input_insufficient,,12313,,1,CT-RATE:valid_243,False,,False
evaluation,CT,B,primary,gpt-6-luna,,pulmonary_nodule,CT-EVALUATION-014,abstained,,14015,,1,CT-RATE:valid_471,False,,False
evaluation,CT,B,primary,gpt-6-luna,,pulmonary_nodule,CT-EVALUATION-015,input_insufficient,,15807,,1,CT-RATE:valid_153,False,,False
evaluation,CT,B,primary,gpt-6-luna,,pulmonary_nodule,CT-EVALUATION-016,abstained,,16790,,1,CT-RATE:valid_212,False,,False
evaluation,CT,B,primary,gpt-6-luna,,pulmonary_nodule,CT-EVALUATION-017,input_insufficient,,21303,,1,CT-RATE:valid_1303,False,,False
evaluation,CT,B,primary,gpt-6-luna,,pulmonary_nodule,CT-EVALUATION-020,input_insufficient,,12531,,1,CT-RATE:valid_1169,False,,False
evaluation,CT,B,primary,gpt-6-luna,,pulmonary_nodule,CT-EVALUATION-022,completed,0,11519,,1,CT-RATE:valid_669,True,False,False
evaluation,CT,B,primary,gpt-6-luna,,pulmonary_nodule,CT-EVALUATION-024,abstained,,14835,,1,CT-RATE:valid_824,False,,False
evaluation,CT,B,primary,gpt-6-luna,,pulmonary_nodule,CT-EVALUATION-027,abstained,,17864,,1,CT-RATE:valid_1252,False,,False
evaluation,CT,B,primary,gpt-6-luna,,pulmonary_nodule,CT-EVALUATION-031,completed,0,13306,,1,CT-RATE:valid_464,True,False,False
evaluation,CT,B,primary,gpt-6-luna,,pulmonary_nodule,CT-EVALUATION-036,abstained,,14613,,1,CT-RATE:valid_186,False,,False
evaluation,CT,B,primary,gpt-6-luna,,pulmonary_nodule,CT-EVALUATION-037,input_insufficient,,16031,,1,CT-RATE:valid_1062,False,,False
evaluation,CT,B,primary,gpt-6-luna,,pulmonary_nodule,CT-EVALUATION-038,completed,0,18274,,1,CT-RATE:valid_1180,True,False,False
evaluation,CT,B,primary,gpt-6-luna,,pulmonary_nodule,CT-EVALUATION-039,input_insufficient,,13819,,1,CT-RATE:valid_837,False,,False
evaluation,CT,B,primary,gpt-6-luna,,pulmonary_nodule,CT-EVALUATION-040,abstained,,14663,,1,CT-RATE:valid_1035,False,,False
evaluation,CT,B,primary,gpt-6-luna,,consolidation,CT-EVALUATION-003,completed,0,20272,,0,CT-RATE:valid_1094,True,True,True
evaluation,CT,B,primary,gpt-6-luna,,consolidation,CT-EVALUATION-005,completed,0,17223,,0,CT-RATE:valid_523,True,True,True
evaluation,CT,B,primary,gpt-6-luna,,consolidation,CT-EVALUATION-014,completed,1,14015,,1,CT-RATE:valid_471,True,True,True
evaluation,CT,B,primary,gpt-6-luna,,consolidation,CT-EVALUATION-015,completed,0,15807,,0,CT-RATE:valid_153,True,True,True
evaluation,CT,B,primary,gpt-6-luna,,consolidation,CT-EVALUATION-023,completed,0,21452,,1,CT-RATE:valid_1257,True,False,False
evaluation,CT,B,primary,gpt-6-luna,,consolidation,CT-EVALUATION-025,completed,0,13159,,1,CT-RATE:valid_925,True,False,False
evaluation,CT,B,primary,gpt-6-luna,,consolidation,CT-EVALUATION-026,completed,1,23451,,1,CT-RATE:valid_27,True,True,True
evaluation,CT,B,primary,gpt-6-luna,,consolidation,CT-EVALUATION-035,completed,1,14553,,1,CT-RATE:valid_1088,True,True,True
evaluation,CT,B,primary,gpt-6-luna,,emphysema,CT-EVALUATION-002,completed,0,20644,,1,CT-RATE:valid_174,True,False,False
evaluation,CT,B,primary,gpt-6-luna,,emphysema,CT-EVALUATION-014,completed,0,14015,,1,CT-RATE:valid_471,True,False,False
evaluation,CT,B,primary,gpt-6-luna,,emphysema,CT-EVALUATION-017,completed,1,21303,,1,CT-RATE:valid_1303,True,True,True
evaluation,CT,B,primary,gpt-6-luna,,emphysema,CT-EVALUATION-019,completed,0,12941,,1,CT-RATE:valid_644,True,False,False
evaluation,CT,B,primary,gpt-6-luna,,emphysema,CT-EVALUATION-021,completed,0,16017,,1,CT-RATE:valid_900,True,False,False
evaluation,CT,B,primary,gpt-6-luna,,emphysema,CT-EVALUATION-022,completed,0,11519,,1,CT-RATE:valid_669,True,False,False
evaluation,CT,B,primary,gpt-6-luna,,emphysema,CT-EVALUATION-023,completed,0,21452,,1,CT-RATE:valid_1257,True,False,False
evaluation,CT,B,primary,gpt-6-luna,,emphysema,CT-EVALUATION-024,completed,0,14835,,1,CT-RATE:valid_824,True,False,False
evaluation,CT,B,primary,gpt-6-luna,,emphysema,CT-EVALUATION-027,completed,0,17864,,1,CT-RATE:valid_1252,True,False,False
evaluation,CT,B,primary,gpt-6-luna,,emphysema,CT-EVALUATION-032,completed,0,14563,,1,CT-RATE:valid_10,True,False,False
evaluation,CT,B,primary,gpt-6-luna,,emphysema,CT-EVALUATION-037,completed,0,16031,,1,CT-RATE:valid_1062,True,False,False
evaluation,CT,B,primary,gpt-6-luna,,emphysema,CT-EVALUATION-038,completed,0,18274,,1,CT-RATE:valid_1180,True,False,False
evaluation,CT,B,primary,gpt-6-luna,repeat1,pleural_effusion,CT-EVALUATION-001,completed,0,18104,,0,CT-RATE:valid_992,True,True,True
evaluation,CT,B,primary,gpt-6-luna,repeat1,pleural_effusion,CT-EVALUATION-003,completed,0,17650,,0,CT-RATE:valid_1094,True,True,True
evaluation,CT,B,primary,gpt-6-luna,repeat1,pulmonary_nodule,CT-EVALUATION-003,abstained,,17650,,1,CT-RATE:valid_1094,False,,False
evaluation,CT,B,primary,gpt-6-luna,repeat1,consolidation,CT-EVALUATION-003,completed,0,17650,,0,CT-RATE:valid_1094,True,True,True
evaluation,CT,B,primary,gpt-6-luna,repeat1,emphysema,CT-EVALUATION-002,completed,0,14513,,1,CT-RATE:valid_174,True,False,False
evaluation,CT,B,primary,gpt-6.1-sol,,pleural_effusion,CT-EVALUATION-001,completed,0,43627,,0,CT-RATE:valid_992,True,True,True
evaluation,CT,B,primary,gpt-6.1-sol,,pleural_effusion,CT-EVALUATION-003,completed,0,25863,,0,CT-RATE:valid_1094,True,True,True
evaluation,CT,B,primary,gpt-6.1-sol,,pleural_effusion,CT-EVALUATION-004,completed,0,27120,,0,CT-RATE:valid_1217,True,True,True
evaluation,CT,B,primary,gpt-6.1-sol,,pleural_effusion,CT-EVALUATION-005,completed,0,26310,,0,CT-RATE:valid_523,True,True,True
evaluation,CT,B,primary,gpt-6.1-sol,,pleural_effusion,CT-EVALUATION-008,completed,0,19836,,0,CT-RATE:valid_1148,True,True,True
evaluation,CT,B,primary,gpt-6.1-sol,,pleural_effusion,CT-EVALUATION-010,completed,1,24919,,1,CT-RATE:valid_243,True,True,True
evaluation,CT,B,primary,gpt-6.1-sol,,pleural_effusion,CT-EVALUATION-011,completed,0,21374,,0,CT-RATE:valid_978,True,True,True
evaluation,CT,B,primary,gpt-6.1-sol,,pleural_effusion,CT-EVALUATION-012,completed,0,18323,,0,CT-RATE:valid_665,True,True,True
evaluation,CT,B,primary,gpt-6.1-sol,,pleural_effusion,CT-EVALUATION-015,completed,0,30909,,0,CT-RATE:valid_153,True,True,True
evaluation,CT,B,primary,gpt-6.1-sol,,pleural_effusion,CT-EVALUATION-018,completed,1,24535,,1,CT-RATE:valid_475,True,True,True
evaluation,CT,B,primary,gpt-6.1-sol,,pleural_effusion,CT-EVALUATION-021,completed,0,28939,,0,CT-RATE:valid_900,True,True,True
evaluation,CT,B,primary,gpt-6.1-sol,,pleural_effusion,CT-EVALUATION-022,completed,0,20162,,0,CT-RATE:valid_669,True,True,True
evaluation,CT,B,primary,gpt-6.1-sol,,pleural_effusion,CT-EVALUATION-023,completed,0,30375,,0,CT-RATE:valid_1257,True,True,True
evaluation,CT,B,primary,gpt-6.1-sol,,pleural_effusion,CT-EVALUATION-024,completed,0,24695,,0,CT-RATE:valid_824,True,True,True
evaluation,CT,B,primary,gpt-6.1-sol,,pleural_effusion,CT-EVALUATION-026,completed,1,35292,,1,CT-RATE:valid_27,True,True,True
evaluation,CT,B,primary,gpt-6.1-sol,,pleural_effusion,CT-EVALUATION-028,completed,0,22365,,0,CT-RATE:valid_1212,True,True,True
evaluation,CT,B,primary,gpt-6.1-sol,,pleural_effusion,CT-EVALUATION-032,completed,0,21640,,0,CT-RATE:valid_10,True,True,True
evaluation,CT,B,primary,gpt-6.1-sol,,pleural_effusion,CT-EVALUATION-033,completed,0,22361,,0,CT-RATE:valid_525,True,True,True
evaluation,CT,B,primary,gpt-6.1-sol,,pleural_effusion,CT-EVALUATION-034,completed,0,18490,,0,CT-RATE:valid_1096,True,True,True
evaluation,CT,B,primary,gpt-6.1-sol,,pleural_effusion,CT-EVALUATION-035,completed,0,21968,,0,CT-RATE:valid_1088,True,True,True
evaluation,CT,B,primary,gpt-6.1-sol,,pleural_effusion,CT-EVALUATION-037,completed,0,21750,,0,CT-RATE:valid_1062,True,True,True
evaluation,CT,B,primary,gpt-6.1-sol,,pleural_effusion,CT-EVALUATION-038,completed,0,32214,,0,CT-RATE:valid_1180,True,True,True
evaluation,CT,B,primary,gpt-6.1-sol,,pleural_effusion,CT-EVALUATION-039,completed,0,27893,,0,CT-RATE:valid_837,True,True,True
evaluation,CT,B,primary,gpt-6.1-sol,,pleural_effusion,CT-EVALUATION-040,completed,0,24595,,0,CT-RATE:valid_1035,True,True,True
evaluation,CT,B,primary,gpt-6.1-sol,,pulmonary_nodule,CT-EVALUATION-003,abstained,,25863,,1,CT-RATE:valid_1094,False,,False
evaluation,CT,B,primary,gpt-6.1-sol,,pulmonary_nodule,CT-EVALUATION-005,completed,1,26310,,1,CT-RATE:valid_523,True,True,True
evaluation,CT,B,primary,gpt-6.1-sol,,pulmonary_nodule,CT-EVALUATION-008,completed,0,19836,,1,CT-RATE:valid_1148,True,False,False
evaluation,CT,B,primary,gpt-6.1-sol,,pulmonary_nodule,CT-EVALUATION-009,completed,0,18343,,1,CT-RATE:valid_69,True,False,False
evaluation,CT,B,primary,gpt-6.1-sol,,pulmonary_nodule,CT-EVALUATION-010,input_insufficient,,24919,,1,CT-RATE:valid_243,False,,False
evaluation,CT,B,primary,gpt-6.1-sol,,pulmonary_nodule,CT-EVALUATION-014,completed,1,24464,,1,CT-RATE:valid_471,True,True,True
evaluation,CT,B,primary,gpt-6.1-sol,,pulmonary_nodule,CT-EVALUATION-015,abstained,,30909,,1,CT-RATE:valid_153,False,,False
evaluation,CT,B,primary,gpt-6.1-sol,,pulmonary_nodule,CT-EVALUATION-016,abstained,,24564,,1,CT-RATE:valid_212,False,,False
evaluation,CT,B,primary,gpt-6.1-sol,,pulmonary_nodule,CT-EVALUATION-017,completed,0,19873,,1,CT-RATE:valid_1303,True,False,False
evaluation,CT,B,primary,gpt-6.1-sol,,pulmonary_nodule,CT-EVALUATION-020,abstained,,22842,,1,CT-RATE:valid_1169,False,,False
evaluation,CT,B,primary,gpt-6.1-sol,,pulmonary_nodule,CT-EVALUATION-022,completed,0,20162,,1,CT-RATE:valid_669,True,False,False
evaluation,CT,B,primary,gpt-6.1-sol,,pulmonary_nodule,CT-EVALUATION-024,completed,0,24695,,1,CT-RATE:valid_824,True,False,False
evaluation,CT,B,primary,gpt-6.1-sol,,pulmonary_nodule,CT-EVALUATION-027,completed,0,22785,,1,CT-RATE:valid_1252,True,False,False
evaluation,CT,B,primary,gpt-6.1-sol,,pulmonary_nodule,CT-EVALUATION-031,completed,0,18722,,1,CT-RATE:valid_464,True,False,False
evaluation,CT,B,primary,gpt-6.1-sol,,pulmonary_nodule,CT-EVALUATION-036,completed,0,21395,,1,CT-RATE:valid_186,True,False,False
evaluation,CT,B,primary,gpt-6.1-sol,,pulmonary_nodule,CT-EVALUATION-037,completed,0,21750,,1,CT-RATE:valid_1062,True,False,False
evaluation,CT,B,primary,gpt-6.1-sol,,pulmonary_nodule,CT-EVALUATION-038,completed,0,32214,,1,CT-RATE:valid_1180,True,False,False
evaluation,CT,B,primary,gpt-6.1-sol,,pulmonary_nodule,CT-EVALUATION-039,input_insufficient,,27893,,1,CT-RATE:valid_837,False,,False
evaluation,CT,B,primary,gpt-6.1-sol,,pulmonary_nodule,CT-EVALUATION-040,completed,0,24595,,1,CT-RATE:valid_1035,True,False,False
evaluation,CT,B,primary,gpt-6.1-sol,,consolidation,CT-EVALUATION-003,completed,0,25863,,0,CT-RATE:valid_1094,True,True,True
evaluation,CT,B,primary,gpt-6.1-sol,,consolidation,CT-EVALUATION-005,completed,0,26310,,0,CT-RATE:valid_523,True,True,True
evaluation,CT,B,primary,gpt-6.1-sol,,consolidation,CT-EVALUATION-014,completed,1,24464,,1,CT-RATE:valid_471,True,True,True
evaluation,CT,B,primary,gpt-6.1-sol,,consolidation,CT-EVALUATION-015,completed,0,30909,,0,CT-RATE:valid_153,True,True,True
evaluation,CT,B,primary,gpt-6.1-sol,,consolidation,CT-EVALUATION-023,abstained,,30375,,1,CT-RATE:valid_1257,False,,False
evaluation,CT,B,primary,gpt-6.1-sol,,consolidation,CT-EVALUATION-025,abstained,,24593,,1,CT-RATE:valid_925,False,,False
evaluation,CT,B,primary,gpt-6.1-sol,,consolidation,CT-EVALUATION-026,completed,1,35292,,1,CT-RATE:valid_27,True,True,True
evaluation,CT,B,primary,gpt-6.1-sol,,consolidation,CT-EVALUATION-035,completed,1,21968,,1,CT-RATE:valid_1088,True,True,True
evaluation,CT,B,primary,gpt-6.1-sol,,emphysema,CT-EVALUATION-002,completed,1,25131,,1,CT-RATE:valid_174,True,True,True
evaluation,CT,B,primary,gpt-6.1-sol,,emphysema,CT-EVALUATION-014,completed,0,24464,,1,CT-RATE:valid_471,True,False,False
evaluation,CT,B,primary,gpt-6.1-sol,,emphysema,CT-EVALUATION-017,completed,1,19873,,1,CT-RATE:valid_1303,True,True,True
evaluation,CT,B,primary,gpt-6.1-sol,,emphysema,CT-EVALUATION-019,completed,0,18685,,1,CT-RATE:valid_644,True,False,False
evaluation,CT,B,primary,gpt-6.1-sol,,emphysema,CT-EVALUATION-021,completed,0,28939,,1,CT-RATE:valid_900,True,False,False
evaluation,CT,B,primary,gpt-6.1-sol,,emphysema,CT-EVALUATION-022,completed,0,20162,,1,CT-RATE:valid_669,True,False,False
evaluation,CT,B,primary,gpt-6.1-sol,,emphysema,CT-EVALUATION-023,completed,0,30375,,1,CT-RATE:valid_1257,True,False,False
evaluation,CT,B,primary,gpt-6.1-sol,,emphysema,CT-EVALUATION-024,completed,0,24695,,1,CT-RATE:valid_824,True,False,False
evaluation,CT,B,primary,gpt-6.1-sol,,emphysema,CT-EVALUATION-027,completed,1,22785,,1,CT-RATE:valid_1252,True,True,True
evaluation,CT,B,primary,gpt-6.1-sol,,emphysema,CT-EVALUATION-032,completed,0,21640,,1,CT-RATE:valid_10,True,False,False
evaluation,CT,B,primary,gpt-6.1-sol,,emphysema,CT-EVALUATION-037,completed,0,21750,,1,CT-RATE:valid_1062,True,False,False
evaluation,CT,B,primary,gpt-6.1-sol,,emphysema,CT-EVALUATION-038,completed,0,32214,,1,CT-RATE:valid_1180,True,False,False
evaluation,CT,B,primary,gpt-6.1-sol,repeat1,pleural_effusion,CT-EVALUATION-001,completed,0,24037,,0,CT-RATE:valid_992,True,True,True
evaluation,CT,B,primary,gpt-6.1-sol,repeat1,pleural_effusion,CT-EVALUATION-003,completed,0,23300,,0,CT-RATE:valid_1094,True,True,True
evaluation,CT,B,primary,gpt-6.1-sol,repeat1,pulmonary_nodule,CT-EVALUATION-003,input_insufficient,,23300,,1,CT-RATE:valid_1094,False,,False
evaluation,CT,B,primary,gpt-6.1-sol,repeat1,consolidation,CT-EVALUATION-003,completed,0,23300,,0,CT-RATE:valid_1094,True,True,True
evaluation,CT,B,primary,gpt-6.1-sol,repeat1,emphysema,CT-EVALUATION-002,completed,1,22020,,1,CT-RATE:valid_174,True,True,True
evaluation,CT,B,second-reader,gpt-6-astra,,pleural_effusion,CT-EVALUATION-001,completed,0,19593,,0,CT-RATE:valid_992,True,True,True
evaluation,CT,B,second-reader,gpt-6-astra,,pleural_effusion,CT-EVALUATION-003,completed,0,17558,,0,CT-RATE:valid_1094,True,True,True
evaluation,CT,B,second-reader,gpt-6-astra,,pleural_effusion,CT-EVALUATION-004,completed,0,18005,,0,CT-RATE:valid_1217,True,True,True
evaluation,CT,B,second-reader,gpt-6-astra,,pleural_effusion,CT-EVALUATION-005,completed,0,20298,,0,CT-RATE:valid_523,True,True,True
evaluation,CT,B,second-reader,gpt-6-astra,,pleural_effusion,CT-EVALUATION-008,completed,0,19965,,0,CT-RATE:valid_1148,True,True,True
evaluation,CT,B,second-reader,gpt-6-astra,,pleural_effusion,CT-EVALUATION-010,completed,1,18819,,1,CT-RATE:valid_243,True,True,True
evaluation,CT,B,second-reader,gpt-6-astra,,pulmonary_nodule,CT-EVALUATION-003,input_insufficient,,17558,,1,CT-RATE:valid_1094,False,,False
evaluation,CT,B,second-reader,gpt-6-astra,,pulmonary_nodule,CT-EVALUATION-005,completed,1,20298,,1,CT-RATE:valid_523,True,True,True
evaluation,CT,B,second-reader,gpt-6-astra,,pulmonary_nodule,CT-EVALUATION-008,input_insufficient,,19965,,1,CT-RATE:valid_1148,False,,False
evaluation,CT,B,second-reader,gpt-6-astra,,pulmonary_nodule,CT-EVALUATION-009,completed,0,15142,,1,CT-RATE:valid_69,True,False,False
evaluation,CT,B,second-reader,gpt-6-astra,,pulmonary_nodule,CT-EVALUATION-010,input_insufficient,,18819,,1,CT-RATE:valid_243,False,,False
evaluation,CT,B,second-reader,gpt-6-astra,,consolidation,CT-EVALUATION-003,completed,0,17558,,0,CT-RATE:valid_1094,True,True,True
evaluation,CT,B,second-reader,gpt-6-astra,,consolidation,CT-EVALUATION-005,completed,0,20298,,0,CT-RATE:valid_523,True,True,True
evaluation,CT,B,second-reader,gpt-6-astra,,emphysema,CT-EVALUATION-002,completed,1,15498,,1,CT-RATE:valid_174,True,True,True
evaluation,CT,B,second-reader,gpt-6-luna,,pleural_effusion,CT-EVALUATION-001,completed,0,11175,,0,CT-RATE:valid_992,True,True,True
evaluation,CT,B,second-reader,gpt-6-luna,,pleural_effusion,CT-EVALUATION-003,completed,0,14782,,0,CT-RATE:valid_1094,True,True,True
evaluation,CT,B,second-reader,gpt-6-luna,,pleural_effusion,CT-EVALUATION-004,completed,0,14217,,0,CT-RATE:valid_1217,True,True,True
evaluation,CT,B,second-reader,gpt-6-luna,,pleural_effusion,CT-EVALUATION-005,completed,0,16385,,0,CT-RATE:valid_523,True,True,True
evaluation,CT,B,second-reader,gpt-6-luna,,pleural_effusion,CT-EVALUATION-008,completed,0,15369,,0,CT-RATE:valid_1148,True,True,True
evaluation,CT,B,second-reader,gpt-6-luna,,pleural_effusion,CT-EVALUATION-010,completed,1,14067,,1,CT-RATE:valid_243,True,True,True
evaluation,CT,B,second-reader,gpt-6-luna,,pulmonary_nodule,CT-EVALUATION-003,input_insufficient,,14782,,1,CT-RATE:valid_1094,False,,False
evaluation,CT,B,second-reader,gpt-6-luna,,pulmonary_nodule,CT-EVALUATION-005,abstained,,16385,,1,CT-RATE:valid_523,False,,False
evaluation,CT,B,second-reader,gpt-6-luna,,pulmonary_nodule,CT-EVALUATION-008,input_insufficient,,15369,,1,CT-RATE:valid_1148,False,,False
evaluation,CT,B,second-reader,gpt-6-luna,,pulmonary_nodule,CT-EVALUATION-009,completed,0,19418,,1,CT-RATE:valid_69,True,False,False
evaluation,CT,B,second-reader,gpt-6-luna,,pulmonary_nodule,CT-EVALUATION-010,input_insufficient,,14067,,1,CT-RATE:valid_243,False,,False
evaluation,CT,B,second-reader,gpt-6-luna,,consolidation,CT-EVALUATION-003,completed,0,14782,,0,CT-RATE:valid_1094,True,True,True
evaluation,CT,B,second-reader,gpt-6-luna,,consolidation,CT-EVALUATION-005,completed,0,16385,,0,CT-RATE:valid_523,True,True,True
evaluation,CT,B,second-reader,gpt-6-luna,,emphysema,CT-EVALUATION-002,completed,0,18062,,1,CT-RATE:valid_174,True,False,False
evaluation,CT,B,second-reader,gpt-6.1-sol,,pleural_effusion,CT-EVALUATION-001,completed,0,16635,,0,CT-RATE:valid_992,True,True,True
evaluation,CT,B,second-reader,gpt-6.1-sol,,pleural_effusion,CT-EVALUATION-003,completed,0,22684,,0,CT-RATE:valid_1094,True,True,True
evaluation,CT,B,second-reader,gpt-6.1-sol,,pleural_effusion,CT-EVALUATION-004,completed,0,20240,,0,CT-RATE:valid_1217,True,True,True
evaluation,CT,B,second-reader,gpt-6.1-sol,,pleural_effusion,CT-EVALUATION-005,completed,0,22975,,0,CT-RATE:valid_523,True,True,True
evaluation,CT,B,second-reader,gpt-6.1-sol,,pleural_effusion,CT-EVALUATION-008,completed,0,17843,,0,CT-RATE:valid_1148,True,True,True
evaluation,CT,B,second-reader,gpt-6.1-sol,,pleural_effusion,CT-EVALUATION-010,completed,1,17521,,1,CT-RATE:valid_243,True,True,True
evaluation,CT,B,second-reader,gpt-6.1-sol,,pulmonary_nodule,CT-EVALUATION-003,input_insufficient,,22684,,1,CT-RATE:valid_1094,False,,False
evaluation,CT,B,second-reader,gpt-6.1-sol,,pulmonary_nodule,CT-EVALUATION-005,completed,1,22975,,1,CT-RATE:valid_523,True,True,True
evaluation,CT,B,second-reader,gpt-6.1-sol,,pulmonary_nodule,CT-EVALUATION-008,completed,0,17843,,1,CT-RATE:valid_1148,True,False,False
evaluation,CT,B,second-reader,gpt-6.1-sol,,pulmonary_nodule,CT-EVALUATION-009,completed,0,20552,,1,CT-RATE:valid_69,True,False,False
evaluation,CT,B,second-reader,gpt-6.1-sol,,pulmonary_nodule,CT-EVALUATION-010,input_insufficient,,17521,,1,CT-RATE:valid_243,False,,False
evaluation,CT,B,second-reader,gpt-6.1-sol,,consolidation,CT-EVALUATION-003,completed,0,22684,,0,CT-RATE:valid_1094,True,True,True
evaluation,CT,B,second-reader,gpt-6.1-sol,,consolidation,CT-EVALUATION-005,completed,0,22975,,0,CT-RATE:valid_523,True,True,True
evaluation,CT,B,second-reader,gpt-6.1-sol,,emphysema,CT-EVALUATION-002,completed,1,16964,,1,CT-RATE:valid_174,True,True,True
evaluation,CT,B,self-review,gpt-6-astra,,pleural_effusion,CT-EVALUATION-001,completed,0,14120,,0,CT-RATE:valid_992,True,True,True
evaluation,CT,B,self-review,gpt-6-astra,,pleural_effusion,CT-EVALUATION-003,completed,0,14630,,0,CT-RATE:valid_1094,True,True,True
evaluation,CT,B,self-review,gpt-6-astra,,pulmonary_nodule,CT-EVALUATION-003,input_insufficient,,14630,,1,CT-RATE:valid_1094,False,,False
evaluation,CT,B,self-review,gpt-6-astra,,consolidation,CT-EVALUATION-003,completed,0,14630,,0,CT-RATE:valid_1094,True,True,True
evaluation,CT,B,self-review,gpt-6-astra,,emphysema,CT-EVALUATION-002,completed,1,21089,,1,CT-RATE:valid_174,True,True,True
evaluation,CT,B,self-review,gpt-6-luna,,pleural_effusion,CT-EVALUATION-001,completed,0,14480,,0,CT-RATE:valid_992,True,True,True
evaluation,CT,B,self-review,gpt-6-luna,,pleural_effusion,CT-EVALUATION-003,completed,0,12179,,0,CT-RATE:valid_1094,True,True,True
evaluation,CT,B,self-review,gpt-6-luna,,pulmonary_nodule,CT-EVALUATION-003,input_insufficient,,12179,,1,CT-RATE:valid_1094,False,,False
evaluation,CT,B,self-review,gpt-6-luna,,consolidation,CT-EVALUATION-003,completed,0,12179,,0,CT-RATE:valid_1094,True,True,True
evaluation,CT,B,self-review,gpt-6-luna,,emphysema,CT-EVALUATION-002,completed,0,20705,,1,CT-RATE:valid_174,True,False,False
evaluation,CT,B,self-review,gpt-6.1-sol,,pleural_effusion,CT-EVALUATION-001,completed,0,17414,,0,CT-RATE:valid_992,True,True,True
evaluation,CT,B,self-review,gpt-6.1-sol,,pleural_effusion,CT-EVALUATION-003,completed,0,19121,,0,CT-RATE:valid_1094,True,True,True
evaluation,CT,B,self-review,gpt-6.1-sol,,pulmonary_nodule,CT-EVALUATION-003,abstained,,19121,,1,CT-RATE:valid_1094,False,,False
evaluation,CT,B,self-review,gpt-6.1-sol,,consolidation,CT-EVALUATION-003,completed,0,19121,,0,CT-RATE:valid_1094,True,True,True
evaluation,CT,B,self-review,gpt-6.1-sol,,emphysema,CT-EVALUATION-002,completed,1,17222,,1,CT-RATE:valid_174,True,True,True
evaluation,CXR,A,primary,gpt-6-astra,,pleural_effusion,CXR-EVALUATION-001,completed,1,59455,,1,OpenI:CXR3148,True,True,True
evaluation,CXR,A,primary,gpt-6-astra,,pleural_effusion,CXR-EVALUATION-002,abstained,,60424,,1,OpenI:CXR353,False,,False
evaluation,CXR,A,primary,gpt-6-astra,,pleural_effusion,CXR-EVALUATION-003,completed,1,57769,,1,OpenI:CXR650,True,True,True
evaluation,CXR,A,primary,gpt-6-astra,,pleural_effusion,CXR-EVALUATION-021,completed,0,72358,,0,OpenI:CXR3941,True,True,True
evaluation,CXR,A,primary,gpt-6-astra,,pleural_effusion,CXR-EVALUATION-022,completed,0,67179,,0,OpenI:CXR1801,True,True,True
evaluation,CXR,A,primary,gpt-6-astra,,pleural_effusion,CXR-EVALUATION-031,completed,0,65261,,0,OpenI:CXR3565,True,True,True
evaluation,CXR,A,primary,gpt-6-astra,,pleural_effusion,CXR-EVALUATION-041,completed,0,64954,,0,OpenI:CXR1531,True,True,True
evaluation,CXR,A,primary,gpt-6-astra,,pleural_effusion,CXR-EVALUATION-042,completed,0,43749,,0,OpenI:CXR336,True,True,True
evaluation,CXR,A,primary,gpt-6-astra,,pleural_effusion,CXR-EVALUATION-043,completed,0,69034,,0,OpenI:CXR2541,True,True,True
evaluation,CXR,A,primary,gpt-6-astra,,pleural_effusion,CXR-EVALUATION-044,completed,0,44921,,0,OpenI:CXR225,True,True,True
evaluation,CXR,A,primary,gpt-6-astra,,pleural_effusion,CXR-EVALUATION-045,completed,0,72163,,0,OpenI:CXR2333,True,True,True
evaluation,CXR,A,primary,gpt-6-astra,,pleural_effusion,CXR-EVALUATION-046,completed,0,65379,,0,OpenI:CXR2291,True,True,True
evaluation,CXR,A,primary,gpt-6-astra,,pleural_effusion,CXR-EVALUATION-047,completed,0,40461,,0,OpenI:CXR367,True,True,True
evaluation,CXR,A,primary,gpt-6-astra,,pleural_effusion,CXR-EVALUATION-048,completed,0,68311,,0,OpenI:CXR2131,True,True,True
evaluation,CXR,A,primary,gpt-6-astra,,pleural_effusion,CXR-EVALUATION-049,completed,0,77335,,0,OpenI:CXR3139,True,True,True
evaluation,CXR,A,primary,gpt-6-astra,,pleural_effusion,CXR-EVALUATION-050,completed,0,43041,,0,OpenI:CXR250,True,True,True
evaluation,CXR,A,primary,gpt-6-astra,,pneumothorax,CXR-EVALUATION-002,completed,0,60424,,0,OpenI:CXR353,True,True,True
evaluation,CXR,A,primary,gpt-6-astra,,pneumothorax,CXR-EVALUATION-003,completed,0,57769,,0,OpenI:CXR650,True,True,True
evaluation,CXR,A,primary,gpt-6-astra,,pneumothorax,CXR-EVALUATION-011,completed,0,62558,,1,OpenI:CXR465,True,False,False
evaluation,CXR,A,primary,gpt-6-astra,,pneumothorax,CXR-EVALUATION-012,completed,1,78619,,1,OpenI:CXR91,True,True,True
evaluation,CXR,A,primary,gpt-6-astra,,pneumothorax,CXR-EVALUATION-013,completed,0,77465,,1,OpenI:CXR2827,True,False,False
evaluation,CXR,A,primary,gpt-6-astra,,pneumothorax,CXR-EVALUATION-021,completed,0,72358,,0,OpenI:CXR3941,True,True,True
evaluation,CXR,A,primary,gpt-6-astra,,pneumothorax,CXR-EVALUATION-022,completed,0,67179,,0,OpenI:CXR1801,True,True,True
evaluation,CXR,A,primary,gpt-6-astra,,pneumothorax,CXR-EVALUATION-031,completed,0,65261,,0,OpenI:CXR3565,True,True,True
evaluation,CXR,A,primary,gpt-6-astra,,pneumothorax,CXR-EVALUATION-041,completed,0,64954,,0,OpenI:CXR1531,True,True,True
evaluation,CXR,A,primary,gpt-6-astra,,pneumothorax,CXR-EVALUATION-042,completed,0,43749,,0,OpenI:CXR336,True,True,True
evaluation,CXR,A,primary,gpt-6-astra,,pneumothorax,CXR-EVALUATION-043,completed,0,69034,,0,OpenI:CXR2541,True,True,True
evaluation,CXR,A,primary,gpt-6-astra,,pneumothorax,CXR-EVALUATION-044,completed,0,44921,,0,OpenI:CXR225,True,True,True
evaluation,CXR,A,primary,gpt-6-astra,,pneumothorax,CXR-EVALUATION-045,input_insufficient,,72163,,0,OpenI:CXR2333,False,,False
evaluation,CXR,A,primary,gpt-6-astra,,pneumothorax,CXR-EVALUATION-046,completed,0,65379,,0,OpenI:CXR2291,True,True,True
evaluation,CXR,A,primary,gpt-6-astra,,pneumothorax,CXR-EVALUATION-047,completed,0,40461,,0,OpenI:CXR367,True,True,True
evaluation,CXR,A,primary,gpt-6-astra,,pneumothorax,CXR-EVALUATION-048,completed,0,68311,,0,OpenI:CXR2131,True,True,True
evaluation,CXR,A,primary,gpt-6-astra,,pneumothorax,CXR-EVALUATION-049,completed,0,77335,,0,OpenI:CXR3139,True,True,True
evaluation,CXR,A,primary,gpt-6-astra,,pneumothorax,CXR-EVALUATION-050,completed,0,43041,,0,OpenI:CXR250,True,True,True
evaluation,CXR,A,primary,gpt-6-astra,,cardiomegaly,CXR-EVALUATION-001,completed,0,59455,,1,OpenI:CXR3148,True,False,False
evaluation,CXR,A,primary,gpt-6-astra,,cardiomegaly,CXR-EVALUATION-003,completed,1,57769,,1,OpenI:CXR650,True,True,True
evaluation,CXR,A,primary,gpt-6-astra,,cardiomegaly,CXR-EVALUATION-012,completed,0,78619,,0,OpenI:CXR91,True,True,True
evaluation,CXR,A,primary,gpt-6-astra,,cardiomegaly,CXR-EVALUATION-013,completed,0,77465,,0,OpenI:CXR2827,True,True,True
evaluation,CXR,A,primary,gpt-6-astra,,cardiomegaly,CXR-EVALUATION-021,completed,0,72358,,1,OpenI:CXR3941,True,False,False
evaluation,CXR,A,primary,gpt-6-astra,,cardiomegaly,CXR-EVALUATION-022,completed,0,67179,,1,OpenI:CXR1801,True,False,False
evaluation,CXR,A,primary,gpt-6-astra,,cardiomegaly,CXR-EVALUATION-041,completed,0,64954,,0,OpenI:CXR1531,True,True,True
evaluation,CXR,A,primary,gpt-6-astra,,cardiomegaly,CXR-EVALUATION-042,completed,0,43749,,0,OpenI:CXR336,True,True,True
evaluation,CXR,A,primary,gpt-6-astra,,cardiomegaly,CXR-EVALUATION-043,completed,0,69034,,0,OpenI:CXR2541,True,True,True
evaluation,CXR,A,primary,gpt-6-astra,,cardiomegaly,CXR-EVALUATION-044,completed,0,44921,,0,OpenI:CXR225,True,True,True
evaluation,CXR,A,primary,gpt-6-astra,,cardiomegaly,CXR-EVALUATION-045,input_insufficient,,72163,,0,OpenI:CXR2333,False,,False
evaluation,CXR,A,primary,gpt-6-astra,,cardiomegaly,CXR-EVALUATION-046,completed,0,65379,,0,OpenI:CXR2291,True,True,True
evaluation,CXR,A,primary,gpt-6-astra,,cardiomegaly,CXR-EVALUATION-047,completed,0,40461,,0,OpenI:CXR367,True,True,True
evaluation,CXR,A,primary,gpt-6-astra,,cardiomegaly,CXR-EVALUATION-048,completed,0,68311,,0,OpenI:CXR2131,True,True,True
evaluation,CXR,A,primary,gpt-6-astra,,cardiomegaly,CXR-EVALUATION-049,completed,0,77335,,0,OpenI:CXR3139,True,True,True
evaluation,CXR,A,primary,gpt-6-astra,,cardiomegaly,CXR-EVALUATION-050,completed,0,43041,,0,OpenI:CXR250,True,True,True
evaluation,CXR,A,primary,gpt-6-astra,,focal_consolidation,CXR-EVALUATION-001,completed,0,59455,,0,OpenI:CXR3148,True,True,True
evaluation,CXR,A,primary,gpt-6-astra,,focal_consolidation,CXR-EVALUATION-021,completed,0,72358,,0,OpenI:CXR3941,True,True,True
evaluation,CXR,A,primary,gpt-6-astra,,focal_consolidation,CXR-EVALUATION-022,completed,0,67179,,0,OpenI:CXR1801,True,True,True
evaluation,CXR,A,primary,gpt-6-astra,,focal_consolidation,CXR-EVALUATION-031,completed,1,65261,,1,OpenI:CXR3565,True,True,True
evaluation,CXR,A,primary,gpt-6-astra,,focal_consolidation,CXR-EVALUATION-032,completed,0,70089,,1,OpenI:CXR1501,True,False,False
evaluation,CXR,A,primary,gpt-6-astra,,focal_consolidation,CXR-EVALUATION-041,completed,0,64954,,0,OpenI:CXR1531,True,True,True
evaluation,CXR,A,primary,gpt-6-astra,,focal_consolidation,CXR-EVALUATION-042,completed,0,43749,,0,OpenI:CXR336,True,True,True
evaluation,CXR,A,primary,gpt-6-astra,,focal_consolidation,CXR-EVALUATION-043,completed,0,69034,,0,OpenI:CXR2541,True,True,True
evaluation,CXR,A,primary,gpt-6-astra,,focal_consolidation,CXR-EVALUATION-044,completed,0,44921,,0,OpenI:CXR225,True,True,True
evaluation,CXR,A,primary,gpt-6-astra,,focal_consolidation,CXR-EVALUATION-045,completed,0,72163,,0,OpenI:CXR2333,True,True,True
evaluation,CXR,A,primary,gpt-6-astra,,focal_consolidation,CXR-EVALUATION-046,completed,0,65379,,0,OpenI:CXR2291,True,True,True
evaluation,CXR,A,primary,gpt-6-astra,,focal_consolidation,CXR-EVALUATION-047,completed,0,40461,,0,OpenI:CXR367,True,True,True
evaluation,CXR,A,primary,gpt-6-astra,,focal_consolidation,CXR-EVALUATION-048,completed,0,68311,,0,OpenI:CXR2131,True,True,True
evaluation,CXR,A,primary,gpt-6-astra,,focal_consolidation,CXR-EVALUATION-049,completed,0,77335,,0,OpenI:CXR3139,True,True,True
evaluation,CXR,A,primary,gpt-6-astra,,focal_consolidation,CXR-EVALUATION-050,completed,0,43041,,0,OpenI:CXR250,True,True,True
evaluation,CXR,A,primary,gpt-6-luna,,pleural_effusion,CXR-EVALUATION-001,abstained,,38856,,1,OpenI:CXR3148,False,,False
evaluation,CXR,A,primary,gpt-6-luna,,pleural_effusion,CXR-EVALUATION-002,completed,1,33018,,1,OpenI:CXR353,True,True,True
evaluation,CXR,A,primary,gpt-6-luna,,pleural_effusion,CXR-EVALUATION-003,completed,0,48152,,1,OpenI:CXR650,True,False,False
evaluation,CXR,A,primary,gpt-6-luna,,pleural_effusion,CXR-EVALUATION-021,completed,0,26598,,0,OpenI:CXR3941,True,True,True
evaluation,CXR,A,primary,gpt-6-luna,,pleural_effusion,CXR-EVALUATION-022,completed,0,28631,,0,OpenI:CXR1801,True,True,True
evaluation,CXR,A,primary,gpt-6-luna,,pleural_effusion,CXR-EVALUATION-031,completed,0,41532,,0,OpenI:CXR3565,True,True,True
evaluation,CXR,A,primary,gpt-6-luna,,pleural_effusion,CXR-EVALUATION-041,completed,0,25284,,0,OpenI:CXR1531,True,True,True
evaluation,CXR,A,primary,gpt-6-luna,,pleural_effusion,CXR-EVALUATION-042,completed,0,42936,,0,OpenI:CXR336,True,True,True
evaluation,CXR,A,primary,gpt-6-luna,,pleural_effusion,CXR-EVALUATION-043,completed,0,39351,,0,OpenI:CXR2541,True,True,True
evaluation,CXR,A,primary,gpt-6-luna,,pleural_effusion,CXR-EVALUATION-044,completed,0,32837,,0,OpenI:CXR225,True,True,True
evaluation,CXR,A,primary,gpt-6-luna,,pleural_effusion,CXR-EVALUATION-045,completed,0,28900,,0,OpenI:CXR2333,True,True,True
evaluation,CXR,A,primary,gpt-6-luna,,pleural_effusion,CXR-EVALUATION-046,completed,0,41631,,0,OpenI:CXR2291,True,True,True
evaluation,CXR,A,primary,gpt-6-luna,,pleural_effusion,CXR-EVALUATION-047,completed,0,34953,,0,OpenI:CXR367,True,True,True
evaluation,CXR,A,primary,gpt-6-luna,,pleural_effusion,CXR-EVALUATION-048,completed,0,45928,,0,OpenI:CXR2131,True,True,True
evaluation,CXR,A,primary,gpt-6-luna,,pleural_effusion,CXR-EVALUATION-049,completed,0,25264,,0,OpenI:CXR3139,True,True,True
evaluation,CXR,A,primary,gpt-6-luna,,pleural_effusion,CXR-EVALUATION-050,completed,0,33530,,0,OpenI:CXR250,True,True,True
evaluation,CXR,A,primary,gpt-6-luna,,pneumothorax,CXR-EVALUATION-002,completed,0,33018,,0,OpenI:CXR353,True,True,True
evaluation,CXR,A,primary,gpt-6-luna,,pneumothorax,CXR-EVALUATION-003,completed,0,48152,,0,OpenI:CXR650,True,True,True
evaluation,CXR,A,primary,gpt-6-luna,,pneumothorax,CXR-EVALUATION-011,completed,0,34424,,1,OpenI:CXR465,True,False,False
evaluation,CXR,A,primary,gpt-6-luna,,pneumothorax,CXR-EVALUATION-012,completed,0,23891,,1,OpenI:CXR91,True,False,False
evaluation,CXR,A,primary,gpt-6-luna,,pneumothorax,CXR-EVALUATION-013,completed,0,30273,,1,OpenI:CXR2827,True,False,False
evaluation,CXR,A,primary,gpt-6-luna,,pneumothorax,CXR-EVALUATION-021,completed,0,26598,,0,OpenI:CXR3941,True,True,True
evaluation,CXR,A,primary,gpt-6-luna,,pneumothorax,CXR-EVALUATION-022,completed,0,28631,,0,OpenI:CXR1801,True,True,True
evaluation,CXR,A,primary,gpt-6-luna,,pneumothorax,CXR-EVALUATION-031,completed,0,41532,,0,OpenI:CXR3565,True,True,True
evaluation,CXR,A,primary,gpt-6-luna,,pneumothorax,CXR-EVALUATION-041,completed,0,25284,,0,OpenI:CXR1531,True,True,True
evaluation,CXR,A,primary,gpt-6-luna,,pneumothorax,CXR-EVALUATION-042,completed,0,42936,,0,OpenI:CXR336,True,True,True
evaluation,CXR,A,primary,gpt-6-luna,,pneumothorax,CXR-EVALUATION-043,completed,0,39351,,0,OpenI:CXR2541,True,True,True
evaluation,CXR,A,primary,gpt-6-luna,,pneumothorax,CXR-EVALUATION-044,completed,0,32837,,0,OpenI:CXR225,True,True,True
evaluation,CXR,A,primary,gpt-6-luna,,pneumothorax,CXR-EVALUATION-045,input_insufficient,,28900,,0,OpenI:CXR2333,False,,False
evaluation,CXR,A,primary,gpt-6-luna,,pneumothorax,CXR-EVALUATION-046,completed,0,41631,,0,OpenI:CXR2291,True,True,True
evaluation,CXR,A,primary,gpt-6-luna,,pneumothorax,CXR-EVALUATION-047,completed,0,34953,,0,OpenI:CXR367,True,True,True
evaluation,CXR,A,primary,gpt-6-luna,,pneumothorax,CXR-EVALUATION-048,completed,0,45928,,0,OpenI:CXR2131,True,True,True
evaluation,CXR,A,primary,gpt-6-luna,,pneumothorax,CXR-EVALUATION-049,completed,0,25264,,0,OpenI:CXR3139,True,True,True
evaluation,CXR,A,primary,gpt-6-luna,,pneumothorax,CXR-EVALUATION-050,completed,0,33530,,0,OpenI:CXR250,True,True,True
evaluation,CXR,A,primary,gpt-6-luna,,cardiomegaly,CXR-EVALUATION-001,abstained,,38856,,1,OpenI:CXR3148,False,,False
evaluation,CXR,A,primary,gpt-6-luna,,cardiomegaly,CXR-EVALUATION-003,abstained,,48152,,1,OpenI:CXR650,False,,False
evaluation,CXR,A,primary,gpt-6-luna,,cardiomegaly,CXR-EVALUATION-012,completed,0,23891,,0,OpenI:CXR91,True,True,True
evaluation,CXR,A,primary,gpt-6-luna,,cardiomegaly,CXR-EVALUATION-013,completed,0,30273,,0,OpenI:CXR2827,True,True,True
evaluation,CXR,A,primary,gpt-6-luna,,cardiomegaly,CXR-EVALUATION-021,completed,0,26598,,1,OpenI:CXR3941,True,False,False
evaluation,CXR,A,primary,gpt-6-luna,,cardiomegaly,CXR-EVALUATION-022,abstained,,28631,,1,OpenI:CXR1801,False,,False
evaluation,CXR,A,primary,gpt-6-luna,,cardiomegaly,CXR-EVALUATION-041,completed,0,25284,,0,OpenI:CXR1531,True,True,True
evaluation,CXR,A,primary,gpt-6-luna,,cardiomegaly,CXR-EVALUATION-042,completed,0,42936,,0,OpenI:CXR336,True,True,True
evaluation,CXR,A,primary,gpt-6-luna,,cardiomegaly,CXR-EVALUATION-043,completed,0,39351,,0,OpenI:CXR2541,True,True,True
evaluation,CXR,A,primary,gpt-6-luna,,cardiomegaly,CXR-EVALUATION-044,completed,0,32837,,0,OpenI:CXR225,True,True,True
evaluation,CXR,A,primary,gpt-6-luna,,cardiomegaly,CXR-EVALUATION-045,input_insufficient,,28900,,0,OpenI:CXR2333,False,,False
evaluation,CXR,A,primary,gpt-6-luna,,cardiomegaly,CXR-EVALUATION-046,completed,0,41631,,0,OpenI:CXR2291,True,True,True
evaluation,CXR,A,primary,gpt-6-luna,,cardiomegaly,CXR-EVALUATION-047,completed,0,34953,,0,OpenI:CXR367,True,True,True
evaluation,CXR,A,primary,gpt-6-luna,,cardiomegaly,CXR-EVALUATION-048,completed,0,45928,,0,OpenI:CXR2131,True,True,True
evaluation,CXR,A,primary,gpt-6-luna,,cardiomegaly,CXR-EVALUATION-049,completed,0,25264,,0,OpenI:CXR3139,True,True,True
evaluation,CXR,A,primary,gpt-6-luna,,cardiomegaly,CXR-EVALUATION-050,completed,0,33530,,0,OpenI:CXR250,True,True,True
evaluation,CXR,A,primary,gpt-6-luna,,focal_consolidation,CXR-EVALUATION-001,completed,0,38856,,0,OpenI:CXR3148,True,True,True
evaluation,CXR,A,primary,gpt-6-luna,,focal_consolidation,CXR-EVALUATION-021,completed,0,26598,,0,OpenI:CXR3941,True,True,True
evaluation,CXR,A,primary,gpt-6-luna,,focal_consolidation,CXR-EVALUATION-022,completed,0,28631,,0,OpenI:CXR1801,True,True,True
evaluation,CXR,A,primary,gpt-6-luna,,focal_consolidation,CXR-EVALUATION-031,completed,1,41532,,1,OpenI:CXR3565,True,True,True
evaluation,CXR,A,primary,gpt-6-luna,,focal_consolidation,CXR-EVALUATION-032,completed,0,34356,,1,OpenI:CXR1501,True,False,False
evaluation,CXR,A,primary,gpt-6-luna,,focal_consolidation,CXR-EVALUATION-041,completed,0,25284,,0,OpenI:CXR1531,True,True,True
evaluation,CXR,A,primary,gpt-6-luna,,focal_consolidation,CXR-EVALUATION-042,completed,0,42936,,0,OpenI:CXR336,True,True,True
evaluation,CXR,A,primary,gpt-6-luna,,focal_consolidation,CXR-EVALUATION-043,completed,0,39351,,0,OpenI:CXR2541,True,True,True
evaluation,CXR,A,primary,gpt-6-luna,,focal_consolidation,CXR-EVALUATION-044,completed,0,32837,,0,OpenI:CXR225,True,True,True
evaluation,CXR,A,primary,gpt-6-luna,,focal_consolidation,CXR-EVALUATION-045,completed,0,28900,,0,OpenI:CXR2333,True,True,True
evaluation,CXR,A,primary,gpt-6-luna,,focal_consolidation,CXR-EVALUATION-046,completed,0,41631,,0,OpenI:CXR2291,True,True,True
evaluation,CXR,A,primary,gpt-6-luna,,focal_consolidation,CXR-EVALUATION-047,completed,0,34953,,0,OpenI:CXR367,True,True,True
evaluation,CXR,A,primary,gpt-6-luna,,focal_consolidation,CXR-EVALUATION-048,completed,0,45928,,0,OpenI:CXR2131,True,True,True
evaluation,CXR,A,primary,gpt-6-luna,,focal_consolidation,CXR-EVALUATION-049,completed,0,25264,,0,OpenI:CXR3139,True,True,True
evaluation,CXR,A,primary,gpt-6-luna,,focal_consolidation,CXR-EVALUATION-050,completed,0,33530,,0,OpenI:CXR250,True,True,True
evaluation,CXR,A,primary,gpt-6.1-sol,,pleural_effusion,CXR-EVALUATION-001,completed,1,82335,,1,OpenI:CXR3148,True,True,True
evaluation,CXR,A,primary,gpt-6.1-sol,,pleural_effusion,CXR-EVALUATION-002,abstained,,75128,,1,OpenI:CXR353,False,,False
evaluation,CXR,A,primary,gpt-6.1-sol,,pleural_effusion,CXR-EVALUATION-003,timeout,,114231,,1,OpenI:CXR650,False,,False
evaluation,CXR,A,primary,gpt-6.1-sol,,pleural_effusion,CXR-EVALUATION-021,completed,0,65396,,0,OpenI:CXR3941,True,True,True
evaluation,CXR,A,primary,gpt-6.1-sol,,pleural_effusion,CXR-EVALUATION-022,completed,0,86140,,0,OpenI:CXR1801,True,True,True
evaluation,CXR,A,primary,gpt-6.1-sol,,pleural_effusion,CXR-EVALUATION-031,completed,0,70412,,0,OpenI:CXR3565,True,True,True
evaluation,CXR,A,primary,gpt-6.1-sol,,pleural_effusion,CXR-EVALUATION-041,completed,0,46460,,0,OpenI:CXR1531,True,True,True
evaluation,CXR,A,primary,gpt-6.1-sol,,pleural_effusion,CXR-EVALUATION-042,completed,0,64455,,0,OpenI:CXR336,True,True,True
evaluation,CXR,A,primary,gpt-6.1-sol,,pleural_effusion,CXR-EVALUATION-043,completed,0,65048,,0,OpenI:CXR2541,True,True,True
evaluation,CXR,A,primary,gpt-6.1-sol,,pleural_effusion,CXR-EVALUATION-044,completed,0,60926,,0,OpenI:CXR225,True,True,True
evaluation,CXR,A,primary,gpt-6.1-sol,,pleural_effusion,CXR-EVALUATION-045,completed,0,88381,,0,OpenI:CXR2333,True,True,True
evaluation,CXR,A,primary,gpt-6.1-sol,,pleural_effusion,CXR-EVALUATION-046,completed,0,53403,,0,OpenI:CXR2291,True,True,True
evaluation,CXR,A,primary,gpt-6.1-sol,,pleural_effusion,CXR-EVALUATION-047,completed,0,67545,,0,OpenI:CXR367,True,True,True
evaluation,CXR,A,primary,gpt-6.1-sol,,pleural_effusion,CXR-EVALUATION-048,completed,0,48169,,0,OpenI:CXR2131,True,True,True
evaluation,CXR,A,primary,gpt-6.1-sol,,pleural_effusion,CXR-EVALUATION-049,completed,0,47427,,0,OpenI:CXR3139,True,True,True
evaluation,CXR,A,primary,gpt-6.1-sol,,pleural_effusion,CXR-EVALUATION-050,completed,0,65114,,0,OpenI:CXR250,True,True,True
evaluation,CXR,A,primary,gpt-6.1-sol,,pneumothorax,CXR-EVALUATION-002,completed,0,75128,,0,OpenI:CXR353,True,True,True
evaluation,CXR,A,primary,gpt-6.1-sol,,pneumothorax,CXR-EVALUATION-003,timeout,,114231,,0,OpenI:CXR650,False,,False
evaluation,CXR,A,primary,gpt-6.1-sol,,pneumothorax,CXR-EVALUATION-011,completed,0,69559,,1,OpenI:CXR465,True,False,False
evaluation,CXR,A,primary,gpt-6.1-sol,,pneumothorax,CXR-EVALUATION-012,completed,0,107457,,1,OpenI:CXR91,True,False,False
evaluation,CXR,A,primary,gpt-6.1-sol,,pneumothorax,CXR-EVALUATION-013,completed,0,98017,,1,OpenI:CXR2827,True,False,False
evaluation,CXR,A,primary,gpt-6.1-sol,,pneumothorax,CXR-EVALUATION-021,completed,0,65396,,0,OpenI:CXR3941,True,True,True
evaluation,CXR,A,primary,gpt-6.1-sol,,pneumothorax,CXR-EVALUATION-022,completed,0,86140,,0,OpenI:CXR1801,True,True,True
evaluation,CXR,A,primary,gpt-6.1-sol,,pneumothorax,CXR-EVALUATION-031,completed,0,70412,,0,OpenI:CXR3565,True,True,True
evaluation,CXR,A,primary,gpt-6.1-sol,,pneumothorax,CXR-EVALUATION-041,completed,0,46460,,0,OpenI:CXR1531,True,True,True
evaluation,CXR,A,primary,gpt-6.1-sol,,pneumothorax,CXR-EVALUATION-042,completed,0,64455,,0,OpenI:CXR336,True,True,True
evaluation,CXR,A,primary,gpt-6.1-sol,,pneumothorax,CXR-EVALUATION-043,completed,0,65048,,0,OpenI:CXR2541,True,True,True
evaluation,CXR,A,primary,gpt-6.1-sol,,pneumothorax,CXR-EVALUATION-044,completed,0,60926,,0,OpenI:CXR225,True,True,True
evaluation,CXR,A,primary,gpt-6.1-sol,,pneumothorax,CXR-EVALUATION-045,completed,0,88381,,0,OpenI:CXR2333,True,True,True
evaluation,CXR,A,primary,gpt-6.1-sol,,pneumothorax,CXR-EVALUATION-046,completed,0,53403,,0,OpenI:CXR2291,True,True,True
evaluation,CXR,A,primary,gpt-6.1-sol,,pneumothorax,CXR-EVALUATION-047,completed,0,67545,,0,OpenI:CXR367,True,True,True
evaluation,CXR,A,primary,gpt-6.1-sol,,pneumothorax,CXR-EVALUATION-048,completed,0,48169,,0,OpenI:CXR2131,True,True,True
evaluation,CXR,A,primary,gpt-6.1-sol,,pneumothorax,CXR-EVALUATION-049,completed,0,47427,,0,OpenI:CXR3139,True,True,True
evaluation,CXR,A,primary,gpt-6.1-sol,,pneumothorax,CXR-EVALUATION-050,completed,0,65114,,0,OpenI:CXR250,True,True,True
evaluation,CXR,A,primary,gpt-6.1-sol,,cardiomegaly,CXR-EVALUATION-001,completed,0,82335,,1,OpenI:CXR3148,True,False,False
evaluation,CXR,A,primary,gpt-6.1-sol,,cardiomegaly,CXR-EVALUATION-003,timeout,,114231,,1,OpenI:CXR650,False,,False
evaluation,CXR,A,primary,gpt-6.1-sol,,cardiomegaly,CXR-EVALUATION-012,completed,0,107457,,0,OpenI:CXR91,True,True,True
evaluation,CXR,A,primary,gpt-6.1-sol,,cardiomegaly,CXR-EVALUATION-013,completed,0,98017,,0,OpenI:CXR2827,True,True,True
evaluation,CXR,A,primary,gpt-6.1-sol,,cardiomegaly,CXR-EVALUATION-021,completed,0,65396,,1,OpenI:CXR3941,True,False,False
evaluation,CXR,A,primary,gpt-6.1-sol,,cardiomegaly,CXR-EVALUATION-022,completed,0,86140,,1,OpenI:CXR1801,True,False,False
evaluation,CXR,A,primary,gpt-6.1-sol,,cardiomegaly,CXR-EVALUATION-041,completed,0,46460,,0,OpenI:CXR1531,True,True,True
evaluation,CXR,A,primary,gpt-6.1-sol,,cardiomegaly,CXR-EVALUATION-042,completed,0,64455,,0,OpenI:CXR336,True,True,True
evaluation,CXR,A,primary,gpt-6.1-sol,,cardiomegaly,CXR-EVALUATION-043,completed,0,65048,,0,OpenI:CXR2541,True,True,True
evaluation,CXR,A,primary,gpt-6.1-sol,,cardiomegaly,CXR-EVALUATION-044,completed,0,60926,,0,OpenI:CXR225,True,True,True
evaluation,CXR,A,primary,gpt-6.1-sol,,cardiomegaly,CXR-EVALUATION-045,input_insufficient,,88381,,0,OpenI:CXR2333,False,,False
evaluation,CXR,A,primary,gpt-6.1-sol,,cardiomegaly,CXR-EVALUATION-046,completed,0,53403,,0,OpenI:CXR2291,True,True,True
evaluation,CXR,A,primary,gpt-6.1-sol,,cardiomegaly,CXR-EVALUATION-047,completed,0,67545,,0,OpenI:CXR367,True,True,True
evaluation,CXR,A,primary,gpt-6.1-sol,,cardiomegaly,CXR-EVALUATION-048,completed,0,48169,,0,OpenI:CXR2131,True,True,True
evaluation,CXR,A,primary,gpt-6.1-sol,,cardiomegaly,CXR-EVALUATION-049,completed,0,47427,,0,OpenI:CXR3139,True,True,True
evaluation,CXR,A,primary,gpt-6.1-sol,,cardiomegaly,CXR-EVALUATION-050,completed,0,65114,,0,OpenI:CXR250,True,True,True
evaluation,CXR,A,primary,gpt-6.1-sol,,focal_consolidation,CXR-EVALUATION-001,completed,0,82335,,0,OpenI:CXR3148,True,True,True
evaluation,CXR,A,primary,gpt-6.1-sol,,focal_consolidation,CXR-EVALUATION-021,completed,0,65396,,0,OpenI:CXR3941,True,True,True
evaluation,CXR,A,primary,gpt-6.1-sol,,focal_consolidation,CXR-EVALUATION-022,completed,0,86140,,0,OpenI:CXR1801,True,True,True
evaluation,CXR,A,primary,gpt-6.1-sol,,focal_consolidation,CXR-EVALUATION-031,completed,1,70412,,1,OpenI:CXR3565,True,True,True
evaluation,CXR,A,primary,gpt-6.1-sol,,focal_consolidation,CXR-EVALUATION-032,completed,0,50722,,1,OpenI:CXR1501,True,False,False
evaluation,CXR,A,primary,gpt-6.1-sol,,focal_consolidation,CXR-EVALUATION-041,completed,0,46460,,0,OpenI:CXR1531,True,True,True
evaluation,CXR,A,primary,gpt-6.1-sol,,focal_consolidation,CXR-EVALUATION-042,completed,0,64455,,0,OpenI:CXR336,True,True,True
evaluation,CXR,A,primary,gpt-6.1-sol,,focal_consolidation,CXR-EVALUATION-043,completed,0,65048,,0,OpenI:CXR2541,True,True,True
evaluation,CXR,A,primary,gpt-6.1-sol,,focal_consolidation,CXR-EVALUATION-044,completed,0,60926,,0,OpenI:CXR225,True,True,True
evaluation,CXR,A,primary,gpt-6.1-sol,,focal_consolidation,CXR-EVALUATION-045,completed,0,88381,,0,OpenI:CXR2333,True,True,True
evaluation,CXR,A,primary,gpt-6.1-sol,,focal_consolidation,CXR-EVALUATION-046,completed,0,53403,,0,OpenI:CXR2291,True,True,True
evaluation,CXR,A,primary,gpt-6.1-sol,,focal_consolidation,CXR-EVALUATION-047,completed,0,67545,,0,OpenI:CXR367,True,True,True
evaluation,CXR,A,primary,gpt-6.1-sol,,focal_consolidation,CXR-EVALUATION-048,completed,0,48169,,0,OpenI:CXR2131,True,True,True
evaluation,CXR,A,primary,gpt-6.1-sol,,focal_consolidation,CXR-EVALUATION-049,completed,0,47427,,0,OpenI:CXR3139,True,True,True
evaluation,CXR,A,primary,gpt-6.1-sol,,focal_consolidation,CXR-EVALUATION-050,completed,0,65114,,0,OpenI:CXR250,True,True,True
evaluation,CXR,B,delegated,gpt-6-astra,,pleural_effusion,CXR-EVALUATION-001,completed,1,20747,,1,OpenI:CXR3148,True,True,True
evaluation,CXR,B,delegated,gpt-6-astra,,pleural_effusion,CXR-EVALUATION-002,completed,0,24227,,1,OpenI:CXR353,True,False,False
evaluation,CXR,B,delegated,gpt-6-astra,,pleural_effusion,CXR-EVALUATION-003,completed,1,23705,,1,OpenI:CXR650,True,True,True
evaluation,CXR,B,delegated,gpt-6-astra,,pleural_effusion,CXR-EVALUATION-021,completed,0,21700,,0,OpenI:CXR3941,True,True,True
evaluation,CXR,B,delegated,gpt-6-astra,,pleural_effusion,CXR-EVALUATION-022,completed,0,22172,,0,OpenI:CXR1801,True,True,True
evaluation,CXR,B,delegated,gpt-6-astra,,pleural_effusion,CXR-EVALUATION-031,completed,0,23829,,0,OpenI:CXR3565,True,True,True
evaluation,CXR,B,delegated,gpt-6-astra,,pleural_effusion,CXR-EVALUATION-041,completed,0,20556,,0,OpenI:CXR1531,True,True,True
evaluation,CXR,B,delegated,gpt-6-astra,,pleural_effusion,CXR-EVALUATION-042,completed,0,18366,,0,OpenI:CXR336,True,True,True
evaluation,CXR,B,delegated,gpt-6-astra,,pleural_effusion,CXR-EVALUATION-043,completed,0,25478,,0,OpenI:CXR2541,True,True,True
evaluation,CXR,B,delegated,gpt-6-astra,,pleural_effusion,CXR-EVALUATION-044,completed,0,19599,,0,OpenI:CXR225,True,True,True
evaluation,CXR,B,delegated,gpt-6-astra,,pleural_effusion,CXR-EVALUATION-045,completed,0,28725,,0,OpenI:CXR2333,True,True,True
evaluation,CXR,B,delegated,gpt-6-astra,,pleural_effusion,CXR-EVALUATION-046,completed,0,18100,,0,OpenI:CXR2291,True,True,True
evaluation,CXR,B,delegated,gpt-6-astra,,pleural_effusion,CXR-EVALUATION-047,completed,0,30962,,0,OpenI:CXR367,True,True,True
evaluation,CXR,B,delegated,gpt-6-astra,,pleural_effusion,CXR-EVALUATION-048,completed,0,18091,,0,OpenI:CXR2131,True,True,True
evaluation,CXR,B,delegated,gpt-6-astra,,pleural_effusion,CXR-EVALUATION-049,completed,0,18840,,0,OpenI:CXR3139,True,True,True
evaluation,CXR,B,delegated,gpt-6-astra,,pleural_effusion,CXR-EVALUATION-050,completed,0,19880,,0,OpenI:CXR250,True,True,True
evaluation,CXR,B,delegated,gpt-6-astra,,pneumothorax,CXR-EVALUATION-002,completed,0,24227,,0,OpenI:CXR353,True,True,True
evaluation,CXR,B,delegated,gpt-6-astra,,pneumothorax,CXR-EVALUATION-003,completed,0,23705,,0,OpenI:CXR650,True,True,True
evaluation,CXR,B,delegated,gpt-6-astra,,pneumothorax,CXR-EVALUATION-011,completed,0,23342,,1,OpenI:CXR465,True,False,False
evaluation,CXR,B,delegated,gpt-6-astra,,pneumothorax,CXR-EVALUATION-012,completed,0,18781,,1,OpenI:CXR91,True,False,False
evaluation,CXR,B,delegated,gpt-6-astra,,pneumothorax,CXR-EVALUATION-013,completed,0,27004,,1,OpenI:CXR2827,True,False,False
evaluation,CXR,B,delegated,gpt-6-astra,,pneumothorax,CXR-EVALUATION-021,completed,0,21700,,0,OpenI:CXR3941,True,True,True
evaluation,CXR,B,delegated,gpt-6-astra,,pneumothorax,CXR-EVALUATION-022,completed,0,22172,,0,OpenI:CXR1801,True,True,True
evaluation,CXR,B,delegated,gpt-6-astra,,pneumothorax,CXR-EVALUATION-031,completed,0,23829,,0,OpenI:CXR3565,True,True,True
evaluation,CXR,B,delegated,gpt-6-astra,,pneumothorax,CXR-EVALUATION-041,completed,0,20556,,0,OpenI:CXR1531,True,True,True
evaluation,CXR,B,delegated,gpt-6-astra,,pneumothorax,CXR-EVALUATION-042,completed,0,18366,,0,OpenI:CXR336,True,True,True
evaluation,CXR,B,delegated,gpt-6-astra,,pneumothorax,CXR-EVALUATION-043,completed,0,25478,,0,OpenI:CXR2541,True,True,True
evaluation,CXR,B,delegated,gpt-6-astra,,pneumothorax,CXR-EVALUATION-044,completed,0,19599,,0,OpenI:CXR225,True,True,True
evaluation,CXR,B,delegated,gpt-6-astra,,pneumothorax,CXR-EVALUATION-045,completed,0,28725,,0,OpenI:CXR2333,True,True,True
evaluation,CXR,B,delegated,gpt-6-astra,,pneumothorax,CXR-EVALUATION-046,completed,0,18100,,0,OpenI:CXR2291,True,True,True
evaluation,CXR,B,delegated,gpt-6-astra,,pneumothorax,CXR-EVALUATION-047,completed,0,30962,,0,OpenI:CXR367,True,True,True
evaluation,CXR,B,delegated,gpt-6-astra,,pneumothorax,CXR-EVALUATION-048,completed,0,18091,,0,OpenI:CXR2131,True,True,True
evaluation,CXR,B,delegated,gpt-6-astra,,pneumothorax,CXR-EVALUATION-049,completed,0,18840,,0,OpenI:CXR3139,True,True,True
evaluation,CXR,B,delegated,gpt-6-astra,,pneumothorax,CXR-EVALUATION-050,completed,0,19880,,0,OpenI:CXR250,True,True,True
evaluation,CXR,B,delegated,gpt-6-astra,,cardiomegaly,CXR-EVALUATION-001,completed,0,20747,,1,OpenI:CXR3148,True,False,False
evaluation,CXR,B,delegated,gpt-6-astra,,cardiomegaly,CXR-EVALUATION-003,completed,1,23705,,1,OpenI:CXR650,True,True,True
evaluation,CXR,B,delegated,gpt-6-astra,,cardiomegaly,CXR-EVALUATION-012,completed,0,18781,,0,OpenI:CXR91,True,True,True
evaluation,CXR,B,delegated,gpt-6-astra,,cardiomegaly,CXR-EVALUATION-013,completed,0,27004,,0,OpenI:CXR2827,True,True,True
evaluation,CXR,B,delegated,gpt-6-astra,,cardiomegaly,CXR-EVALUATION-021,completed,0,21700,,1,OpenI:CXR3941,True,False,False
evaluation,CXR,B,delegated,gpt-6-astra,,cardiomegaly,CXR-EVALUATION-022,completed,0,22172,,1,OpenI:CXR1801,True,False,False
evaluation,CXR,B,delegated,gpt-6-astra,,cardiomegaly,CXR-EVALUATION-041,completed,0,20556,,0,OpenI:CXR1531,True,True,True
evaluation,CXR,B,delegated,gpt-6-astra,,cardiomegaly,CXR-EVALUATION-042,completed,0,18366,,0,OpenI:CXR336,True,True,True
evaluation,CXR,B,delegated,gpt-6-astra,,cardiomegaly,CXR-EVALUATION-043,completed,0,25478,,0,OpenI:CXR2541,True,True,True
evaluation,CXR,B,delegated,gpt-6-astra,,cardiomegaly,CXR-EVALUATION-044,completed,0,19599,,0,OpenI:CXR225,True,True,True
evaluation,CXR,B,delegated,gpt-6-astra,,cardiomegaly,CXR-EVALUATION-045,input_insufficient,,28725,,0,OpenI:CXR2333,False,,False
evaluation,CXR,B,delegated,gpt-6-astra,,cardiomegaly,CXR-EVALUATION-046,completed,0,18100,,0,OpenI:CXR2291,True,True,True
evaluation,CXR,B,delegated,gpt-6-astra,,cardiomegaly,CXR-EVALUATION-047,completed,0,30962,,0,OpenI:CXR367,True,True,True
evaluation,CXR,B,delegated,gpt-6-astra,,cardiomegaly,CXR-EVALUATION-048,completed,0,18091,,0,OpenI:CXR2131,True,True,True
evaluation,CXR,B,delegated,gpt-6-astra,,cardiomegaly,CXR-EVALUATION-049,completed,0,18840,,0,OpenI:CXR3139,True,True,True
evaluation,CXR,B,delegated,gpt-6-astra,,cardiomegaly,CXR-EVALUATION-050,completed,0,19880,,0,OpenI:CXR250,True,True,True
evaluation,CXR,B,delegated,gpt-6-astra,,focal_consolidation,CXR-EVALUATION-001,completed,0,20747,,0,OpenI:CXR3148,True,True,True
evaluation,CXR,B,delegated,gpt-6-astra,,focal_consolidation,CXR-EVALUATION-021,completed,0,21700,,0,OpenI:CXR3941,True,True,True
evaluation,CXR,B,delegated,gpt-6-astra,,focal_consolidation,CXR-EVALUATION-022,completed,0,22172,,0,OpenI:CXR1801,True,True,True
evaluation,CXR,B,delegated,gpt-6-astra,,focal_consolidation,CXR-EVALUATION-031,completed,1,23829,,1,OpenI:CXR3565,True,True,True
evaluation,CXR,B,delegated,gpt-6-astra,,focal_consolidation,CXR-EVALUATION-032,completed,0,22988,,1,OpenI:CXR1501,True,False,False
evaluation,CXR,B,delegated,gpt-6-astra,,focal_consolidation,CXR-EVALUATION-041,completed,0,20556,,0,OpenI:CXR1531,True,True,True
evaluation,CXR,B,delegated,gpt-6-astra,,focal_consolidation,CXR-EVALUATION-042,completed,0,18366,,0,OpenI:CXR336,True,True,True
evaluation,CXR,B,delegated,gpt-6-astra,,focal_consolidation,CXR-EVALUATION-043,completed,0,25478,,0,OpenI:CXR2541,True,True,True
evaluation,CXR,B,delegated,gpt-6-astra,,focal_consolidation,CXR-EVALUATION-044,completed,0,19599,,0,OpenI:CXR225,True,True,True
evaluation,CXR,B,delegated,gpt-6-astra,,focal_consolidation,CXR-EVALUATION-045,completed,0,28725,,0,OpenI:CXR2333,True,True,True
evaluation,CXR,B,delegated,gpt-6-astra,,focal_consolidation,CXR-EVALUATION-046,completed,0,18100,,0,OpenI:CXR2291,True,True,True
evaluation,CXR,B,delegated,gpt-6-astra,,focal_consolidation,CXR-EVALUATION-047,completed,0,30962,,0,OpenI:CXR367,True,True,True
evaluation,CXR,B,delegated,gpt-6-astra,,focal_consolidation,CXR-EVALUATION-048,completed,0,18091,,0,OpenI:CXR2131,True,True,True
evaluation,CXR,B,delegated,gpt-6-astra,,focal_consolidation,CXR-EVALUATION-049,completed,0,18840,,0,OpenI:CXR3139,True,True,True
evaluation,CXR,B,delegated,gpt-6-astra,,focal_consolidation,CXR-EVALUATION-050,completed,0,19880,,0,OpenI:CXR250,True,True,True
evaluation,CXR,B,delegated,gpt-6-luna,,pleural_effusion,CXR-EVALUATION-001,completed,0,11481,,1,OpenI:CXR3148,True,False,False
evaluation,CXR,B,delegated,gpt-6-luna,,pleural_effusion,CXR-EVALUATION-002,completed,0,14741,,1,OpenI:CXR353,True,False,False
evaluation,CXR,B,delegated,gpt-6-luna,,pleural_effusion,CXR-EVALUATION-003,completed,1,19322,,1,OpenI:CXR650,True,True,True
evaluation,CXR,B,delegated,gpt-6-luna,,pleural_effusion,CXR-EVALUATION-021,completed,0,14383,,0,OpenI:CXR3941,True,True,True
evaluation,CXR,B,delegated,gpt-6-luna,,pleural_effusion,CXR-EVALUATION-022,completed,0,13880,,0,OpenI:CXR1801,True,True,True
evaluation,CXR,B,delegated,gpt-6-luna,,pleural_effusion,CXR-EVALUATION-031,completed,0,14426,,0,OpenI:CXR3565,True,True,True
evaluation,CXR,B,delegated,gpt-6-luna,,pleural_effusion,CXR-EVALUATION-041,completed,0,16836,,0,OpenI:CXR1531,True,True,True
evaluation,CXR,B,delegated,gpt-6-luna,,pleural_effusion,CXR-EVALUATION-042,completed,0,12848,,0,OpenI:CXR336,True,True,True
evaluation,CXR,B,delegated,gpt-6-luna,,pleural_effusion,CXR-EVALUATION-043,completed,0,15910,,0,OpenI:CXR2541,True,True,True
evaluation,CXR,B,delegated,gpt-6-luna,,pleural_effusion,CXR-EVALUATION-044,completed,0,15754,,0,OpenI:CXR225,True,True,True
evaluation,CXR,B,delegated,gpt-6-luna,,pleural_effusion,CXR-EVALUATION-045,completed,0,15314,,0,OpenI:CXR2333,True,True,True
evaluation,CXR,B,delegated,gpt-6-luna,,pleural_effusion,CXR-EVALUATION-046,completed,0,12712,,0,OpenI:CXR2291,True,True,True
evaluation,CXR,B,delegated,gpt-6-luna,,pleural_effusion,CXR-EVALUATION-047,completed,0,19395,,0,OpenI:CXR367,True,True,True
evaluation,CXR,B,delegated,gpt-6-luna,,pleural_effusion,CXR-EVALUATION-048,completed,0,14512,,0,OpenI:CXR2131,True,True,True
evaluation,CXR,B,delegated,gpt-6-luna,,pleural_effusion,CXR-EVALUATION-049,completed,0,15532,,0,OpenI:CXR3139,True,True,True
evaluation,CXR,B,delegated,gpt-6-luna,,pleural_effusion,CXR-EVALUATION-050,completed,0,14722,,0,OpenI:CXR250,True,True,True
evaluation,CXR,B,delegated,gpt-6-luna,,pneumothorax,CXR-EVALUATION-002,completed,0,14741,,0,OpenI:CXR353,True,True,True
evaluation,CXR,B,delegated,gpt-6-luna,,pneumothorax,CXR-EVALUATION-003,completed,0,19322,,0,OpenI:CXR650,True,True,True
evaluation,CXR,B,delegated,gpt-6-luna,,pneumothorax,CXR-EVALUATION-011,completed,0,16663,,1,OpenI:CXR465,True,False,False
evaluation,CXR,B,delegated,gpt-6-luna,,pneumothorax,CXR-EVALUATION-012,completed,0,14258,,1,OpenI:CXR91,True,False,False
evaluation,CXR,B,delegated,gpt-6-luna,,pneumothorax,CXR-EVALUATION-013,completed,0,18747,,1,OpenI:CXR2827,True,False,False
evaluation,CXR,B,delegated,gpt-6-luna,,pneumothorax,CXR-EVALUATION-021,completed,0,14383,,0,OpenI:CXR3941,True,True,True
evaluation,CXR,B,delegated,gpt-6-luna,,pneumothorax,CXR-EVALUATION-022,completed,0,13880,,0,OpenI:CXR1801,True,True,True
evaluation,CXR,B,delegated,gpt-6-luna,,pneumothorax,CXR-EVALUATION-031,completed,0,14426,,0,OpenI:CXR3565,True,True,True
evaluation,CXR,B,delegated,gpt-6-luna,,pneumothorax,CXR-EVALUATION-041,completed,0,16836,,0,OpenI:CXR1531,True,True,True
evaluation,CXR,B,delegated,gpt-6-luna,,pneumothorax,CXR-EVALUATION-042,completed,0,12848,,0,OpenI:CXR336,True,True,True
evaluation,CXR,B,delegated,gpt-6-luna,,pneumothorax,CXR-EVALUATION-043,completed,0,15910,,0,OpenI:CXR2541,True,True,True
evaluation,CXR,B,delegated,gpt-6-luna,,pneumothorax,CXR-EVALUATION-044,completed,0,15754,,0,OpenI:CXR225,True,True,True
evaluation,CXR,B,delegated,gpt-6-luna,,pneumothorax,CXR-EVALUATION-045,completed,0,15314,,0,OpenI:CXR2333,True,True,True
evaluation,CXR,B,delegated,gpt-6-luna,,pneumothorax,CXR-EVALUATION-046,completed,0,12712,,0,OpenI:CXR2291,True,True,True
evaluation,CXR,B,delegated,gpt-6-luna,,pneumothorax,CXR-EVALUATION-047,completed,0,19395,,0,OpenI:CXR367,True,True,True
evaluation,CXR,B,delegated,gpt-6-luna,,pneumothorax,CXR-EVALUATION-048,completed,0,14512,,0,OpenI:CXR2131,True,True,True
evaluation,CXR,B,delegated,gpt-6-luna,,pneumothorax,CXR-EVALUATION-049,completed,0,15532,,0,OpenI:CXR3139,True,True,True
evaluation,CXR,B,delegated,gpt-6-luna,,pneumothorax,CXR-EVALUATION-050,completed,0,14722,,0,OpenI:CXR250,True,True,True
evaluation,CXR,B,delegated,gpt-6-luna,,cardiomegaly,CXR-EVALUATION-001,completed,0,11481,,1,OpenI:CXR3148,True,False,False
evaluation,CXR,B,delegated,gpt-6-luna,,cardiomegaly,CXR-EVALUATION-003,abstained,,19322,,1,OpenI:CXR650,False,,False
evaluation,CXR,B,delegated,gpt-6-luna,,cardiomegaly,CXR-EVALUATION-012,completed,0,14258,,0,OpenI:CXR91,True,True,True
evaluation,CXR,B,delegated,gpt-6-luna,,cardiomegaly,CXR-EVALUATION-013,completed,0,18747,,0,OpenI:CXR2827,True,True,True
evaluation,CXR,B,delegated,gpt-6-luna,,cardiomegaly,CXR-EVALUATION-021,abstained,,14383,,1,OpenI:CXR3941,False,,False
evaluation,CXR,B,delegated,gpt-6-luna,,cardiomegaly,CXR-EVALUATION-022,completed,1,13880,,1,OpenI:CXR1801,True,True,True
evaluation,CXR,B,delegated,gpt-6-luna,,cardiomegaly,CXR-EVALUATION-041,completed,0,16836,,0,OpenI:CXR1531,True,True,True
evaluation,CXR,B,delegated,gpt-6-luna,,cardiomegaly,CXR-EVALUATION-042,completed,0,12848,,0,OpenI:CXR336,True,True,True
evaluation,CXR,B,delegated,gpt-6-luna,,cardiomegaly,CXR-EVALUATION-043,completed,0,15910,,0,OpenI:CXR2541,True,True,True
evaluation,CXR,B,delegated,gpt-6-luna,,cardiomegaly,CXR-EVALUATION-044,completed,0,15754,,0,OpenI:CXR225,True,True,True
evaluation,CXR,B,delegated,gpt-6-luna,,cardiomegaly,CXR-EVALUATION-045,input_insufficient,,15314,,0,OpenI:CXR2333,False,,False
evaluation,CXR,B,delegated,gpt-6-luna,,cardiomegaly,CXR-EVALUATION-046,completed,0,12712,,0,OpenI:CXR2291,True,True,True
evaluation,CXR,B,delegated,gpt-6-luna,,cardiomegaly,CXR-EVALUATION-047,completed,0,19395,,0,OpenI:CXR367,True,True,True
evaluation,CXR,B,delegated,gpt-6-luna,,cardiomegaly,CXR-EVALUATION-048,completed,0,14512,,0,OpenI:CXR2131,True,True,True
evaluation,CXR,B,delegated,gpt-6-luna,,cardiomegaly,CXR-EVALUATION-049,completed,0,15532,,0,OpenI:CXR3139,True,True,True
evaluation,CXR,B,delegated,gpt-6-luna,,cardiomegaly,CXR-EVALUATION-050,completed,0,14722,,0,OpenI:CXR250,True,True,True
evaluation,CXR,B,delegated,gpt-6-luna,,focal_consolidation,CXR-EVALUATION-001,completed,0,11481,,0,OpenI:CXR3148,True,True,True
evaluation,CXR,B,delegated,gpt-6-luna,,focal_consolidation,CXR-EVALUATION-021,completed,0,14383,,0,OpenI:CXR3941,True,True,True
evaluation,CXR,B,delegated,gpt-6-luna,,focal_consolidation,CXR-EVALUATION-022,completed,0,13880,,0,OpenI:CXR1801,True,True,True
evaluation,CXR,B,delegated,gpt-6-luna,,focal_consolidation,CXR-EVALUATION-031,abstained,,14426,,1,OpenI:CXR3565,False,,False
evaluation,CXR,B,delegated,gpt-6-luna,,focal_consolidation,CXR-EVALUATION-032,abstained,,15163,,1,OpenI:CXR1501,False,,False
evaluation,CXR,B,delegated,gpt-6-luna,,focal_consolidation,CXR-EVALUATION-041,completed,0,16836,,0,OpenI:CXR1531,True,True,True
evaluation,CXR,B,delegated,gpt-6-luna,,focal_consolidation,CXR-EVALUATION-042,completed,0,12848,,0,OpenI:CXR336,True,True,True
evaluation,CXR,B,delegated,gpt-6-luna,,focal_consolidation,CXR-EVALUATION-043,completed,0,15910,,0,OpenI:CXR2541,True,True,True
evaluation,CXR,B,delegated,gpt-6-luna,,focal_consolidation,CXR-EVALUATION-044,completed,0,15754,,0,OpenI:CXR225,True,True,True
evaluation,CXR,B,delegated,gpt-6-luna,,focal_consolidation,CXR-EVALUATION-045,completed,0,15314,,0,OpenI:CXR2333,True,True,True
evaluation,CXR,B,delegated,gpt-6-luna,,focal_consolidation,CXR-EVALUATION-046,completed,0,12712,,0,OpenI:CXR2291,True,True,True
evaluation,CXR,B,delegated,gpt-6-luna,,focal_consolidation,CXR-EVALUATION-047,completed,0,19395,,0,OpenI:CXR367,True,True,True
evaluation,CXR,B,delegated,gpt-6-luna,,focal_consolidation,CXR-EVALUATION-048,completed,0,14512,,0,OpenI:CXR2131,True,True,True
evaluation,CXR,B,delegated,gpt-6-luna,,focal_consolidation,CXR-EVALUATION-049,completed,0,15532,,0,OpenI:CXR3139,True,True,True
evaluation,CXR,B,delegated,gpt-6-luna,,focal_consolidation,CXR-EVALUATION-050,completed,0,14722,,0,OpenI:CXR250,True,True,True
evaluation,CXR,B,delegated,gpt-6.1-sol,,pleural_effusion,CXR-EVALUATION-001,completed,1,21191,,1,OpenI:CXR3148,True,True,True
evaluation,CXR,B,delegated,gpt-6.1-sol,,pleural_effusion,CXR-EVALUATION-002,completed,0,25010,,1,OpenI:CXR353,True,False,False
evaluation,CXR,B,delegated,gpt-6.1-sol,,pleural_effusion,CXR-EVALUATION-003,completed,1,27162,,1,OpenI:CXR650,True,True,True
evaluation,CXR,B,delegated,gpt-6.1-sol,,pleural_effusion,CXR-EVALUATION-021,completed,0,22278,,0,OpenI:CXR3941,True,True,True
evaluation,CXR,B,delegated,gpt-6.1-sol,,pleural_effusion,CXR-EVALUATION-022,completed,0,22186,,0,OpenI:CXR1801,True,True,True
evaluation,CXR,B,delegated,gpt-6.1-sol,,pleural_effusion,CXR-EVALUATION-031,completed,0,19784,,0,OpenI:CXR3565,True,True,True
evaluation,CXR,B,delegated,gpt-6.1-sol,,pleural_effusion,CXR-EVALUATION-041,completed,0,19297,,0,OpenI:CXR1531,True,True,True
evaluation,CXR,B,delegated,gpt-6.1-sol,,pleural_effusion,CXR-EVALUATION-042,completed,0,21363,,0,OpenI:CXR336,True,True,True
evaluation,CXR,B,delegated,gpt-6.1-sol,,pleural_effusion,CXR-EVALUATION-043,completed,0,19462,,0,OpenI:CXR2541,True,True,True
evaluation,CXR,B,delegated,gpt-6.1-sol,,pleural_effusion,CXR-EVALUATION-044,completed,0,19677,,0,OpenI:CXR225,True,True,True
evaluation,CXR,B,delegated,gpt-6.1-sol,,pleural_effusion,CXR-EVALUATION-045,completed,0,24490,,0,OpenI:CXR2333,True,True,True
evaluation,CXR,B,delegated,gpt-6.1-sol,,pleural_effusion,CXR-EVALUATION-046,completed,0,20634,,0,OpenI:CXR2291,True,True,True
evaluation,CXR,B,delegated,gpt-6.1-sol,,pleural_effusion,CXR-EVALUATION-047,completed,0,20932,,0,OpenI:CXR367,True,True,True
evaluation,CXR,B,delegated,gpt-6.1-sol,,pleural_effusion,CXR-EVALUATION-048,completed,0,18186,,0,OpenI:CXR2131,True,True,True
evaluation,CXR,B,delegated,gpt-6.1-sol,,pleural_effusion,CXR-EVALUATION-049,completed,0,28997,,0,OpenI:CXR3139,True,True,True
evaluation,CXR,B,delegated,gpt-6.1-sol,,pleural_effusion,CXR-EVALUATION-050,completed,0,21657,,0,OpenI:CXR250,True,True,True
evaluation,CXR,B,delegated,gpt-6.1-sol,,pneumothorax,CXR-EVALUATION-002,completed,0,25010,,0,OpenI:CXR353,True,True,True
evaluation,CXR,B,delegated,gpt-6.1-sol,,pneumothorax,CXR-EVALUATION-003,completed,0,27162,,0,OpenI:CXR650,True,True,True
evaluation,CXR,B,delegated,gpt-6.1-sol,,pneumothorax,CXR-EVALUATION-011,completed,0,25078,,1,OpenI:CXR465,True,False,False
evaluation,CXR,B,delegated,gpt-6.1-sol,,pneumothorax,CXR-EVALUATION-012,completed,0,19480,,1,OpenI:CXR91,True,False,False
evaluation,CXR,B,delegated,gpt-6.1-sol,,pneumothorax,CXR-EVALUATION-013,completed,0,27705,,1,OpenI:CXR2827,True,False,False
evaluation,CXR,B,delegated,gpt-6.1-sol,,pneumothorax,CXR-EVALUATION-021,completed,0,22278,,0,OpenI:CXR3941,True,True,True
evaluation,CXR,B,delegated,gpt-6.1-sol,,pneumothorax,CXR-EVALUATION-022,completed,0,22186,,0,OpenI:CXR1801,True,True,True
evaluation,CXR,B,delegated,gpt-6.1-sol,,pneumothorax,CXR-EVALUATION-031,completed,0,19784,,0,OpenI:CXR3565,True,True,True
evaluation,CXR,B,delegated,gpt-6.1-sol,,pneumothorax,CXR-EVALUATION-041,completed,0,19297,,0,OpenI:CXR1531,True,True,True
evaluation,CXR,B,delegated,gpt-6.1-sol,,pneumothorax,CXR-EVALUATION-042,completed,0,21363,,0,OpenI:CXR336,True,True,True
evaluation,CXR,B,delegated,gpt-6.1-sol,,pneumothorax,CXR-EVALUATION-043,completed,0,19462,,0,OpenI:CXR2541,True,True,True
evaluation,CXR,B,delegated,gpt-6.1-sol,,pneumothorax,CXR-EVALUATION-044,completed,0,19677,,0,OpenI:CXR225,True,True,True
evaluation,CXR,B,delegated,gpt-6.1-sol,,pneumothorax,CXR-EVALUATION-045,completed,0,24490,,0,OpenI:CXR2333,True,True,True
evaluation,CXR,B,delegated,gpt-6.1-sol,,pneumothorax,CXR-EVALUATION-046,completed,0,20634,,0,OpenI:CXR2291,True,True,True
evaluation,CXR,B,delegated,gpt-6.1-sol,,pneumothorax,CXR-EVALUATION-047,completed,0,20932,,0,OpenI:CXR367,True,True,True
evaluation,CXR,B,delegated,gpt-6.1-sol,,pneumothorax,CXR-EVALUATION-048,completed,0,18186,,0,OpenI:CXR2131,True,True,True
evaluation,CXR,B,delegated,gpt-6.1-sol,,pneumothorax,CXR-EVALUATION-049,completed,0,28997,,0,OpenI:CXR3139,True,True,True
evaluation,CXR,B,delegated,gpt-6.1-sol,,pneumothorax,CXR-EVALUATION-050,completed,0,21657,,0,OpenI:CXR250,True,True,True
evaluation,CXR,B,delegated,gpt-6.1-sol,,cardiomegaly,CXR-EVALUATION-001,completed,0,21191,,1,OpenI:CXR3148,True,False,False
evaluation,CXR,B,delegated,gpt-6.1-sol,,cardiomegaly,CXR-EVALUATION-003,completed,1,27162,,1,OpenI:CXR650,True,True,True
evaluation,CXR,B,delegated,gpt-6.1-sol,,cardiomegaly,CXR-EVALUATION-012,completed,0,19480,,0,OpenI:CXR91,True,True,True
evaluation,CXR,B,delegated,gpt-6.1-sol,,cardiomegaly,CXR-EVALUATION-013,completed,0,27705,,0,OpenI:CXR2827,True,True,True
evaluation,CXR,B,delegated,gpt-6.1-sol,,cardiomegaly,CXR-EVALUATION-021,completed,0,22278,,1,OpenI:CXR3941,True,False,False
evaluation,CXR,B,delegated,gpt-6.1-sol,,cardiomegaly,CXR-EVALUATION-022,completed,0,22186,,1,OpenI:CXR1801,True,False,False
evaluation,CXR,B,delegated,gpt-6.1-sol,,cardiomegaly,CXR-EVALUATION-041,completed,0,19297,,0,OpenI:CXR1531,True,True,True
evaluation,CXR,B,delegated,gpt-6.1-sol,,cardiomegaly,CXR-EVALUATION-042,completed,0,21363,,0,OpenI:CXR336,True,True,True
evaluation,CXR,B,delegated,gpt-6.1-sol,,cardiomegaly,CXR-EVALUATION-043,completed,0,19462,,0,OpenI:CXR2541,True,True,True
evaluation,CXR,B,delegated,gpt-6.1-sol,,cardiomegaly,CXR-EVALUATION-044,completed,0,19677,,0,OpenI:CXR225,True,True,True
evaluation,CXR,B,delegated,gpt-6.1-sol,,cardiomegaly,CXR-EVALUATION-045,input_insufficient,,24490,,0,OpenI:CXR2333,False,,False
evaluation,CXR,B,delegated,gpt-6.1-sol,,cardiomegaly,CXR-EVALUATION-046,completed,0,20634,,0,OpenI:CXR2291,True,True,True
evaluation,CXR,B,delegated,gpt-6.1-sol,,cardiomegaly,CXR-EVALUATION-047,completed,0,20932,,0,OpenI:CXR367,True,True,True
evaluation,CXR,B,delegated,gpt-6.1-sol,,cardiomegaly,CXR-EVALUATION-048,completed,0,18186,,0,OpenI:CXR2131,True,True,True
evaluation,CXR,B,delegated,gpt-6.1-sol,,cardiomegaly,CXR-EVALUATION-049,completed,0,28997,,0,OpenI:CXR3139,True,True,True
evaluation,CXR,B,delegated,gpt-6.1-sol,,cardiomegaly,CXR-EVALUATION-050,completed,0,21657,,0,OpenI:CXR250,True,True,True
evaluation,CXR,B,delegated,gpt-6.1-sol,,focal_consolidation,CXR-EVALUATION-001,completed,0,21191,,0,OpenI:CXR3148,True,True,True
evaluation,CXR,B,delegated,gpt-6.1-sol,,focal_consolidation,CXR-EVALUATION-021,completed,0,22278,,0,OpenI:CXR3941,True,True,True
evaluation,CXR,B,delegated,gpt-6.1-sol,,focal_consolidation,CXR-EVALUATION-022,completed,0,22186,,0,OpenI:CXR1801,True,True,True
evaluation,CXR,B,delegated,gpt-6.1-sol,,focal_consolidation,CXR-EVALUATION-031,completed,1,19784,,1,OpenI:CXR3565,True,True,True
evaluation,CXR,B,delegated,gpt-6.1-sol,,focal_consolidation,CXR-EVALUATION-032,completed,0,69387,,1,OpenI:CXR1501,True,False,False
evaluation,CXR,B,delegated,gpt-6.1-sol,,focal_consolidation,CXR-EVALUATION-041,completed,0,19297,,0,OpenI:CXR1531,True,True,True
evaluation,CXR,B,delegated,gpt-6.1-sol,,focal_consolidation,CXR-EVALUATION-042,completed,0,21363,,0,OpenI:CXR336,True,True,True
evaluation,CXR,B,delegated,gpt-6.1-sol,,focal_consolidation,CXR-EVALUATION-043,completed,0,19462,,0,OpenI:CXR2541,True,True,True
evaluation,CXR,B,delegated,gpt-6.1-sol,,focal_consolidation,CXR-EVALUATION-044,completed,0,19677,,0,OpenI:CXR225,True,True,True
evaluation,CXR,B,delegated,gpt-6.1-sol,,focal_consolidation,CXR-EVALUATION-045,completed,0,24490,,0,OpenI:CXR2333,True,True,True
evaluation,CXR,B,delegated,gpt-6.1-sol,,focal_consolidation,CXR-EVALUATION-046,completed,0,20634,,0,OpenI:CXR2291,True,True,True
evaluation,CXR,B,delegated,gpt-6.1-sol,,focal_consolidation,CXR-EVALUATION-047,completed,0,20932,,0,OpenI:CXR367,True,True,True
evaluation,CXR,B,delegated,gpt-6.1-sol,,focal_consolidation,CXR-EVALUATION-048,completed,0,18186,,0,OpenI:CXR2131,True,True,True
evaluation,CXR,B,delegated,gpt-6.1-sol,,focal_consolidation,CXR-EVALUATION-049,completed,0,28997,,0,OpenI:CXR3139,True,True,True
evaluation,CXR,B,delegated,gpt-6.1-sol,,focal_consolidation,CXR-EVALUATION-050,completed,0,21657,,0,OpenI:CXR250,True,True,True
evaluation,CXR,B,primary,google/medgemma-1.5-4b-it,,pleural_effusion,CXR-EVALUATION-001,completed,0,18099,,1,OpenI:CXR3148,True,False,False
evaluation,CXR,B,primary,google/medgemma-1.5-4b-it,,pleural_effusion,CXR-EVALUATION-002,completed,0,17720,,1,OpenI:CXR353,True,False,False
evaluation,CXR,B,primary,google/medgemma-1.5-4b-it,,pleural_effusion,CXR-EVALUATION-003,completed,1,23280,,1,OpenI:CXR650,True,True,True
evaluation,CXR,B,primary,google/medgemma-1.5-4b-it,,pleural_effusion,CXR-EVALUATION-004,completed,1,17158,,1,OpenI:CXR702,True,True,True
evaluation,CXR,B,primary,google/medgemma-1.5-4b-it,,pleural_effusion,CXR-EVALUATION-005,completed,1,20037,,1,OpenI:CXR3508,True,True,True
evaluation,CXR,B,primary,google/medgemma-1.5-4b-it,,pleural_effusion,CXR-EVALUATION-006,completed,0,20428,,1,OpenI:CXR1699,True,False,False
evaluation,CXR,B,primary,google/medgemma-1.5-4b-it,,pleural_effusion,CXR-EVALUATION-007,completed,0,21784,,1,OpenI:CXR3557,True,False,False
evaluation,CXR,B,primary,google/medgemma-1.5-4b-it,,pleural_effusion,CXR-EVALUATION-008,completed,1,16267,,1,OpenI:CXR1313,True,True,True
evaluation,CXR,B,primary,google/medgemma-1.5-4b-it,,pleural_effusion,CXR-EVALUATION-009,completed,1,20583,,1,OpenI:CXR2074,True,True,True
evaluation,CXR,B,primary,google/medgemma-1.5-4b-it,,pleural_effusion,CXR-EVALUATION-010,completed,1,21410,,1,OpenI:CXR25,True,True,True
evaluation,CXR,B,primary,google/medgemma-1.5-4b-it,,pleural_effusion,CXR-EVALUATION-014,completed,0,20227,,1,OpenI:CXR3945,True,False,False
evaluation,CXR,B,primary,google/medgemma-1.5-4b-it,,pleural_effusion,CXR-EVALUATION-016,completed,0,17246,,0,OpenI:CXR1339,True,True,True
evaluation,CXR,B,primary,google/medgemma-1.5-4b-it,,pleural_effusion,CXR-EVALUATION-019,completed,0,17245,,0,OpenI:CXR3694,True,True,True
evaluation,CXR,B,primary,google/medgemma-1.5-4b-it,,pleural_effusion,CXR-EVALUATION-021,completed,0,19595,,0,OpenI:CXR3941,True,True,True
evaluation,CXR,B,primary,google/medgemma-1.5-4b-it,,pleural_effusion,CXR-EVALUATION-022,completed,0,20839,,0,OpenI:CXR1801,True,True,True
evaluation,CXR,B,primary,google/medgemma-1.5-4b-it,,pleural_effusion,CXR-EVALUATION-025,completed,0,17105,,0,OpenI:CXR3700,True,True,True
evaluation,CXR,B,primary,google/medgemma-1.5-4b-it,,pleural_effusion,CXR-EVALUATION-027,completed,0,17336,,0,OpenI:CXR1343,True,True,True
evaluation,CXR,B,primary,google/medgemma-1.5-4b-it,,pleural_effusion,CXR-EVALUATION-028,completed,0,19192,,0,OpenI:CXR2506,True,True,True
evaluation,CXR,B,primary,google/medgemma-1.5-4b-it,,pleural_effusion,CXR-EVALUATION-031,completed,0,19379,,0,OpenI:CXR3565,True,True,True
evaluation,CXR,B,primary,google/medgemma-1.5-4b-it,,pleural_effusion,CXR-EVALUATION-033,completed,0,20648,,0,OpenI:CXR3130,True,True,True
evaluation,CXR,B,primary,google/medgemma-1.5-4b-it,,pleural_effusion,CXR-EVALUATION-036,completed,1,20629,,1,OpenI:CXR2716,True,True,True
evaluation,CXR,B,primary,google/medgemma-1.5-4b-it,,pleural_effusion,CXR-EVALUATION-037,input_insufficient,,19262,,1,OpenI:CXR313,False,,False
evaluation,CXR,B,primary,google/medgemma-1.5-4b-it,,pleural_effusion,CXR-EVALUATION-038,completed,1,21109,,1,OpenI:CXR1383,True,True,True
evaluation,CXR,B,primary,google/medgemma-1.5-4b-it,,pleural_effusion,CXR-EVALUATION-039,completed,1,17968,,1,OpenI:CXR2370,True,True,True
evaluation,CXR,B,primary,google/medgemma-1.5-4b-it,,pleural_effusion,CXR-EVALUATION-040,completed,1,16886,,1,OpenI:CXR1012,True,True,True
evaluation,CXR,B,primary,google/medgemma-1.5-4b-it,,pleural_effusion,CXR-EVALUATION-041,completed,0,16958,,0,OpenI:CXR1531,True,True,True
evaluation,CXR,B,primary,google/medgemma-1.5-4b-it,,pleural_effusion,CXR-EVALUATION-042,completed,0,15928,,0,OpenI:CXR336,True,True,True
evaluation,CXR,B,primary,google/medgemma-1.5-4b-it,,pleural_effusion,CXR-EVALUATION-043,completed,0,21838,,0,OpenI:CXR2541,True,True,True
evaluation,CXR,B,primary,google/medgemma-1.5-4b-it,,pleural_effusion,CXR-EVALUATION-044,completed,0,18730,,0,OpenI:CXR225,True,True,True
evaluation,CXR,B,primary,google/medgemma-1.5-4b-it,,pleural_effusion,CXR-EVALUATION-045,completed,0,14477,,0,OpenI:CXR2333,True,True,True
evaluation,CXR,B,primary,google/medgemma-1.5-4b-it,,pleural_effusion,CXR-EVALUATION-046,completed,0,16689,,0,OpenI:CXR2291,True,True,True
evaluation,CXR,B,primary,google/medgemma-1.5-4b-it,,pleural_effusion,CXR-EVALUATION-047,completed,0,17874,,0,OpenI:CXR367,True,True,True
evaluation,CXR,B,primary,google/medgemma-1.5-4b-it,,pleural_effusion,CXR-EVALUATION-048,completed,0,17317,,0,OpenI:CXR2131,True,True,True
evaluation,CXR,B,primary,google/medgemma-1.5-4b-it,,pleural_effusion,CXR-EVALUATION-049,completed,0,16692,,0,OpenI:CXR3139,True,True,True
evaluation,CXR,B,primary,google/medgemma-1.5-4b-it,,pleural_effusion,CXR-EVALUATION-050,completed,0,17323,,0,OpenI:CXR250,True,True,True
evaluation,CXR,B,primary,google/medgemma-1.5-4b-it,,pleural_effusion,CXR-EVALUATION-051,completed,0,17825,,0,OpenI:CXR3391,True,True,True
evaluation,CXR,B,primary,google/medgemma-1.5-4b-it,,pleural_effusion,CXR-EVALUATION-052,completed,0,16967,,0,OpenI:CXR2748,True,True,True
evaluation,CXR,B,primary,google/medgemma-1.5-4b-it,,pleural_effusion,CXR-EVALUATION-053,completed,0,19640,,0,OpenI:CXR1943,True,True,True
evaluation,CXR,B,primary,google/medgemma-1.5-4b-it,,pleural_effusion,CXR-EVALUATION-054,completed,0,20192,,0,OpenI:CXR90,True,True,True
evaluation,CXR,B,primary,google/medgemma-1.5-4b-it,,pleural_effusion,CXR-EVALUATION-055,completed,0,17186,,0,OpenI:CXR3796,True,True,True
evaluation,CXR,B,primary,google/medgemma-1.5-4b-it,,pleural_effusion,CXR-EVALUATION-056,completed,0,16204,,0,OpenI:CXR404,True,True,True
evaluation,CXR,B,primary,google/medgemma-1.5-4b-it,,pleural_effusion,CXR-EVALUATION-057,completed,0,16074,,0,OpenI:CXR2149,True,True,True
evaluation,CXR,B,primary,google/medgemma-1.5-4b-it,,pleural_effusion,CXR-EVALUATION-058,completed,0,16386,,0,OpenI:CXR3651,True,True,True
evaluation,CXR,B,primary,google/medgemma-1.5-4b-it,,pleural_effusion,CXR-EVALUATION-059,completed,0,15745,,0,OpenI:CXR2620,True,True,True
evaluation,CXR,B,primary,google/medgemma-1.5-4b-it,,pleural_effusion,CXR-EVALUATION-060,completed,0,18261,,0,OpenI:CXR3339,True,True,True
evaluation,CXR,B,primary,google/medgemma-1.5-4b-it,,pneumothorax,CXR-EVALUATION-002,completed,0,17720,,0,OpenI:CXR353,True,True,True
evaluation,CXR,B,primary,google/medgemma-1.5-4b-it,,pneumothorax,CXR-EVALUATION-003,completed,0,23280,,0,OpenI:CXR650,True,True,True
evaluation,CXR,B,primary,google/medgemma-1.5-4b-it,,pneumothorax,CXR-EVALUATION-004,completed,0,17158,,0,OpenI:CXR702,True,True,True
evaluation,CXR,B,primary,google/medgemma-1.5-4b-it,,pneumothorax,CXR-EVALUATION-006,completed,0,20428,,0,OpenI:CXR1699,True,True,True
evaluation,CXR,B,primary,google/medgemma-1.5-4b-it,,pneumothorax,CXR-EVALUATION-007,completed,0,21784,,0,OpenI:CXR3557,True,True,True
evaluation,CXR,B,primary,google/medgemma-1.5-4b-it,,pneumothorax,CXR-EVALUATION-008,completed,0,16267,,0,OpenI:CXR1313,True,True,True
evaluation,CXR,B,primary,google/medgemma-1.5-4b-it,,pneumothorax,CXR-EVALUATION-009,completed,0,20583,,0,OpenI:CXR2074,True,True,True
evaluation,CXR,B,primary,google/medgemma-1.5-4b-it,,pneumothorax,CXR-EVALUATION-010,completed,0,21410,,0,OpenI:CXR25,True,True,True
evaluation,CXR,B,primary,google/medgemma-1.5-4b-it,,pneumothorax,CXR-EVALUATION-011,completed,0,20359,,1,OpenI:CXR465,True,False,False
evaluation,CXR,B,primary,google/medgemma-1.5-4b-it,,pneumothorax,CXR-EVALUATION-012,completed,0,14705,,1,OpenI:CXR91,True,False,False
evaluation,CXR,B,primary,google/medgemma-1.5-4b-it,,pneumothorax,CXR-EVALUATION-013,completed,0,18960,,1,OpenI:CXR2827,True,False,False
evaluation,CXR,B,primary,google/medgemma-1.5-4b-it,,pneumothorax,CXR-EVALUATION-014,completed,0,20227,,1,OpenI:CXR3945,True,False,False
evaluation,CXR,B,primary,google/medgemma-1.5-4b-it,,pneumothorax,CXR-EVALUATION-015,completed,1,20724,,1,OpenI:CXR1874,True,True,True
evaluation,CXR,B,primary,google/medgemma-1.5-4b-it,,pneumothorax,CXR-EVALUATION-016,completed,0,17246,,1,OpenI:CXR1339,True,False,False
evaluation,CXR,B,primary,google/medgemma-1.5-4b-it,,pneumothorax,CXR-EVALUATION-017,completed,0,19988,,1,OpenI:CXR3369,True,False,False
evaluation,CXR,B,primary,google/medgemma-1.5-4b-it,,pneumothorax,CXR-EVALUATION-018,completed,0,17081,,1,OpenI:CXR3378,True,False,False
evaluation,CXR,B,primary,google/medgemma-1.5-4b-it,,pneumothorax,CXR-EVALUATION-019,completed,0,17245,,1,OpenI:CXR3694,True,False,False
evaluation,CXR,B,primary,google/medgemma-1.5-4b-it,,pneumothorax,CXR-EVALUATION-020,completed,0,18565,,1,OpenI:CXR64,True,False,False
evaluation,CXR,B,primary,google/medgemma-1.5-4b-it,,pneumothorax,CXR-EVALUATION-021,completed,0,19595,,0,OpenI:CXR3941,True,True,True
evaluation,CXR,B,primary,google/medgemma-1.5-4b-it,,pneumothorax,CXR-EVALUATION-022,completed,0,20839,,0,OpenI:CXR1801,True,True,True
evaluation,CXR,B,primary,google/medgemma-1.5-4b-it,,pneumothorax,CXR-EVALUATION-023,completed,0,16889,,0,OpenI:CXR1936,True,True,True
evaluation,CXR,B,primary,google/medgemma-1.5-4b-it,,pneumothorax,CXR-EVALUATION-025,completed,0,17105,,0,OpenI:CXR3700,True,True,True
evaluation,CXR,B,primary,google/medgemma-1.5-4b-it,,pneumothorax,CXR-EVALUATION-027,completed,0,17336,,0,OpenI:CXR1343,True,True,True
evaluation,CXR,B,primary,google/medgemma-1.5-4b-it,,pneumothorax,CXR-EVALUATION-028,completed,0,19192,,0,OpenI:CXR2506,True,True,True
evaluation,CXR,B,primary,google/medgemma-1.5-4b-it,,pneumothorax,CXR-EVALUATION-031,completed,0,19379,,0,OpenI:CXR3565,True,True,True
evaluation,CXR,B,primary,google/medgemma-1.5-4b-it,,pneumothorax,CXR-EVALUATION-033,completed,0,20648,,0,OpenI:CXR3130,True,True,True
evaluation,CXR,B,primary,google/medgemma-1.5-4b-it,,pneumothorax,CXR-EVALUATION-034,completed,0,20090,,0,OpenI:CXR28,True,True,True
evaluation,CXR,B,primary,google/medgemma-1.5-4b-it,,pneumothorax,CXR-EVALUATION-037,completed,0,19262,,0,OpenI:CXR313,True,True,True
evaluation,CXR,B,primary,google/medgemma-1.5-4b-it,,pneumothorax,CXR-EVALUATION-038,completed,0,21109,,0,OpenI:CXR1383,True,True,True
evaluation,CXR,B,primary,google/medgemma-1.5-4b-it,,pneumothorax,CXR-EVALUATION-041,completed,0,16958,,0,OpenI:CXR1531,True,True,True
evaluation,CXR,B,primary,google/medgemma-1.5-4b-it,,pneumothorax,CXR-EVALUATION-042,completed,0,15928,,0,OpenI:CXR336,True,True,True
evaluation,CXR,B,primary,google/medgemma-1.5-4b-it,,pneumothorax,CXR-EVALUATION-043,completed,0,21838,,0,OpenI:CXR2541,True,True,True
evaluation,CXR,B,primary,google/medgemma-1.5-4b-it,,pneumothorax,CXR-EVALUATION-044,completed,0,18730,,0,OpenI:CXR225,True,True,True
evaluation,CXR,B,primary,google/medgemma-1.5-4b-it,,pneumothorax,CXR-EVALUATION-045,completed,0,14477,,0,OpenI:CXR2333,True,True,True
evaluation,CXR,B,primary,google/medgemma-1.5-4b-it,,pneumothorax,CXR-EVALUATION-046,completed,0,16689,,0,OpenI:CXR2291,True,True,True
evaluation,CXR,B,primary,google/medgemma-1.5-4b-it,,pneumothorax,CXR-EVALUATION-047,completed,0,17874,,0,OpenI:CXR367,True,True,True
evaluation,CXR,B,primary,google/medgemma-1.5-4b-it,,pneumothorax,CXR-EVALUATION-048,completed,0,17317,,0,OpenI:CXR2131,True,True,True
evaluation,CXR,B,primary,google/medgemma-1.5-4b-it,,pneumothorax,CXR-EVALUATION-049,completed,0,16692,,0,OpenI:CXR3139,True,True,True
evaluation,CXR,B,primary,google/medgemma-1.5-4b-it,,pneumothorax,CXR-EVALUATION-050,completed,0,17323,,0,OpenI:CXR250,True,True,True
evaluation,CXR,B,primary,google/medgemma-1.5-4b-it,,pneumothorax,CXR-EVALUATION-051,completed,0,17825,,0,OpenI:CXR3391,True,True,True
evaluation,CXR,B,primary,google/medgemma-1.5-4b-it,,pneumothorax,CXR-EVALUATION-052,completed,0,16967,,0,OpenI:CXR2748,True,True,True
evaluation,CXR,B,primary,google/medgemma-1.5-4b-it,,pneumothorax,CXR-EVALUATION-053,completed,0,19640,,0,OpenI:CXR1943,True,True,True
evaluation,CXR,B,primary,google/medgemma-1.5-4b-it,,pneumothorax,CXR-EVALUATION-054,completed,0,20192,,0,OpenI:CXR90,True,True,True
evaluation,CXR,B,primary,google/medgemma-1.5-4b-it,,pneumothorax,CXR-EVALUATION-055,completed,0,17186,,0,OpenI:CXR3796,True,True,True
evaluation,CXR,B,primary,google/medgemma-1.5-4b-it,,pneumothorax,CXR-EVALUATION-056,completed,0,16204,,0,OpenI:CXR404,True,True,True
evaluation,CXR,B,primary,google/medgemma-1.5-4b-it,,pneumothorax,CXR-EVALUATION-057,completed,0,16074,,0,OpenI:CXR2149,True,True,True
evaluation,CXR,B,primary,google/medgemma-1.5-4b-it,,pneumothorax,CXR-EVALUATION-058,completed,0,16386,,0,OpenI:CXR3651,True,True,True
evaluation,CXR,B,primary,google/medgemma-1.5-4b-it,,pneumothorax,CXR-EVALUATION-059,completed,0,15745,,0,OpenI:CXR2620,True,True,True
evaluation,CXR,B,primary,google/medgemma-1.5-4b-it,,pneumothorax,CXR-EVALUATION-060,completed,0,18261,,0,OpenI:CXR3339,True,True,True
evaluation,CXR,B,primary,google/medgemma-1.5-4b-it,,cardiomegaly,CXR-EVALUATION-001,input_insufficient,,18099,,1,OpenI:CXR3148,False,,False
evaluation,CXR,B,primary,google/medgemma-1.5-4b-it,,cardiomegaly,CXR-EVALUATION-003,abstained,,23280,,1,OpenI:CXR650,False,,False
evaluation,CXR,B,primary,google/medgemma-1.5-4b-it,,cardiomegaly,CXR-EVALUATION-005,input_insufficient,,20037,,0,OpenI:CXR3508,False,,False
evaluation,CXR,B,primary,google/medgemma-1.5-4b-it,,cardiomegaly,CXR-EVALUATION-007,input_insufficient,,21784,,0,OpenI:CXR3557,False,,False
evaluation,CXR,B,primary,google/medgemma-1.5-4b-it,,cardiomegaly,CXR-EVALUATION-008,input_insufficient,,16267,,0,OpenI:CXR1313,False,,False
evaluation,CXR,B,primary,google/medgemma-1.5-4b-it,,cardiomegaly,CXR-EVALUATION-010,input_insufficient,,21410,,0,OpenI:CXR25,False,,False
evaluation,CXR,B,primary,google/medgemma-1.5-4b-it,,cardiomegaly,CXR-EVALUATION-012,completed,0,14705,,0,OpenI:CXR91,True,True,True
evaluation,CXR,B,primary,google/medgemma-1.5-4b-it,,cardiomegaly,CXR-EVALUATION-013,input_insufficient,,18960,,0,OpenI:CXR2827,False,,False
evaluation,CXR,B,primary,google/medgemma-1.5-4b-it,,cardiomegaly,CXR-EVALUATION-014,completed,0,20227,,0,OpenI:CXR3945,True,True,True
evaluation,CXR,B,primary,google/medgemma-1.5-4b-it,,cardiomegaly,CXR-EVALUATION-018,completed,0,17081,,0,OpenI:CXR3378,True,True,True
evaluation,CXR,B,primary,google/medgemma-1.5-4b-it,,cardiomegaly,CXR-EVALUATION-020,completed,0,18565,,0,OpenI:CXR64,True,True,True
evaluation,CXR,B,primary,google/medgemma-1.5-4b-it,,cardiomegaly,CXR-EVALUATION-021,completed,1,19595,,1,OpenI:CXR3941,True,True,True
evaluation,CXR,B,primary,google/medgemma-1.5-4b-it,,cardiomegaly,CXR-EVALUATION-022,input_insufficient,,20839,,1,OpenI:CXR1801,False,,False
evaluation,CXR,B,primary,google/medgemma-1.5-4b-it,,cardiomegaly,CXR-EVALUATION-023,completed,1,16889,,1,OpenI:CXR1936,True,True,True
evaluation,CXR,B,primary,google/medgemma-1.5-4b-it,,cardiomegaly,CXR-EVALUATION-024,completed,1,20067,,1,OpenI:CXR925,True,True,True
evaluation,CXR,B,primary,google/medgemma-1.5-4b-it,,cardiomegaly,CXR-EVALUATION-025,completed,1,17105,,1,OpenI:CXR3700,True,True,True
evaluation,CXR,B,primary,google/medgemma-1.5-4b-it,,cardiomegaly,CXR-EVALUATION-026,input_insufficient,,19883,,1,OpenI:CXR1139,False,,False
evaluation,CXR,B,primary,google/medgemma-1.5-4b-it,,cardiomegaly,CXR-EVALUATION-027,completed,1,17336,,1,OpenI:CXR1343,True,True,True
evaluation,CXR,B,primary,google/medgemma-1.5-4b-it,,cardiomegaly,CXR-EVALUATION-028,completed,1,19192,,1,OpenI:CXR2506,True,True,True
evaluation,CXR,B,primary,google/medgemma-1.5-4b-it,,cardiomegaly,CXR-EVALUATION-029,completed,1,19464,,1,OpenI:CXR2456,True,True,True
evaluation,CXR,B,primary,google/medgemma-1.5-4b-it,,cardiomegaly,CXR-EVALUATION-030,completed,0,18761,,1,OpenI:CXR3529,True,False,False
evaluation,CXR,B,primary,google/medgemma-1.5-4b-it,,cardiomegaly,CXR-EVALUATION-033,completed,1,20648,,1,OpenI:CXR3130,True,True,True
evaluation,CXR,B,primary,google/medgemma-1.5-4b-it,,cardiomegaly,CXR-EVALUATION-034,completed,1,20090,,1,OpenI:CXR28,True,True,True
evaluation,CXR,B,primary,google/medgemma-1.5-4b-it,,cardiomegaly,CXR-EVALUATION-035,input_insufficient,,21525,,0,OpenI:CXR1353,False,,False
evaluation,CXR,B,primary,google/medgemma-1.5-4b-it,,cardiomegaly,CXR-EVALUATION-036,input_insufficient,,20629,,0,OpenI:CXR2716,False,,False
evaluation,CXR,B,primary,google/medgemma-1.5-4b-it,,cardiomegaly,CXR-EVALUATION-037,abstained,,19262,,1,OpenI:CXR313,False,,False
evaluation,CXR,B,primary,google/medgemma-1.5-4b-it,,cardiomegaly,CXR-EVALUATION-039,input_insufficient,,17968,,0,OpenI:CXR2370,False,,False
evaluation,CXR,B,primary,google/medgemma-1.5-4b-it,,cardiomegaly,CXR-EVALUATION-040,input_insufficient,,16886,,0,OpenI:CXR1012,False,,False
evaluation,CXR,B,primary,google/medgemma-1.5-4b-it,,cardiomegaly,CXR-EVALUATION-041,completed,0,16958,,0,OpenI:CXR1531,True,True,True
evaluation,CXR,B,primary,google/medgemma-1.5-4b-it,,cardiomegaly,CXR-EVALUATION-042,completed,0,15928,,0,OpenI:CXR336,True,True,True
evaluation,CXR,B,primary,google/medgemma-1.5-4b-it,,cardiomegaly,CXR-EVALUATION-043,completed,0,21838,,0,OpenI:CXR2541,True,True,True
evaluation,CXR,B,primary,google/medgemma-1.5-4b-it,,cardiomegaly,CXR-EVALUATION-044,completed,0,18730,,0,OpenI:CXR225,True,True,True
evaluation,CXR,B,primary,google/medgemma-1.5-4b-it,,cardiomegaly,CXR-EVALUATION-045,completed,0,14477,,0,OpenI:CXR2333,True,True,True
evaluation,CXR,B,primary,google/medgemma-1.5-4b-it,,cardiomegaly,CXR-EVALUATION-046,completed,0,16689,,0,OpenI:CXR2291,True,True,True
evaluation,CXR,B,primary,google/medgemma-1.5-4b-it,,cardiomegaly,CXR-EVALUATION-047,completed,0,17874,,0,OpenI:CXR367,True,True,True
evaluation,CXR,B,primary,google/medgemma-1.5-4b-it,,cardiomegaly,CXR-EVALUATION-048,completed,0,17317,,0,OpenI:CXR2131,True,True,True
evaluation,CXR,B,primary,google/medgemma-1.5-4b-it,,cardiomegaly,CXR-EVALUATION-049,completed,0,16692,,0,OpenI:CXR3139,True,True,True
evaluation,CXR,B,primary,google/medgemma-1.5-4b-it,,cardiomegaly,CXR-EVALUATION-050,completed,0,17323,,0,OpenI:CXR250,True,True,True
evaluation,CXR,B,primary,google/medgemma-1.5-4b-it,,cardiomegaly,CXR-EVALUATION-051,completed,0,17825,,0,OpenI:CXR3391,True,True,True
evaluation,CXR,B,primary,google/medgemma-1.5-4b-it,,cardiomegaly,CXR-EVALUATION-052,completed,0,16967,,0,OpenI:CXR2748,True,True,True
evaluation,CXR,B,primary,google/medgemma-1.5-4b-it,,cardiomegaly,CXR-EVALUATION-053,completed,0,19640,,0,OpenI:CXR1943,True,True,True
evaluation,CXR,B,primary,google/medgemma-1.5-4b-it,,cardiomegaly,CXR-EVALUATION-054,completed,0,20192,,0,OpenI:CXR90,True,True,True
evaluation,CXR,B,primary,google/medgemma-1.5-4b-it,,cardiomegaly,CXR-EVALUATION-055,completed,0,17186,,0,OpenI:CXR3796,True,True,True
evaluation,CXR,B,primary,google/medgemma-1.5-4b-it,,cardiomegaly,CXR-EVALUATION-056,completed,0,16204,,0,OpenI:CXR404,True,True,True
evaluation,CXR,B,primary,google/medgemma-1.5-4b-it,,cardiomegaly,CXR-EVALUATION-057,completed,0,16074,,0,OpenI:CXR2149,True,True,True
evaluation,CXR,B,primary,google/medgemma-1.5-4b-it,,cardiomegaly,CXR-EVALUATION-058,completed,0,16386,,0,OpenI:CXR3651,True,True,True
evaluation,CXR,B,primary,google/medgemma-1.5-4b-it,,cardiomegaly,CXR-EVALUATION-059,completed,0,15745,,0,OpenI:CXR2620,True,True,True
evaluation,CXR,B,primary,google/medgemma-1.5-4b-it,,cardiomegaly,CXR-EVALUATION-060,input_insufficient,,18261,,0,OpenI:CXR3339,False,,False
evaluation,CXR,B,primary,google/medgemma-1.5-4b-it,,focal_consolidation,CXR-EVALUATION-001,completed,0,18099,,0,OpenI:CXR3148,True,True,True
evaluation,CXR,B,primary,google/medgemma-1.5-4b-it,,focal_consolidation,CXR-EVALUATION-004,input_insufficient,,17158,,0,OpenI:CXR702,False,,False
evaluation,CXR,B,primary,google/medgemma-1.5-4b-it,,focal_consolidation,CXR-EVALUATION-006,completed,0,20428,,1,OpenI:CXR1699,True,False,False
evaluation,CXR,B,primary,google/medgemma-1.5-4b-it,,focal_consolidation,CXR-EVALUATION-019,completed,0,17245,,0,OpenI:CXR3694,True,True,True
evaluation,CXR,B,primary,google/medgemma-1.5-4b-it,,focal_consolidation,CXR-EVALUATION-020,completed,0,18565,,0,OpenI:CXR64,True,True,True
evaluation,CXR,B,primary,google/medgemma-1.5-4b-it,,focal_consolidation,CXR-EVALUATION-021,input_insufficient,,19595,,0,OpenI:CXR3941,False,,False
evaluation,CXR,B,primary,google/medgemma-1.5-4b-it,,focal_consolidation,CXR-EVALUATION-022,completed,0,20839,,0,OpenI:CXR1801,True,True,True
evaluation,CXR,B,primary,google/medgemma-1.5-4b-it,,focal_consolidation,CXR-EVALUATION-028,input_insufficient,,19192,,0,OpenI:CXR2506,False,,False
evaluation,CXR,B,primary,google/medgemma-1.5-4b-it,,focal_consolidation,CXR-EVALUATION-031,completed,1,19379,,1,OpenI:CXR3565,True,True,True
evaluation,CXR,B,primary,google/medgemma-1.5-4b-it,,focal_consolidation,CXR-EVALUATION-032,completed,0,22958,,1,OpenI:CXR1501,True,False,False
evaluation,CXR,B,primary,google/medgemma-1.5-4b-it,,focal_consolidation,CXR-EVALUATION-033,input_insufficient,,20648,,1,OpenI:CXR3130,False,,False
evaluation,CXR,B,primary,google/medgemma-1.5-4b-it,,focal_consolidation,CXR-EVALUATION-034,completed,1,20090,,1,OpenI:CXR28,True,True,True
evaluation,CXR,B,primary,google/medgemma-1.5-4b-it,,focal_consolidation,CXR-EVALUATION-035,completed,1,21525,,1,OpenI:CXR1353,True,True,True
evaluation,CXR,B,primary,google/medgemma-1.5-4b-it,,focal_consolidation,CXR-EVALUATION-037,completed,1,19262,,1,OpenI:CXR313,True,True,True
evaluation,CXR,B,primary,google/medgemma-1.5-4b-it,,focal_consolidation,CXR-EVALUATION-038,input_insufficient,,21109,,1,OpenI:CXR1383,False,,False
evaluation,CXR,B,primary,google/medgemma-1.5-4b-it,,focal_consolidation,CXR-EVALUATION-039,input_insufficient,,17968,,1,OpenI:CXR2370,False,,False
evaluation,CXR,B,primary,google/medgemma-1.5-4b-it,,focal_consolidation,CXR-EVALUATION-040,input_insufficient,,16886,,1,OpenI:CXR1012,False,,False
evaluation,CXR,B,primary,google/medgemma-1.5-4b-it,,focal_consolidation,CXR-EVALUATION-041,completed,0,16958,,0,OpenI:CXR1531,True,True,True
evaluation,CXR,B,primary,google/medgemma-1.5-4b-it,,focal_consolidation,CXR-EVALUATION-042,completed,0,15928,,0,OpenI:CXR336,True,True,True
evaluation,CXR,B,primary,google/medgemma-1.5-4b-it,,focal_consolidation,CXR-EVALUATION-043,completed,0,21838,,0,OpenI:CXR2541,True,True,True
evaluation,CXR,B,primary,google/medgemma-1.5-4b-it,,focal_consolidation,CXR-EVALUATION-044,completed,0,18730,,0,OpenI:CXR225,True,True,True
evaluation,CXR,B,primary,google/medgemma-1.5-4b-it,,focal_consolidation,CXR-EVALUATION-045,completed,0,14477,,0,OpenI:CXR2333,True,True,True
evaluation,CXR,B,primary,google/medgemma-1.5-4b-it,,focal_consolidation,CXR-EVALUATION-046,completed,0,16689,,0,OpenI:CXR2291,True,True,True
evaluation,CXR,B,primary,google/medgemma-1.5-4b-it,,focal_consolidation,CXR-EVALUATION-047,completed,0,17874,,0,OpenI:CXR367,True,True,True
evaluation,CXR,B,primary,google/medgemma-1.5-4b-it,,focal_consolidation,CXR-EVALUATION-048,completed,0,17317,,0,OpenI:CXR2131,True,True,True
evaluation,CXR,B,primary,google/medgemma-1.5-4b-it,,focal_consolidation,CXR-EVALUATION-049,completed,0,16692,,0,OpenI:CXR3139,True,True,True
evaluation,CXR,B,primary,google/medgemma-1.5-4b-it,,focal_consolidation,CXR-EVALUATION-050,completed,0,17323,,0,OpenI:CXR250,True,True,True
evaluation,CXR,B,primary,google/medgemma-1.5-4b-it,,focal_consolidation,CXR-EVALUATION-051,completed,0,17825,,0,OpenI:CXR3391,True,True,True
evaluation,CXR,B,primary,google/medgemma-1.5-4b-it,,focal_consolidation,CXR-EVALUATION-052,completed,0,16967,,0,OpenI:CXR2748,True,True,True
evaluation,CXR,B,primary,google/medgemma-1.5-4b-it,,focal_consolidation,CXR-EVALUATION-053,completed,0,19640,,0,OpenI:CXR1943,True,True,True
evaluation,CXR,B,primary,google/medgemma-1.5-4b-it,,focal_consolidation,CXR-EVALUATION-054,completed,0,20192,,0,OpenI:CXR90,True,True,True
evaluation,CXR,B,primary,google/medgemma-1.5-4b-it,,focal_consolidation,CXR-EVALUATION-055,completed,0,17186,,0,OpenI:CXR3796,True,True,True
evaluation,CXR,B,primary,google/medgemma-1.5-4b-it,,focal_consolidation,CXR-EVALUATION-056,completed,0,16204,,0,OpenI:CXR404,True,True,True
evaluation,CXR,B,primary,google/medgemma-1.5-4b-it,,focal_consolidation,CXR-EVALUATION-057,completed,0,16074,,0,OpenI:CXR2149,True,True,True
evaluation,CXR,B,primary,google/medgemma-1.5-4b-it,,focal_consolidation,CXR-EVALUATION-058,completed,0,16386,,0,OpenI:CXR3651,True,True,True
evaluation,CXR,B,primary,google/medgemma-1.5-4b-it,,focal_consolidation,CXR-EVALUATION-059,completed,0,15745,,0,OpenI:CXR2620,True,True,True
evaluation,CXR,B,primary,google/medgemma-1.5-4b-it,,focal_consolidation,CXR-EVALUATION-060,completed,0,18261,,0,OpenI:CXR3339,True,True,True
evaluation,CXR,B,primary,google/medgemma-1.5-4b-it,repeat1,pleural_effusion,CXR-EVALUATION-001,completed,0,18509,,1,OpenI:CXR3148,True,False,False
evaluation,CXR,B,primary,google/medgemma-1.5-4b-it,repeat1,pleural_effusion,CXR-EVALUATION-021,completed,0,19733,,0,OpenI:CXR3941,True,True,True
evaluation,CXR,B,primary,google/medgemma-1.5-4b-it,repeat1,pleural_effusion,CXR-EVALUATION-041,completed,0,16998,,0,OpenI:CXR1531,True,True,True
evaluation,CXR,B,primary,google/medgemma-1.5-4b-it,repeat1,pleural_effusion,CXR-EVALUATION-042,completed,0,16512,,0,OpenI:CXR336,True,True,True
evaluation,CXR,B,primary,google/medgemma-1.5-4b-it,repeat1,pneumothorax,CXR-EVALUATION-011,completed,0,21268,,1,OpenI:CXR465,True,False,False
evaluation,CXR,B,primary,google/medgemma-1.5-4b-it,repeat1,pneumothorax,CXR-EVALUATION-021,completed,0,19733,,0,OpenI:CXR3941,True,True,True
evaluation,CXR,B,primary,google/medgemma-1.5-4b-it,repeat1,pneumothorax,CXR-EVALUATION-041,completed,0,16998,,0,OpenI:CXR1531,True,True,True
evaluation,CXR,B,primary,google/medgemma-1.5-4b-it,repeat1,pneumothorax,CXR-EVALUATION-042,completed,0,16512,,0,OpenI:CXR336,True,True,True
evaluation,CXR,B,primary,google/medgemma-1.5-4b-it,repeat1,cardiomegaly,CXR-EVALUATION-001,input_insufficient,,18509,,1,OpenI:CXR3148,False,,False
evaluation,CXR,B,primary,google/medgemma-1.5-4b-it,repeat1,cardiomegaly,CXR-EVALUATION-021,completed,1,19733,,1,OpenI:CXR3941,True,True,True
evaluation,CXR,B,primary,google/medgemma-1.5-4b-it,repeat1,cardiomegaly,CXR-EVALUATION-041,completed,0,16998,,0,OpenI:CXR1531,True,True,True
evaluation,CXR,B,primary,google/medgemma-1.5-4b-it,repeat1,cardiomegaly,CXR-EVALUATION-042,completed,0,16512,,0,OpenI:CXR336,True,True,True
evaluation,CXR,B,primary,google/medgemma-1.5-4b-it,repeat1,focal_consolidation,CXR-EVALUATION-001,completed,0,18509,,0,OpenI:CXR3148,True,True,True
evaluation,CXR,B,primary,google/medgemma-1.5-4b-it,repeat1,focal_consolidation,CXR-EVALUATION-021,input_insufficient,,19733,,0,OpenI:CXR3941,False,,False
evaluation,CXR,B,primary,google/medgemma-1.5-4b-it,repeat1,focal_consolidation,CXR-EVALUATION-041,completed,0,16998,,0,OpenI:CXR1531,True,True,True
evaluation,CXR,B,primary,google/medgemma-1.5-4b-it,repeat1,focal_consolidation,CXR-EVALUATION-042,completed,0,16512,,0,OpenI:CXR336,True,True,True
evaluation,CXR,B,primary,gpt-6-astra,,pleural_effusion,CXR-EVALUATION-001,completed,1,13258,,1,OpenI:CXR3148,True,True,True
evaluation,CXR,B,primary,gpt-6-astra,,pleural_effusion,CXR-EVALUATION-002,completed,0,15692,,1,OpenI:CXR353,True,False,False
evaluation,CXR,B,primary,gpt-6-astra,,pleural_effusion,CXR-EVALUATION-003,completed,1,17491,,1,OpenI:CXR650,True,True,True
evaluation,CXR,B,primary,gpt-6-astra,,pleural_effusion,CXR-EVALUATION-004,completed,1,13417,,1,OpenI:CXR702,True,True,True
evaluation,CXR,B,primary,gpt-6-astra,,pleural_effusion,CXR-EVALUATION-005,abstained,,18342,,1,OpenI:CXR3508,False,,False
evaluation,CXR,B,primary,gpt-6-astra,,pleural_effusion,CXR-EVALUATION-006,completed,0,17282,,1,OpenI:CXR1699,True,False,False
evaluation,CXR,B,primary,gpt-6-astra,,pleural_effusion,CXR-EVALUATION-007,completed,0,14280,,1,OpenI:CXR3557,True,False,False
evaluation,CXR,B,primary,gpt-6-astra,,pleural_effusion,CXR-EVALUATION-008,completed,1,13639,,1,OpenI:CXR1313,True,True,True
evaluation,CXR,B,primary,gpt-6-astra,,pleural_effusion,CXR-EVALUATION-009,completed,1,15363,,1,OpenI:CXR2074,True,True,True
evaluation,CXR,B,primary,gpt-6-astra,,pleural_effusion,CXR-EVALUATION-010,completed,1,18567,,1,OpenI:CXR25,True,True,True
evaluation,CXR,B,primary,gpt-6-astra,,pleural_effusion,CXR-EVALUATION-014,abstained,,15328,,1,OpenI:CXR3945,False,,False
evaluation,CXR,B,primary,gpt-6-astra,,pleural_effusion,CXR-EVALUATION-016,completed,0,14268,,0,OpenI:CXR1339,True,True,True
evaluation,CXR,B,primary,gpt-6-astra,,pleural_effusion,CXR-EVALUATION-019,completed,0,11743,,0,OpenI:CXR3694,True,True,True
evaluation,CXR,B,primary,gpt-6-astra,,pleural_effusion,CXR-EVALUATION-021,completed,0,12809,,0,OpenI:CXR3941,True,True,True
evaluation,CXR,B,primary,gpt-6-astra,,pleural_effusion,CXR-EVALUATION-022,completed,0,13674,,0,OpenI:CXR1801,True,True,True
evaluation,CXR,B,primary,gpt-6-astra,,pleural_effusion,CXR-EVALUATION-025,completed,0,12769,,0,OpenI:CXR3700,True,True,True
evaluation,CXR,B,primary,gpt-6-astra,,pleural_effusion,CXR-EVALUATION-027,completed,0,16532,,0,OpenI:CXR1343,True,True,True
evaluation,CXR,B,primary,gpt-6-astra,,pleural_effusion,CXR-EVALUATION-028,completed,0,14407,,0,OpenI:CXR2506,True,True,True
evaluation,CXR,B,primary,gpt-6-astra,,pleural_effusion,CXR-EVALUATION-031,completed,0,12378,,0,OpenI:CXR3565,True,True,True
evaluation,CXR,B,primary,gpt-6-astra,,pleural_effusion,CXR-EVALUATION-033,completed,0,13538,,0,OpenI:CXR3130,True,True,True
evaluation,CXR,B,primary,gpt-6-astra,,pleural_effusion,CXR-EVALUATION-036,completed,1,13514,,1,OpenI:CXR2716,True,True,True
evaluation,CXR,B,primary,gpt-6-astra,,pleural_effusion,CXR-EVALUATION-037,abstained,,17300,,1,OpenI:CXR313,False,,False
evaluation,CXR,B,primary,gpt-6-astra,,pleural_effusion,CXR-EVALUATION-038,completed,1,14165,,1,OpenI:CXR1383,True,True,True
evaluation,CXR,B,primary,gpt-6-astra,,pleural_effusion,CXR-EVALUATION-039,completed,1,15826,,1,OpenI:CXR2370,True,True,True
evaluation,CXR,B,primary,gpt-6-astra,,pleural_effusion,CXR-EVALUATION-040,completed,1,13371,,1,OpenI:CXR1012,True,True,True
evaluation,CXR,B,primary,gpt-6-astra,,pleural_effusion,CXR-EVALUATION-041,completed,0,12178,,0,OpenI:CXR1531,True,True,True
evaluation,CXR,B,primary,gpt-6-astra,,pleural_effusion,CXR-EVALUATION-042,completed,0,13588,,0,OpenI:CXR336,True,True,True
evaluation,CXR,B,primary,gpt-6-astra,,pleural_effusion,CXR-EVALUATION-043,completed,0,14727,,0,OpenI:CXR2541,True,True,True
evaluation,CXR,B,primary,gpt-6-astra,,pleural_effusion,CXR-EVALUATION-044,completed,0,14924,,0,OpenI:CXR225,True,True,True
evaluation,CXR,B,primary,gpt-6-astra,,pleural_effusion,CXR-EVALUATION-045,completed,0,16125,,0,OpenI:CXR2333,True,True,True
evaluation,CXR,B,primary,gpt-6-astra,,pleural_effusion,CXR-EVALUATION-046,completed,0,11450,,0,OpenI:CXR2291,True,True,True
evaluation,CXR,B,primary,gpt-6-astra,,pleural_effusion,CXR-EVALUATION-047,completed,0,11804,,0,OpenI:CXR367,True,True,True
evaluation,CXR,B,primary,gpt-6-astra,,pleural_effusion,CXR-EVALUATION-048,completed,0,12391,,0,OpenI:CXR2131,True,True,True
evaluation,CXR,B,primary,gpt-6-astra,,pleural_effusion,CXR-EVALUATION-049,completed,0,13348,,0,OpenI:CXR3139,True,True,True
evaluation,CXR,B,primary,gpt-6-astra,,pleural_effusion,CXR-EVALUATION-050,completed,0,12466,,0,OpenI:CXR250,True,True,True
evaluation,CXR,B,primary,gpt-6-astra,,pleural_effusion,CXR-EVALUATION-051,completed,0,12137,,0,OpenI:CXR3391,True,True,True
evaluation,CXR,B,primary,gpt-6-astra,,pleural_effusion,CXR-EVALUATION-052,completed,0,11880,,0,OpenI:CXR2748,True,True,True
evaluation,CXR,B,primary,gpt-6-astra,,pleural_effusion,CXR-EVALUATION-053,completed,0,12843,,0,OpenI:CXR1943,True,True,True
evaluation,CXR,B,primary,gpt-6-astra,,pleural_effusion,CXR-EVALUATION-054,completed,0,12535,,0,OpenI:CXR90,True,True,True
evaluation,CXR,B,primary,gpt-6-astra,,pleural_effusion,CXR-EVALUATION-055,completed,0,14328,,0,OpenI:CXR3796,True,True,True
evaluation,CXR,B,primary,gpt-6-astra,,pleural_effusion,CXR-EVALUATION-056,completed,0,13974,,0,OpenI:CXR404,True,True,True
evaluation,CXR,B,primary,gpt-6-astra,,pleural_effusion,CXR-EVALUATION-057,completed,0,13381,,0,OpenI:CXR2149,True,True,True
evaluation,CXR,B,primary,gpt-6-astra,,pleural_effusion,CXR-EVALUATION-058,abstained,,15640,,0,OpenI:CXR3651,False,,False
evaluation,CXR,B,primary,gpt-6-astra,,pleural_effusion,CXR-EVALUATION-059,completed,0,13097,,0,OpenI:CXR2620,True,True,True
evaluation,CXR,B,primary,gpt-6-astra,,pleural_effusion,CXR-EVALUATION-060,completed,0,12736,,0,OpenI:CXR3339,True,True,True
evaluation,CXR,B,primary,gpt-6-astra,,pneumothorax,CXR-EVALUATION-002,completed,0,15692,,0,OpenI:CXR353,True,True,True
evaluation,CXR,B,primary,gpt-6-astra,,pneumothorax,CXR-EVALUATION-003,completed,0,17491,,0,OpenI:CXR650,True,True,True
evaluation,CXR,B,primary,gpt-6-astra,,pneumothorax,CXR-EVALUATION-004,completed,0,13417,,0,OpenI:CXR702,True,True,True
evaluation,CXR,B,primary,gpt-6-astra,,pneumothorax,CXR-EVALUATION-006,completed,0,17282,,0,OpenI:CXR1699,True,True,True
evaluation,CXR,B,primary,gpt-6-astra,,pneumothorax,CXR-EVALUATION-007,completed,0,14280,,0,OpenI:CXR3557,True,True,True
evaluation,CXR,B,primary,gpt-6-astra,,pneumothorax,CXR-EVALUATION-008,completed,0,13639,,0,OpenI:CXR1313,True,True,True
evaluation,CXR,B,primary,gpt-6-astra,,pneumothorax,CXR-EVALUATION-009,completed,0,15363,,0,OpenI:CXR2074,True,True,True
evaluation,CXR,B,primary,gpt-6-astra,,pneumothorax,CXR-EVALUATION-010,completed,0,18567,,0,OpenI:CXR25,True,True,True
evaluation,CXR,B,primary,gpt-6-astra,,pneumothorax,CXR-EVALUATION-011,completed,0,13472,,1,OpenI:CXR465,True,False,False
evaluation,CXR,B,primary,gpt-6-astra,,pneumothorax,CXR-EVALUATION-012,completed,0,11214,,1,OpenI:CXR91,True,False,False
evaluation,CXR,B,primary,gpt-6-astra,,pneumothorax,CXR-EVALUATION-013,completed,0,23161,,1,OpenI:CXR2827,True,False,False
evaluation,CXR,B,primary,gpt-6-astra,,pneumothorax,CXR-EVALUATION-014,completed,0,15328,,1,OpenI:CXR3945,True,False,False
evaluation,CXR,B,primary,gpt-6-astra,,pneumothorax,CXR-EVALUATION-015,abstained,,18721,,1,OpenI:CXR1874,False,,False
evaluation,CXR,B,primary,gpt-6-astra,,pneumothorax,CXR-EVALUATION-016,completed,0,14268,,1,OpenI:CXR1339,True,False,False
evaluation,CXR,B,primary,gpt-6-astra,,pneumothorax,CXR-EVALUATION-017,completed,0,12890,,1,OpenI:CXR3369,True,False,False
evaluation,CXR,B,primary,gpt-6-astra,,pneumothorax,CXR-EVALUATION-018,completed,0,11871,,1,OpenI:CXR3378,True,False,False
evaluation,CXR,B,primary,gpt-6-astra,,pneumothorax,CXR-EVALUATION-019,completed,0,11743,,1,OpenI:CXR3694,True,False,False
evaluation,CXR,B,primary,gpt-6-astra,,pneumothorax,CXR-EVALUATION-020,completed,0,14285,,1,OpenI:CXR64,True,False,False
evaluation,CXR,B,primary,gpt-6-astra,,pneumothorax,CXR-EVALUATION-021,completed,0,12809,,0,OpenI:CXR3941,True,True,True
evaluation,CXR,B,primary,gpt-6-astra,,pneumothorax,CXR-EVALUATION-022,completed,0,13674,,0,OpenI:CXR1801,True,True,True
evaluation,CXR,B,primary,gpt-6-astra,,pneumothorax,CXR-EVALUATION-023,completed,0,13106,,0,OpenI:CXR1936,True,True,True
evaluation,CXR,B,primary,gpt-6-astra,,pneumothorax,CXR-EVALUATION-025,completed,0,12769,,0,OpenI:CXR3700,True,True,True
evaluation,CXR,B,primary,gpt-6-astra,,pneumothorax,CXR-EVALUATION-027,completed,0,16532,,0,OpenI:CXR1343,True,True,True
evaluation,CXR,B,primary,gpt-6-astra,,pneumothorax,CXR-EVALUATION-028,completed,0,14407,,0,OpenI:CXR2506,True,True,True
evaluation,CXR,B,primary,gpt-6-astra,,pneumothorax,CXR-EVALUATION-031,completed,0,12378,,0,OpenI:CXR3565,True,True,True
evaluation,CXR,B,primary,gpt-6-astra,,pneumothorax,CXR-EVALUATION-033,completed,0,13538,,0,OpenI:CXR3130,True,True,True
evaluation,CXR,B,primary,gpt-6-astra,,pneumothorax,CXR-EVALUATION-034,completed,0,13945,,0,OpenI:CXR28,True,True,True
evaluation,CXR,B,primary,gpt-6-astra,,pneumothorax,CXR-EVALUATION-037,completed,0,17300,,0,OpenI:CXR313,True,True,True
evaluation,CXR,B,primary,gpt-6-astra,,pneumothorax,CXR-EVALUATION-038,completed,0,14165,,0,OpenI:CXR1383,True,True,True
evaluation,CXR,B,primary,gpt-6-astra,,pneumothorax,CXR-EVALUATION-041,completed,0,12178,,0,OpenI:CXR1531,True,True,True
evaluation,CXR,B,primary,gpt-6-astra,,pneumothorax,CXR-EVALUATION-042,completed,0,13588,,0,OpenI:CXR336,True,True,True
evaluation,CXR,B,primary,gpt-6-astra,,pneumothorax,CXR-EVALUATION-043,completed,0,14727,,0,OpenI:CXR2541,True,True,True
evaluation,CXR,B,primary,gpt-6-astra,,pneumothorax,CXR-EVALUATION-044,completed,0,14924,,0,OpenI:CXR225,True,True,True
evaluation,CXR,B,primary,gpt-6-astra,,pneumothorax,CXR-EVALUATION-045,completed,0,16125,,0,OpenI:CXR2333,True,True,True
evaluation,CXR,B,primary,gpt-6-astra,,pneumothorax,CXR-EVALUATION-046,completed,0,11450,,0,OpenI:CXR2291,True,True,True
evaluation,CXR,B,primary,gpt-6-astra,,pneumothorax,CXR-EVALUATION-047,completed,0,11804,,0,OpenI:CXR367,True,True,True
evaluation,CXR,B,primary,gpt-6-astra,,pneumothorax,CXR-EVALUATION-048,completed,0,12391,,0,OpenI:CXR2131,True,True,True
evaluation,CXR,B,primary,gpt-6-astra,,pneumothorax,CXR-EVALUATION-049,completed,0,13348,,0,OpenI:CXR3139,True,True,True
evaluation,CXR,B,primary,gpt-6-astra,,pneumothorax,CXR-EVALUATION-050,completed,0,12466,,0,OpenI:CXR250,True,True,True
evaluation,CXR,B,primary,gpt-6-astra,,pneumothorax,CXR-EVALUATION-051,completed,0,12137,,0,OpenI:CXR3391,True,True,True
evaluation,CXR,B,primary,gpt-6-astra,,pneumothorax,CXR-EVALUATION-052,completed,0,11880,,0,OpenI:CXR2748,True,True,True
evaluation,CXR,B,primary,gpt-6-astra,,pneumothorax,CXR-EVALUATION-053,completed,0,12843,,0,OpenI:CXR1943,True,True,True
evaluation,CXR,B,primary,gpt-6-astra,,pneumothorax,CXR-EVALUATION-054,completed,0,12535,,0,OpenI:CXR90,True,True,True
evaluation,CXR,B,primary,gpt-6-astra,,pneumothorax,CXR-EVALUATION-055,completed,0,14328,,0,OpenI:CXR3796,True,True,True
evaluation,CXR,B,primary,gpt-6-astra,,pneumothorax,CXR-EVALUATION-056,completed,0,13974,,0,OpenI:CXR404,True,True,True
evaluation,CXR,B,primary,gpt-6-astra,,pneumothorax,CXR-EVALUATION-057,completed,0,13381,,0,OpenI:CXR2149,True,True,True
evaluation,CXR,B,primary,gpt-6-astra,,pneumothorax,CXR-EVALUATION-058,completed,0,15640,,0,OpenI:CXR3651,True,True,True
evaluation,CXR,B,primary,gpt-6-astra,,pneumothorax,CXR-EVALUATION-059,completed,0,13097,,0,OpenI:CXR2620,True,True,True
evaluation,CXR,B,primary,gpt-6-astra,,pneumothorax,CXR-EVALUATION-060,completed,0,12736,,0,OpenI:CXR3339,True,True,True
evaluation,CXR,B,primary,gpt-6-astra,,cardiomegaly,CXR-EVALUATION-001,completed,0,13258,,1,OpenI:CXR3148,True,False,False
evaluation,CXR,B,primary,gpt-6-astra,,cardiomegaly,CXR-EVALUATION-003,completed,1,17491,,1,OpenI:CXR650,True,True,True
evaluation,CXR,B,primary,gpt-6-astra,,cardiomegaly,CXR-EVALUATION-005,completed,0,18342,,0,OpenI:CXR3508,True,True,True
evaluation,CXR,B,primary,gpt-6-astra,,cardiomegaly,CXR-EVALUATION-007,completed,0,14280,,0,OpenI:CXR3557,True,True,True
evaluation,CXR,B,primary,gpt-6-astra,,cardiomegaly,CXR-EVALUATION-008,input_insufficient,,13639,,0,OpenI:CXR1313,False,,False
evaluation,CXR,B,primary,gpt-6-astra,,cardiomegaly,CXR-EVALUATION-010,completed,0,18567,,0,OpenI:CXR25,True,True,True
evaluation,CXR,B,primary,gpt-6-astra,,cardiomegaly,CXR-EVALUATION-012,completed,0,11214,,0,OpenI:CXR91,True,True,True
evaluation,CXR,B,primary,gpt-6-astra,,cardiomegaly,CXR-EVALUATION-013,completed,0,23161,,0,OpenI:CXR2827,True,True,True
evaluation,CXR,B,primary,gpt-6-astra,,cardiomegaly,CXR-EVALUATION-014,completed,0,15328,,0,OpenI:CXR3945,True,True,True
evaluation,CXR,B,primary,gpt-6-astra,,cardiomegaly,CXR-EVALUATION-018,completed,0,11871,,0,OpenI:CXR3378,True,True,True
evaluation,CXR,B,primary,gpt-6-astra,,cardiomegaly,CXR-EVALUATION-020,completed,0,14285,,0,OpenI:CXR64,True,True,True
evaluation,CXR,B,primary,gpt-6-astra,,cardiomegaly,CXR-EVALUATION-021,completed,0,12809,,1,OpenI:CXR3941,True,False,False
evaluation,CXR,B,primary,gpt-6-astra,,cardiomegaly,CXR-EVALUATION-022,completed,0,13674,,1,OpenI:CXR1801,True,False,False
evaluation,CXR,B,primary,gpt-6-astra,,cardiomegaly,CXR-EVALUATION-023,completed,1,13106,,1,OpenI:CXR1936,True,True,True
evaluation,CXR,B,primary,gpt-6-astra,,cardiomegaly,CXR-EVALUATION-024,completed,1,14640,,1,OpenI:CXR925,True,True,True
evaluation,CXR,B,primary,gpt-6-astra,,cardiomegaly,CXR-EVALUATION-025,completed,1,12769,,1,OpenI:CXR3700,True,True,True
evaluation,CXR,B,primary,gpt-6-astra,,cardiomegaly,CXR-EVALUATION-026,abstained,,15949,,1,OpenI:CXR1139,False,,False
evaluation,CXR,B,primary,gpt-6-astra,,cardiomegaly,CXR-EVALUATION-027,completed,0,16532,,1,OpenI:CXR1343,True,False,False
evaluation,CXR,B,primary,gpt-6-astra,,cardiomegaly,CXR-EVALUATION-028,completed,1,14407,,1,OpenI:CXR2506,True,True,True
evaluation,CXR,B,primary,gpt-6-astra,,cardiomegaly,CXR-EVALUATION-029,completed,0,12348,,1,OpenI:CXR2456,True,False,False
evaluation,CXR,B,primary,gpt-6-astra,,cardiomegaly,CXR-EVALUATION-030,completed,0,11173,,1,OpenI:CXR3529,True,False,False
evaluation,CXR,B,primary,gpt-6-astra,,cardiomegaly,CXR-EVALUATION-033,completed,0,13538,,1,OpenI:CXR3130,True,False,False
evaluation,CXR,B,primary,gpt-6-astra,,cardiomegaly,CXR-EVALUATION-034,completed,1,13945,,1,OpenI:CXR28,True,True,True
evaluation,CXR,B,primary,gpt-6-astra,,cardiomegaly,CXR-EVALUATION-035,completed,0,15319,,0,OpenI:CXR1353,True,True,True
evaluation,CXR,B,primary,gpt-6-astra,,cardiomegaly,CXR-EVALUATION-036,completed,0,13514,,0,OpenI:CXR2716,True,True,True
evaluation,CXR,B,primary,gpt-6-astra,,cardiomegaly,CXR-EVALUATION-037,completed,1,17300,,1,OpenI:CXR313,True,True,True
evaluation,CXR,B,primary,gpt-6-astra,,cardiomegaly,CXR-EVALUATION-039,completed,0,15826,,0,OpenI:CXR2370,True,True,True
evaluation,CXR,B,primary,gpt-6-astra,,cardiomegaly,CXR-EVALUATION-040,abstained,,13371,,0,OpenI:CXR1012,False,,False
evaluation,CXR,B,primary,gpt-6-astra,,cardiomegaly,CXR-EVALUATION-041,completed,0,12178,,0,OpenI:CXR1531,True,True,True
evaluation,CXR,B,primary,gpt-6-astra,,cardiomegaly,CXR-EVALUATION-042,completed,0,13588,,0,OpenI:CXR336,True,True,True
evaluation,CXR,B,primary,gpt-6-astra,,cardiomegaly,CXR-EVALUATION-043,completed,0,14727,,0,OpenI:CXR2541,True,True,True
evaluation,CXR,B,primary,gpt-6-astra,,cardiomegaly,CXR-EVALUATION-044,completed,0,14924,,0,OpenI:CXR225,True,True,True
evaluation,CXR,B,primary,gpt-6-astra,,cardiomegaly,CXR-EVALUATION-045,input_insufficient,,16125,,0,OpenI:CXR2333,False,,False
evaluation,CXR,B,primary,gpt-6-astra,,cardiomegaly,CXR-EVALUATION-046,completed,0,11450,,0,OpenI:CXR2291,True,True,True
evaluation,CXR,B,primary,gpt-6-astra,,cardiomegaly,CXR-EVALUATION-047,completed,0,11804,,0,OpenI:CXR367,True,True,True
evaluation,CXR,B,primary,gpt-6-astra,,cardiomegaly,CXR-EVALUATION-048,completed,0,12391,,0,OpenI:CXR2131,True,True,True
evaluation,CXR,B,primary,gpt-6-astra,,cardiomegaly,CXR-EVALUATION-049,completed,0,13348,,0,OpenI:CXR3139,True,True,True
evaluation,CXR,B,primary,gpt-6-astra,,cardiomegaly,CXR-EVALUATION-050,completed,0,12466,,0,OpenI:CXR250,True,True,True
evaluation,CXR,B,primary,gpt-6-astra,,cardiomegaly,CXR-EVALUATION-051,completed,0,12137,,0,OpenI:CXR3391,True,True,True
evaluation,CXR,B,primary,gpt-6-astra,,cardiomegaly,CXR-EVALUATION-052,completed,0,11880,,0,OpenI:CXR2748,True,True,True
evaluation,CXR,B,primary,gpt-6-astra,,cardiomegaly,CXR-EVALUATION-053,completed,0,12843,,0,OpenI:CXR1943,True,True,True
evaluation,CXR,B,primary,gpt-6-astra,,cardiomegaly,CXR-EVALUATION-054,completed,0,12535,,0,OpenI:CXR90,True,True,True
evaluation,CXR,B,primary,gpt-6-astra,,cardiomegaly,CXR-EVALUATION-055,completed,0,14328,,0,OpenI:CXR3796,True,True,True
evaluation,CXR,B,primary,gpt-6-astra,,cardiomegaly,CXR-EVALUATION-056,completed,0,13974,,0,OpenI:CXR404,True,True,True
evaluation,CXR,B,primary,gpt-6-astra,,cardiomegaly,CXR-EVALUATION-057,completed,0,13381,,0,OpenI:CXR2149,True,True,True
evaluation,CXR,B,primary,gpt-6-astra,,cardiomegaly,CXR-EVALUATION-058,completed,0,15640,,0,OpenI:CXR3651,True,True,True
evaluation,CXR,B,primary,gpt-6-astra,,cardiomegaly,CXR-EVALUATION-059,completed,0,13097,,0,OpenI:CXR2620,True,True,True
evaluation,CXR,B,primary,gpt-6-astra,,cardiomegaly,CXR-EVALUATION-060,completed,0,12736,,0,OpenI:CXR3339,True,True,True
evaluation,CXR,B,primary,gpt-6-astra,,focal_consolidation,CXR-EVALUATION-001,completed,0,13258,,0,OpenI:CXR3148,True,True,True
evaluation,CXR,B,primary,gpt-6-astra,,focal_consolidation,CXR-EVALUATION-004,abstained,,13417,,0,OpenI:CXR702,False,,False
evaluation,CXR,B,primary,gpt-6-astra,,focal_consolidation,CXR-EVALUATION-006,abstained,,17282,,1,OpenI:CXR1699,False,,False
evaluation,CXR,B,primary,gpt-6-astra,,focal_consolidation,CXR-EVALUATION-019,completed,0,11743,,0,OpenI:CXR3694,True,True,True
evaluation,CXR,B,primary,gpt-6-astra,,focal_consolidation,CXR-EVALUATION-020,completed,0,14285,,0,OpenI:CXR64,True,True,True
evaluation,CXR,B,primary,gpt-6-astra,,focal_consolidation,CXR-EVALUATION-021,completed,0,12809,,0,OpenI:CXR3941,True,True,True
evaluation,CXR,B,primary,gpt-6-astra,,focal_consolidation,CXR-EVALUATION-022,completed,0,13674,,0,OpenI:CXR1801,True,True,True
evaluation,CXR,B,primary,gpt-6-astra,,focal_consolidation,CXR-EVALUATION-028,completed,0,14407,,0,OpenI:CXR2506,True,True,True
evaluation,CXR,B,primary,gpt-6-astra,,focal_consolidation,CXR-EVALUATION-031,completed,1,12378,,1,OpenI:CXR3565,True,True,True
evaluation,CXR,B,primary,gpt-6-astra,,focal_consolidation,CXR-EVALUATION-032,completed,0,13820,,1,OpenI:CXR1501,True,False,False
evaluation,CXR,B,primary,gpt-6-astra,,focal_consolidation,CXR-EVALUATION-033,completed,0,13538,,1,OpenI:CXR3130,True,False,False
evaluation,CXR,B,primary,gpt-6-astra,,focal_consolidation,CXR-EVALUATION-034,abstained,,13945,,1,OpenI:CXR28,False,,False
evaluation,CXR,B,primary,gpt-6-astra,,focal_consolidation,CXR-EVALUATION-035,completed,1,15319,,1,OpenI:CXR1353,True,True,True
evaluation,CXR,B,primary,gpt-6-astra,,focal_consolidation,CXR-EVALUATION-037,completed,1,17300,,1,OpenI:CXR313,True,True,True
evaluation,CXR,B,primary,gpt-6-astra,,focal_consolidation,CXR-EVALUATION-038,abstained,,14165,,1,OpenI:CXR1383,False,,False
evaluation,CXR,B,primary,gpt-6-astra,,focal_consolidation,CXR-EVALUATION-039,completed,1,15826,,1,OpenI:CXR2370,True,True,True
evaluation,CXR,B,primary,gpt-6-astra,,focal_consolidation,CXR-EVALUATION-040,abstained,,13371,,1,OpenI:CXR1012,False,,False
evaluation,CXR,B,primary,gpt-6-astra,,focal_consolidation,CXR-EVALUATION-041,completed,0,12178,,0,OpenI:CXR1531,True,True,True
evaluation,CXR,B,primary,gpt-6-astra,,focal_consolidation,CXR-EVALUATION-042,completed,0,13588,,0,OpenI:CXR336,True,True,True
evaluation,CXR,B,primary,gpt-6-astra,,focal_consolidation,CXR-EVALUATION-043,completed,0,14727,,0,OpenI:CXR2541,True,True,True
evaluation,CXR,B,primary,gpt-6-astra,,focal_consolidation,CXR-EVALUATION-044,completed,0,14924,,0,OpenI:CXR225,True,True,True
evaluation,CXR,B,primary,gpt-6-astra,,focal_consolidation,CXR-EVALUATION-045,completed,0,16125,,0,OpenI:CXR2333,True,True,True
evaluation,CXR,B,primary,gpt-6-astra,,focal_consolidation,CXR-EVALUATION-046,completed,0,11450,,0,OpenI:CXR2291,True,True,True
evaluation,CXR,B,primary,gpt-6-astra,,focal_consolidation,CXR-EVALUATION-047,completed,0,11804,,0,OpenI:CXR367,True,True,True
evaluation,CXR,B,primary,gpt-6-astra,,focal_consolidation,CXR-EVALUATION-048,completed,0,12391,,0,OpenI:CXR2131,True,True,True
evaluation,CXR,B,primary,gpt-6-astra,,focal_consolidation,CXR-EVALUATION-049,completed,0,13348,,0,OpenI:CXR3139,True,True,True
evaluation,CXR,B,primary,gpt-6-astra,,focal_consolidation,CXR-EVALUATION-050,completed,0,12466,,0,OpenI:CXR250,True,True,True
evaluation,CXR,B,primary,gpt-6-astra,,focal_consolidation,CXR-EVALUATION-051,completed,0,12137,,0,OpenI:CXR3391,True,True,True
evaluation,CXR,B,primary,gpt-6-astra,,focal_consolidation,CXR-EVALUATION-052,completed,0,11880,,0,OpenI:CXR2748,True,True,True
evaluation,CXR,B,primary,gpt-6-astra,,focal_consolidation,CXR-EVALUATION-053,completed,0,12843,,0,OpenI:CXR1943,True,True,True
evaluation,CXR,B,primary,gpt-6-astra,,focal_consolidation,CXR-EVALUATION-054,completed,0,12535,,0,OpenI:CXR90,True,True,True
evaluation,CXR,B,primary,gpt-6-astra,,focal_consolidation,CXR-EVALUATION-055,completed,0,14328,,0,OpenI:CXR3796,True,True,True
evaluation,CXR,B,primary,gpt-6-astra,,focal_consolidation,CXR-EVALUATION-056,completed,0,13974,,0,OpenI:CXR404,True,True,True
evaluation,CXR,B,primary,gpt-6-astra,,focal_consolidation,CXR-EVALUATION-057,completed,0,13381,,0,OpenI:CXR2149,True,True,True
evaluation,CXR,B,primary,gpt-6-astra,,focal_consolidation,CXR-EVALUATION-058,completed,0,15640,,0,OpenI:CXR3651,True,True,True
evaluation,CXR,B,primary,gpt-6-astra,,focal_consolidation,CXR-EVALUATION-059,completed,0,13097,,0,OpenI:CXR2620,True,True,True
evaluation,CXR,B,primary,gpt-6-astra,,focal_consolidation,CXR-EVALUATION-060,completed,0,12736,,0,OpenI:CXR3339,True,True,True
evaluation,CXR,B,primary,gpt-6-astra,repeat1,pleural_effusion,CXR-EVALUATION-001,completed,1,16159,,1,OpenI:CXR3148,True,True,True
evaluation,CXR,B,primary,gpt-6-astra,repeat1,pleural_effusion,CXR-EVALUATION-021,completed,0,14713,,0,OpenI:CXR3941,True,True,True
evaluation,CXR,B,primary,gpt-6-astra,repeat1,pleural_effusion,CXR-EVALUATION-041,completed,0,13031,,0,OpenI:CXR1531,True,True,True
evaluation,CXR,B,primary,gpt-6-astra,repeat1,pleural_effusion,CXR-EVALUATION-042,completed,0,13185,,0,OpenI:CXR336,True,True,True
evaluation,CXR,B,primary,gpt-6-astra,repeat1,pneumothorax,CXR-EVALUATION-011,completed,0,15983,,1,OpenI:CXR465,True,False,False
evaluation,CXR,B,primary,gpt-6-astra,repeat1,pneumothorax,CXR-EVALUATION-021,completed,0,14713,,0,OpenI:CXR3941,True,True,True
evaluation,CXR,B,primary,gpt-6-astra,repeat1,pneumothorax,CXR-EVALUATION-041,completed,0,13031,,0,OpenI:CXR1531,True,True,True
evaluation,CXR,B,primary,gpt-6-astra,repeat1,pneumothorax,CXR-EVALUATION-042,completed,0,13185,,0,OpenI:CXR336,True,True,True
evaluation,CXR,B,primary,gpt-6-astra,repeat1,cardiomegaly,CXR-EVALUATION-001,completed,0,16159,,1,OpenI:CXR3148,True,False,False
evaluation,CXR,B,primary,gpt-6-astra,repeat1,cardiomegaly,CXR-EVALUATION-021,completed,0,14713,,1,OpenI:CXR3941,True,False,False
evaluation,CXR,B,primary,gpt-6-astra,repeat1,cardiomegaly,CXR-EVALUATION-041,completed,0,13031,,0,OpenI:CXR1531,True,True,True
evaluation,CXR,B,primary,gpt-6-astra,repeat1,cardiomegaly,CXR-EVALUATION-042,completed,0,13185,,0,OpenI:CXR336,True,True,True
evaluation,CXR,B,primary,gpt-6-astra,repeat1,focal_consolidation,CXR-EVALUATION-001,completed,0,16159,,0,OpenI:CXR3148,True,True,True
evaluation,CXR,B,primary,gpt-6-astra,repeat1,focal_consolidation,CXR-EVALUATION-021,completed,0,14713,,0,OpenI:CXR3941,True,True,True
evaluation,CXR,B,primary,gpt-6-astra,repeat1,focal_consolidation,CXR-EVALUATION-041,completed,0,13031,,0,OpenI:CXR1531,True,True,True
evaluation,CXR,B,primary,gpt-6-astra,repeat1,focal_consolidation,CXR-EVALUATION-042,completed,0,13185,,0,OpenI:CXR336,True,True,True
evaluation,CXR,B,primary,gpt-6-luna,,pleural_effusion,CXR-EVALUATION-001,completed,0,7393,,1,OpenI:CXR3148,True,False,False
evaluation,CXR,B,primary,gpt-6-luna,,pleural_effusion,CXR-EVALUATION-002,completed,0,12219,,1,OpenI:CXR353,True,False,False
evaluation,CXR,B,primary,gpt-6-luna,,pleural_effusion,CXR-EVALUATION-003,abstained,,10601,,1,OpenI:CXR650,False,,False
evaluation,CXR,B,primary,gpt-6-luna,,pleural_effusion,CXR-EVALUATION-004,completed,1,10526,,1,OpenI:CXR702,True,True,True
evaluation,CXR,B,primary,gpt-6-luna,,pleural_effusion,CXR-EVALUATION-005,completed,1,8492,,1,OpenI:CXR3508,True,True,True
evaluation,CXR,B,primary,gpt-6-luna,,pleural_effusion,CXR-EVALUATION-006,completed,0,8267,,1,OpenI:CXR1699,True,False,False
evaluation,CXR,B,primary,gpt-6-luna,,pleural_effusion,CXR-EVALUATION-007,completed,0,9658,,1,OpenI:CXR3557,True,False,False
evaluation,CXR,B,primary,gpt-6-luna,,pleural_effusion,CXR-EVALUATION-008,abstained,,13943,,1,OpenI:CXR1313,False,,False
evaluation,CXR,B,primary,gpt-6-luna,,pleural_effusion,CXR-EVALUATION-009,completed,1,9414,,1,OpenI:CXR2074,True,True,True
evaluation,CXR,B,primary,gpt-6-luna,,pleural_effusion,CXR-EVALUATION-010,completed,1,10604,,1,OpenI:CXR25,True,True,True
evaluation,CXR,B,primary,gpt-6-luna,,pleural_effusion,CXR-EVALUATION-014,completed,0,9501,,1,OpenI:CXR3945,True,False,False
evaluation,CXR,B,primary,gpt-6-luna,,pleural_effusion,CXR-EVALUATION-016,completed,0,9973,,0,OpenI:CXR1339,True,True,True
evaluation,CXR,B,primary,gpt-6-luna,,pleural_effusion,CXR-EVALUATION-019,completed,0,9291,,0,OpenI:CXR3694,True,True,True
evaluation,CXR,B,primary,gpt-6-luna,,pleural_effusion,CXR-EVALUATION-021,completed,0,15432,,0,OpenI:CXR3941,True,True,True
evaluation,CXR,B,primary,gpt-6-luna,,pleural_effusion,CXR-EVALUATION-022,completed,0,10012,,0,OpenI:CXR1801,True,True,True
evaluation,CXR,B,primary,gpt-6-luna,,pleural_effusion,CXR-EVALUATION-025,completed,0,8641,,0,OpenI:CXR3700,True,True,True
evaluation,CXR,B,primary,gpt-6-luna,,pleural_effusion,CXR-EVALUATION-027,completed,0,8140,,0,OpenI:CXR1343,True,True,True
evaluation,CXR,B,primary,gpt-6-luna,,pleural_effusion,CXR-EVALUATION-028,completed,0,8764,,0,OpenI:CXR2506,True,True,True
evaluation,CXR,B,primary,gpt-6-luna,,pleural_effusion,CXR-EVALUATION-031,completed,0,16997,,0,OpenI:CXR3565,True,True,True
evaluation,CXR,B,primary,gpt-6-luna,,pleural_effusion,CXR-EVALUATION-033,completed,0,10749,,0,OpenI:CXR3130,True,True,True
evaluation,CXR,B,primary,gpt-6-luna,,pleural_effusion,CXR-EVALUATION-036,completed,1,14815,,1,OpenI:CXR2716,True,True,True
evaluation,CXR,B,primary,gpt-6-luna,,pleural_effusion,CXR-EVALUATION-037,abstained,,9293,,1,OpenI:CXR313,False,,False
evaluation,CXR,B,primary,gpt-6-luna,,pleural_effusion,CXR-EVALUATION-038,completed,1,8767,,1,OpenI:CXR1383,True,True,True
evaluation,CXR,B,primary,gpt-6-luna,,pleural_effusion,CXR-EVALUATION-039,abstained,,12803,,1,OpenI:CXR2370,False,,False
evaluation,CXR,B,primary,gpt-6-luna,,pleural_effusion,CXR-EVALUATION-040,abstained,,8549,,1,OpenI:CXR1012,False,,False
evaluation,CXR,B,primary,gpt-6-luna,,pleural_effusion,CXR-EVALUATION-041,completed,0,9104,,0,OpenI:CXR1531,True,True,True
evaluation,CXR,B,primary,gpt-6-luna,,pleural_effusion,CXR-EVALUATION-042,completed,0,16044,,0,OpenI:CXR336,True,True,True
evaluation,CXR,B,primary,gpt-6-luna,,pleural_effusion,CXR-EVALUATION-043,completed,0,7901,,0,OpenI:CXR2541,True,True,True
evaluation,CXR,B,primary,gpt-6-luna,,pleural_effusion,CXR-EVALUATION-044,completed,0,7067,,0,OpenI:CXR225,True,True,True
evaluation,CXR,B,primary,gpt-6-luna,,pleural_effusion,CXR-EVALUATION-045,completed,0,15807,,0,OpenI:CXR2333,True,True,True
evaluation,CXR,B,primary,gpt-6-luna,,pleural_effusion,CXR-EVALUATION-046,completed,0,7397,,0,OpenI:CXR2291,True,True,True
evaluation,CXR,B,primary,gpt-6-luna,,pleural_effusion,CXR-EVALUATION-047,completed,0,14285,,0,OpenI:CXR367,True,True,True
evaluation,CXR,B,primary,gpt-6-luna,,pleural_effusion,CXR-EVALUATION-048,completed,0,8299,,0,OpenI:CXR2131,True,True,True
evaluation,CXR,B,primary,gpt-6-luna,,pleural_effusion,CXR-EVALUATION-049,completed,0,8841,,0,OpenI:CXR3139,True,True,True
evaluation,CXR,B,primary,gpt-6-luna,,pleural_effusion,CXR-EVALUATION-050,completed,0,14188,,0,OpenI:CXR250,True,True,True
evaluation,CXR,B,primary,gpt-6-luna,,pleural_effusion,CXR-EVALUATION-051,completed,0,8004,,0,OpenI:CXR3391,True,True,True
evaluation,CXR,B,primary,gpt-6-luna,,pleural_effusion,CXR-EVALUATION-052,completed,0,7461,,0,OpenI:CXR2748,True,True,True
evaluation,CXR,B,primary,gpt-6-luna,,pleural_effusion,CXR-EVALUATION-053,completed,0,7707,,0,OpenI:CXR1943,True,True,True
evaluation,CXR,B,primary,gpt-6-luna,,pleural_effusion,CXR-EVALUATION-054,completed,0,10443,,0,OpenI:CXR90,True,True,True
evaluation,CXR,B,primary,gpt-6-luna,,pleural_effusion,CXR-EVALUATION-055,completed,0,9393,,0,OpenI:CXR3796,True,True,True
evaluation,CXR,B,primary,gpt-6-luna,,pleural_effusion,CXR-EVALUATION-056,completed,0,7827,,0,OpenI:CXR404,True,True,True
evaluation,CXR,B,primary,gpt-6-luna,,pleural_effusion,CXR-EVALUATION-057,completed,0,8445,,0,OpenI:CXR2149,True,True,True
evaluation,CXR,B,primary,gpt-6-luna,,pleural_effusion,CXR-EVALUATION-058,completed,0,8351,,0,OpenI:CXR3651,True,True,True
evaluation,CXR,B,primary,gpt-6-luna,,pleural_effusion,CXR-EVALUATION-059,completed,0,10297,,0,OpenI:CXR2620,True,True,True
evaluation,CXR,B,primary,gpt-6-luna,,pleural_effusion,CXR-EVALUATION-060,completed,0,9218,,0,OpenI:CXR3339,True,True,True
evaluation,CXR,B,primary,gpt-6-luna,,pneumothorax,CXR-EVALUATION-002,completed,0,12219,,0,OpenI:CXR353,True,True,True
evaluation,CXR,B,primary,gpt-6-luna,,pneumothorax,CXR-EVALUATION-003,completed,0,10601,,0,OpenI:CXR650,True,True,True
evaluation,CXR,B,primary,gpt-6-luna,,pneumothorax,CXR-EVALUATION-004,completed,0,10526,,0,OpenI:CXR702,True,True,True
evaluation,CXR,B,primary,gpt-6-luna,,pneumothorax,CXR-EVALUATION-006,input_insufficient,,8267,,0,OpenI:CXR1699,False,,False
evaluation,CXR,B,primary,gpt-6-luna,,pneumothorax,CXR-EVALUATION-007,completed,0,9658,,0,OpenI:CXR3557,True,True,True
evaluation,CXR,B,primary,gpt-6-luna,,pneumothorax,CXR-EVALUATION-008,completed,0,13943,,0,OpenI:CXR1313,True,True,True
evaluation,CXR,B,primary,gpt-6-luna,,pneumothorax,CXR-EVALUATION-009,completed,0,9414,,0,OpenI:CXR2074,True,True,True
evaluation,CXR,B,primary,gpt-6-luna,,pneumothorax,CXR-EVALUATION-010,completed,0,10604,,0,OpenI:CXR25,True,True,True
evaluation,CXR,B,primary,gpt-6-luna,,pneumothorax,CXR-EVALUATION-011,completed,0,10183,,1,OpenI:CXR465,True,False,False
evaluation,CXR,B,primary,gpt-6-luna,,pneumothorax,CXR-EVALUATION-012,completed,0,11877,,1,OpenI:CXR91,True,False,False
evaluation,CXR,B,primary,gpt-6-luna,,pneumothorax,CXR-EVALUATION-013,completed,0,8735,,1,OpenI:CXR2827,True,False,False
evaluation,CXR,B,primary,gpt-6-luna,,pneumothorax,CXR-EVALUATION-014,completed,0,9501,,1,OpenI:CXR3945,True,False,False
evaluation,CXR,B,primary,gpt-6-luna,,pneumothorax,CXR-EVALUATION-015,abstained,,16525,,1,OpenI:CXR1874,False,,False
evaluation,CXR,B,primary,gpt-6-luna,,pneumothorax,CXR-EVALUATION-016,completed,0,9973,,1,OpenI:CXR1339,True,False,False
evaluation,CXR,B,primary,gpt-6-luna,,pneumothorax,CXR-EVALUATION-017,completed,1,10364,,1,OpenI:CXR3369,True,True,True
evaluation,CXR,B,primary,gpt-6-luna,,pneumothorax,CXR-EVALUATION-018,completed,0,7429,,1,OpenI:CXR3378,True,False,False
evaluation,CXR,B,primary,gpt-6-luna,,pneumothorax,CXR-EVALUATION-019,completed,0,9291,,1,OpenI:CXR3694,True,False,False
evaluation,CXR,B,primary,gpt-6-luna,,pneumothorax,CXR-EVALUATION-020,completed,0,13361,,1,OpenI:CXR64,True,False,False
evaluation,CXR,B,primary,gpt-6-luna,,pneumothorax,CXR-EVALUATION-021,completed,0,15432,,0,OpenI:CXR3941,True,True,True
evaluation,CXR,B,primary,gpt-6-luna,,pneumothorax,CXR-EVALUATION-022,completed,0,10012,,0,OpenI:CXR1801,True,True,True
evaluation,CXR,B,primary,gpt-6-luna,,pneumothorax,CXR-EVALUATION-023,completed,0,12097,,0,OpenI:CXR1936,True,True,True
evaluation,CXR,B,primary,gpt-6-luna,,pneumothorax,CXR-EVALUATION-025,completed,0,8641,,0,OpenI:CXR3700,True,True,True
evaluation,CXR,B,primary,gpt-6-luna,,pneumothorax,CXR-EVALUATION-027,completed,0,8140,,0,OpenI:CXR1343,True,True,True
evaluation,CXR,B,primary,gpt-6-luna,,pneumothorax,CXR-EVALUATION-028,completed,0,8764,,0,OpenI:CXR2506,True,True,True
evaluation,CXR,B,primary,gpt-6-luna,,pneumothorax,CXR-EVALUATION-031,completed,0,16997,,0,OpenI:CXR3565,True,True,True
evaluation,CXR,B,primary,gpt-6-luna,,pneumothorax,CXR-EVALUATION-033,completed,0,10749,,0,OpenI:CXR3130,True,True,True
evaluation,CXR,B,primary,gpt-6-luna,,pneumothorax,CXR-EVALUATION-034,completed,0,9385,,0,OpenI:CXR28,True,True,True
evaluation,CXR,B,primary,gpt-6-luna,,pneumothorax,CXR-EVALUATION-037,completed,0,9293,,0,OpenI:CXR313,True,True,True
evaluation,CXR,B,primary,gpt-6-luna,,pneumothorax,CXR-EVALUATION-038,completed,0,8767,,0,OpenI:CXR1383,True,True,True
evaluation,CXR,B,primary,gpt-6-luna,,pneumothorax,CXR-EVALUATION-041,completed,0,9104,,0,OpenI:CXR1531,True,True,True
evaluation,CXR,B,primary,gpt-6-luna,,pneumothorax,CXR-EVALUATION-042,completed,0,16044,,0,OpenI:CXR336,True,True,True
evaluation,CXR,B,primary,gpt-6-luna,,pneumothorax,CXR-EVALUATION-043,completed,0,7901,,0,OpenI:CXR2541,True,True,True
evaluation,CXR,B,primary,gpt-6-luna,,pneumothorax,CXR-EVALUATION-044,completed,0,7067,,0,OpenI:CXR225,True,True,True
evaluation,CXR,B,primary,gpt-6-luna,,pneumothorax,CXR-EVALUATION-045,completed,0,15807,,0,OpenI:CXR2333,True,True,True
evaluation,CXR,B,primary,gpt-6-luna,,pneumothorax,CXR-EVALUATION-046,completed,0,7397,,0,OpenI:CXR2291,True,True,True
evaluation,CXR,B,primary,gpt-6-luna,,pneumothorax,CXR-EVALUATION-047,completed,0,14285,,0,OpenI:CXR367,True,True,True
evaluation,CXR,B,primary,gpt-6-luna,,pneumothorax,CXR-EVALUATION-048,completed,0,8299,,0,OpenI:CXR2131,True,True,True
evaluation,CXR,B,primary,gpt-6-luna,,pneumothorax,CXR-EVALUATION-049,completed,0,8841,,0,OpenI:CXR3139,True,True,True
evaluation,CXR,B,primary,gpt-6-luna,,pneumothorax,CXR-EVALUATION-050,completed,0,14188,,0,OpenI:CXR250,True,True,True
evaluation,CXR,B,primary,gpt-6-luna,,pneumothorax,CXR-EVALUATION-051,completed,0,8004,,0,OpenI:CXR3391,True,True,True
evaluation,CXR,B,primary,gpt-6-luna,,pneumothorax,CXR-EVALUATION-052,completed,0,7461,,0,OpenI:CXR2748,True,True,True
evaluation,CXR,B,primary,gpt-6-luna,,pneumothorax,CXR-EVALUATION-053,completed,0,7707,,0,OpenI:CXR1943,True,True,True
evaluation,CXR,B,primary,gpt-6-luna,,pneumothorax,CXR-EVALUATION-054,completed,0,10443,,0,OpenI:CXR90,True,True,True
evaluation,CXR,B,primary,gpt-6-luna,,pneumothorax,CXR-EVALUATION-055,completed,0,9393,,0,OpenI:CXR3796,True,True,True
evaluation,CXR,B,primary,gpt-6-luna,,pneumothorax,CXR-EVALUATION-056,completed,0,7827,,0,OpenI:CXR404,True,True,True
evaluation,CXR,B,primary,gpt-6-luna,,pneumothorax,CXR-EVALUATION-057,completed,0,8445,,0,OpenI:CXR2149,True,True,True
evaluation,CXR,B,primary,gpt-6-luna,,pneumothorax,CXR-EVALUATION-058,completed,0,8351,,0,OpenI:CXR3651,True,True,True
evaluation,CXR,B,primary,gpt-6-luna,,pneumothorax,CXR-EVALUATION-059,completed,0,10297,,0,OpenI:CXR2620,True,True,True
evaluation,CXR,B,primary,gpt-6-luna,,pneumothorax,CXR-EVALUATION-060,completed,0,9218,,0,OpenI:CXR3339,True,True,True
evaluation,CXR,B,primary,gpt-6-luna,,cardiomegaly,CXR-EVALUATION-001,completed,0,7393,,1,OpenI:CXR3148,True,False,False
evaluation,CXR,B,primary,gpt-6-luna,,cardiomegaly,CXR-EVALUATION-003,completed,1,10601,,1,OpenI:CXR650,True,True,True
evaluation,CXR,B,primary,gpt-6-luna,,cardiomegaly,CXR-EVALUATION-005,completed,0,8492,,0,OpenI:CXR3508,True,True,True
evaluation,CXR,B,primary,gpt-6-luna,,cardiomegaly,CXR-EVALUATION-007,completed,0,9658,,0,OpenI:CXR3557,True,True,True
evaluation,CXR,B,primary,gpt-6-luna,,cardiomegaly,CXR-EVALUATION-008,input_insufficient,,13943,,0,OpenI:CXR1313,False,,False
evaluation,CXR,B,primary,gpt-6-luna,,cardiomegaly,CXR-EVALUATION-010,completed,0,10604,,0,OpenI:CXR25,True,True,True
evaluation,CXR,B,primary,gpt-6-luna,,cardiomegaly,CXR-EVALUATION-012,completed,0,11877,,0,OpenI:CXR91,True,True,True
evaluation,CXR,B,primary,gpt-6-luna,,cardiomegaly,CXR-EVALUATION-013,completed,0,8735,,0,OpenI:CXR2827,True,True,True
evaluation,CXR,B,primary,gpt-6-luna,,cardiomegaly,CXR-EVALUATION-014,completed,0,9501,,0,OpenI:CXR3945,True,True,True
evaluation,CXR,B,primary,gpt-6-luna,,cardiomegaly,CXR-EVALUATION-018,completed,0,7429,,0,OpenI:CXR3378,True,True,True
evaluation,CXR,B,primary,gpt-6-luna,,cardiomegaly,CXR-EVALUATION-020,abstained,,13361,,0,OpenI:CXR64,False,,False
evaluation,CXR,B,primary,gpt-6-luna,,cardiomegaly,CXR-EVALUATION-021,abstained,,15432,,1,OpenI:CXR3941,False,,False
evaluation,CXR,B,primary,gpt-6-luna,,cardiomegaly,CXR-EVALUATION-022,completed,1,10012,,1,OpenI:CXR1801,True,True,True
evaluation,CXR,B,primary,gpt-6-luna,,cardiomegaly,CXR-EVALUATION-023,completed,1,12097,,1,OpenI:CXR1936,True,True,True
evaluation,CXR,B,primary,gpt-6-luna,,cardiomegaly,CXR-EVALUATION-024,abstained,,9997,,1,OpenI:CXR925,False,,False
evaluation,CXR,B,primary,gpt-6-luna,,cardiomegaly,CXR-EVALUATION-025,completed,1,8641,,1,OpenI:CXR3700,True,True,True
evaluation,CXR,B,primary,gpt-6-luna,,cardiomegaly,CXR-EVALUATION-026,abstained,,8809,,1,OpenI:CXR1139,False,,False
evaluation,CXR,B,primary,gpt-6-luna,,cardiomegaly,CXR-EVALUATION-027,completed,1,8140,,1,OpenI:CXR1343,True,True,True
evaluation,CXR,B,primary,gpt-6-luna,,cardiomegaly,CXR-EVALUATION-028,completed,1,8764,,1,OpenI:CXR2506,True,True,True
evaluation,CXR,B,primary,gpt-6-luna,,cardiomegaly,CXR-EVALUATION-029,abstained,,7218,,1,OpenI:CXR2456,False,,False
evaluation,CXR,B,primary,gpt-6-luna,,cardiomegaly,CXR-EVALUATION-030,completed,0,9535,,1,OpenI:CXR3529,True,False,False
evaluation,CXR,B,primary,gpt-6-luna,,cardiomegaly,CXR-EVALUATION-033,completed,1,10749,,1,OpenI:CXR3130,True,True,True
evaluation,CXR,B,primary,gpt-6-luna,,cardiomegaly,CXR-EVALUATION-034,abstained,,9385,,1,OpenI:CXR28,False,,False
evaluation,CXR,B,primary,gpt-6-luna,,cardiomegaly,CXR-EVALUATION-035,abstained,,8235,,0,OpenI:CXR1353,False,,False
evaluation,CXR,B,primary,gpt-6-luna,,cardiomegaly,CXR-EVALUATION-036,abstained,,14815,,0,OpenI:CXR2716,False,,False
evaluation,CXR,B,primary,gpt-6-luna,,cardiomegaly,CXR-EVALUATION-037,completed,1,9293,,1,OpenI:CXR313,True,True,True
evaluation,CXR,B,primary,gpt-6-luna,,cardiomegaly,CXR-EVALUATION-039,completed,0,12803,,0,OpenI:CXR2370,True,True,True
evaluation,CXR,B,primary,gpt-6-luna,,cardiomegaly,CXR-EVALUATION-040,abstained,,8549,,0,OpenI:CXR1012,False,,False
evaluation,CXR,B,primary,gpt-6-luna,,cardiomegaly,CXR-EVALUATION-041,completed,0,9104,,0,OpenI:CXR1531,True,True,True
evaluation,CXR,B,primary,gpt-6-luna,,cardiomegaly,CXR-EVALUATION-042,completed,0,16044,,0,OpenI:CXR336,True,True,True
evaluation,CXR,B,primary,gpt-6-luna,,cardiomegaly,CXR-EVALUATION-043,completed,0,7901,,0,OpenI:CXR2541,True,True,True
evaluation,CXR,B,primary,gpt-6-luna,,cardiomegaly,CXR-EVALUATION-044,completed,0,7067,,0,OpenI:CXR225,True,True,True
evaluation,CXR,B,primary,gpt-6-luna,,cardiomegaly,CXR-EVALUATION-045,input_insufficient,,15807,,0,OpenI:CXR2333,False,,False
evaluation,CXR,B,primary,gpt-6-luna,,cardiomegaly,CXR-EVALUATION-046,completed,0,7397,,0,OpenI:CXR2291,True,True,True
evaluation,CXR,B,primary,gpt-6-luna,,cardiomegaly,CXR-EVALUATION-047,completed,0,14285,,0,OpenI:CXR367,True,True,True
evaluation,CXR,B,primary,gpt-6-luna,,cardiomegaly,CXR-EVALUATION-048,completed,0,8299,,0,OpenI:CXR2131,True,True,True
evaluation,CXR,B,primary,gpt-6-luna,,cardiomegaly,CXR-EVALUATION-049,completed,0,8841,,0,OpenI:CXR3139,True,True,True
evaluation,CXR,B,primary,gpt-6-luna,,cardiomegaly,CXR-EVALUATION-050,completed,0,14188,,0,OpenI:CXR250,True,True,True
evaluation,CXR,B,primary,gpt-6-luna,,cardiomegaly,CXR-EVALUATION-051,completed,0,8004,,0,OpenI:CXR3391,True,True,True
evaluation,CXR,B,primary,gpt-6-luna,,cardiomegaly,CXR-EVALUATION-052,completed,0,7461,,0,OpenI:CXR2748,True,True,True
evaluation,CXR,B,primary,gpt-6-luna,,cardiomegaly,CXR-EVALUATION-053,completed,0,7707,,0,OpenI:CXR1943,True,True,True
evaluation,CXR,B,primary,gpt-6-luna,,cardiomegaly,CXR-EVALUATION-054,completed,0,10443,,0,OpenI:CXR90,True,True,True
evaluation,CXR,B,primary,gpt-6-luna,,cardiomegaly,CXR-EVALUATION-055,completed,0,9393,,0,OpenI:CXR3796,True,True,True
evaluation,CXR,B,primary,gpt-6-luna,,cardiomegaly,CXR-EVALUATION-056,completed,0,7827,,0,OpenI:CXR404,True,True,True
evaluation,CXR,B,primary,gpt-6-luna,,cardiomegaly,CXR-EVALUATION-057,completed,0,8445,,0,OpenI:CXR2149,True,True,True
evaluation,CXR,B,primary,gpt-6-luna,,cardiomegaly,CXR-EVALUATION-058,completed,0,8351,,0,OpenI:CXR3651,True,True,True
evaluation,CXR,B,primary,gpt-6-luna,,cardiomegaly,CXR-EVALUATION-059,completed,0,10297,,0,OpenI:CXR2620,True,True,True
evaluation,CXR,B,primary,gpt-6-luna,,cardiomegaly,CXR-EVALUATION-060,completed,0,9218,,0,OpenI:CXR3339,True,True,True
evaluation,CXR,B,primary,gpt-6-luna,,focal_consolidation,CXR-EVALUATION-001,completed,0,7393,,0,OpenI:CXR3148,True,True,True
evaluation,CXR,B,primary,gpt-6-luna,,focal_consolidation,CXR-EVALUATION-004,abstained,,10526,,0,OpenI:CXR702,False,,False
evaluation,CXR,B,primary,gpt-6-luna,,focal_consolidation,CXR-EVALUATION-006,completed,0,8267,,1,OpenI:CXR1699,True,False,False
evaluation,CXR,B,primary,gpt-6-luna,,focal_consolidation,CXR-EVALUATION-019,completed,0,9291,,0,OpenI:CXR3694,True,True,True
evaluation,CXR,B,primary,gpt-6-luna,,focal_consolidation,CXR-EVALUATION-020,completed,0,13361,,0,OpenI:CXR64,True,True,True
evaluation,CXR,B,primary,gpt-6-luna,,focal_consolidation,CXR-EVALUATION-021,completed,0,15432,,0,OpenI:CXR3941,True,True,True
evaluation,CXR,B,primary,gpt-6-luna,,focal_consolidation,CXR-EVALUATION-022,completed,0,10012,,0,OpenI:CXR1801,True,True,True
evaluation,CXR,B,primary,gpt-6-luna,,focal_consolidation,CXR-EVALUATION-028,completed,0,8764,,0,OpenI:CXR2506,True,True,True
evaluation,CXR,B,primary,gpt-6-luna,,focal_consolidation,CXR-EVALUATION-031,completed,1,16997,,1,OpenI:CXR3565,True,True,True
evaluation,CXR,B,primary,gpt-6-luna,,focal_consolidation,CXR-EVALUATION-032,completed,0,12533,,1,OpenI:CXR1501,True,False,False
evaluation,CXR,B,primary,gpt-6-luna,,focal_consolidation,CXR-EVALUATION-033,completed,0,10749,,1,OpenI:CXR3130,True,False,False
evaluation,CXR,B,primary,gpt-6-luna,,focal_consolidation,CXR-EVALUATION-034,abstained,,9385,,1,OpenI:CXR28,False,,False
evaluation,CXR,B,primary,gpt-6-luna,,focal_consolidation,CXR-EVALUATION-035,completed,1,8235,,1,OpenI:CXR1353,True,True,True
evaluation,CXR,B,primary,gpt-6-luna,,focal_consolidation,CXR-EVALUATION-037,abstained,,9293,,1,OpenI:CXR313,False,,False
evaluation,CXR,B,primary,gpt-6-luna,,focal_consolidation,CXR-EVALUATION-038,abstained,,8767,,1,OpenI:CXR1383,False,,False
evaluation,CXR,B,primary,gpt-6-luna,,focal_consolidation,CXR-EVALUATION-039,abstained,,12803,,1,OpenI:CXR2370,False,,False
evaluation,CXR,B,primary,gpt-6-luna,,focal_consolidation,CXR-EVALUATION-040,completed,0,8549,,1,OpenI:CXR1012,True,False,False
evaluation,CXR,B,primary,gpt-6-luna,,focal_consolidation,CXR-EVALUATION-041,completed,0,9104,,0,OpenI:CXR1531,True,True,True
evaluation,CXR,B,primary,gpt-6-luna,,focal_consolidation,CXR-EVALUATION-042,completed,0,16044,,0,OpenI:CXR336,True,True,True
evaluation,CXR,B,primary,gpt-6-luna,,focal_consolidation,CXR-EVALUATION-043,completed,0,7901,,0,OpenI:CXR2541,True,True,True
evaluation,CXR,B,primary,gpt-6-luna,,focal_consolidation,CXR-EVALUATION-044,completed,0,7067,,0,OpenI:CXR225,True,True,True
evaluation,CXR,B,primary,gpt-6-luna,,focal_consolidation,CXR-EVALUATION-045,completed,0,15807,,0,OpenI:CXR2333,True,True,True
evaluation,CXR,B,primary,gpt-6-luna,,focal_consolidation,CXR-EVALUATION-046,completed,0,7397,,0,OpenI:CXR2291,True,True,True
evaluation,CXR,B,primary,gpt-6-luna,,focal_consolidation,CXR-EVALUATION-047,completed,0,14285,,0,OpenI:CXR367,True,True,True
evaluation,CXR,B,primary,gpt-6-luna,,focal_consolidation,CXR-EVALUATION-048,completed,0,8299,,0,OpenI:CXR2131,True,True,True
evaluation,CXR,B,primary,gpt-6-luna,,focal_consolidation,CXR-EVALUATION-049,completed,0,8841,,0,OpenI:CXR3139,True,True,True
evaluation,CXR,B,primary,gpt-6-luna,,focal_consolidation,CXR-EVALUATION-050,completed,0,14188,,0,OpenI:CXR250,True,True,True
evaluation,CXR,B,primary,gpt-6-luna,,focal_consolidation,CXR-EVALUATION-051,completed,0,8004,,0,OpenI:CXR3391,True,True,True
evaluation,CXR,B,primary,gpt-6-luna,,focal_consolidation,CXR-EVALUATION-052,completed,0,7461,,0,OpenI:CXR2748,True,True,True
evaluation,CXR,B,primary,gpt-6-luna,,focal_consolidation,CXR-EVALUATION-053,completed,0,7707,,0,OpenI:CXR1943,True,True,True
evaluation,CXR,B,primary,gpt-6-luna,,focal_consolidation,CXR-EVALUATION-054,completed,0,10443,,0,OpenI:CXR90,True,True,True
evaluation,CXR,B,primary,gpt-6-luna,,focal_consolidation,CXR-EVALUATION-055,completed,0,9393,,0,OpenI:CXR3796,True,True,True
evaluation,CXR,B,primary,gpt-6-luna,,focal_consolidation,CXR-EVALUATION-056,completed,0,7827,,0,OpenI:CXR404,True,True,True
evaluation,CXR,B,primary,gpt-6-luna,,focal_consolidation,CXR-EVALUATION-057,completed,0,8445,,0,OpenI:CXR2149,True,True,True
evaluation,CXR,B,primary,gpt-6-luna,,focal_consolidation,CXR-EVALUATION-058,completed,0,8351,,0,OpenI:CXR3651,True,True,True
evaluation,CXR,B,primary,gpt-6-luna,,focal_consolidation,CXR-EVALUATION-059,completed,0,10297,,0,OpenI:CXR2620,True,True,True
evaluation,CXR,B,primary,gpt-6-luna,,focal_consolidation,CXR-EVALUATION-060,completed,0,9218,,0,OpenI:CXR3339,True,True,True
evaluation,CXR,B,primary,gpt-6-luna,repeat1,pleural_effusion,CXR-EVALUATION-001,completed,0,21389,,1,OpenI:CXR3148,True,False,False
evaluation,CXR,B,primary,gpt-6-luna,repeat1,pleural_effusion,CXR-EVALUATION-021,completed,0,10978,,0,OpenI:CXR3941,True,True,True
evaluation,CXR,B,primary,gpt-6-luna,repeat1,pleural_effusion,CXR-EVALUATION-041,completed,0,8818,,0,OpenI:CXR1531,True,True,True
evaluation,CXR,B,primary,gpt-6-luna,repeat1,pleural_effusion,CXR-EVALUATION-042,completed,0,8224,,0,OpenI:CXR336,True,True,True
evaluation,CXR,B,primary,gpt-6-luna,repeat1,pneumothorax,CXR-EVALUATION-011,completed,0,9789,,1,OpenI:CXR465,True,False,False
evaluation,CXR,B,primary,gpt-6-luna,repeat1,pneumothorax,CXR-EVALUATION-021,completed,0,10978,,0,OpenI:CXR3941,True,True,True
evaluation,CXR,B,primary,gpt-6-luna,repeat1,pneumothorax,CXR-EVALUATION-041,completed,0,8818,,0,OpenI:CXR1531,True,True,True
evaluation,CXR,B,primary,gpt-6-luna,repeat1,pneumothorax,CXR-EVALUATION-042,completed,0,8224,,0,OpenI:CXR336,True,True,True
evaluation,CXR,B,primary,gpt-6-luna,repeat1,cardiomegaly,CXR-EVALUATION-001,completed,0,21389,,1,OpenI:CXR3148,True,False,False
evaluation,CXR,B,primary,gpt-6-luna,repeat1,cardiomegaly,CXR-EVALUATION-021,completed,0,10978,,1,OpenI:CXR3941,True,False,False
evaluation,CXR,B,primary,gpt-6-luna,repeat1,cardiomegaly,CXR-EVALUATION-041,completed,0,8818,,0,OpenI:CXR1531,True,True,True
evaluation,CXR,B,primary,gpt-6-luna,repeat1,cardiomegaly,CXR-EVALUATION-042,completed,0,8224,,0,OpenI:CXR336,True,True,True
evaluation,CXR,B,primary,gpt-6-luna,repeat1,focal_consolidation,CXR-EVALUATION-001,completed,0,21389,,0,OpenI:CXR3148,True,True,True
evaluation,CXR,B,primary,gpt-6-luna,repeat1,focal_consolidation,CXR-EVALUATION-021,completed,0,10978,,0,OpenI:CXR3941,True,True,True
evaluation,CXR,B,primary,gpt-6-luna,repeat1,focal_consolidation,CXR-EVALUATION-041,completed,0,8818,,0,OpenI:CXR1531,True,True,True
evaluation,CXR,B,primary,gpt-6-luna,repeat1,focal_consolidation,CXR-EVALUATION-042,completed,0,8224,,0,OpenI:CXR336,True,True,True
evaluation,CXR,B,primary,gpt-6.1-sol,,pleural_effusion,CXR-EVALUATION-001,completed,1,15399,,1,OpenI:CXR3148,True,True,True
evaluation,CXR,B,primary,gpt-6.1-sol,,pleural_effusion,CXR-EVALUATION-002,completed,0,18939,,1,OpenI:CXR353,True,False,False
evaluation,CXR,B,primary,gpt-6.1-sol,,pleural_effusion,CXR-EVALUATION-003,completed,1,23312,,1,OpenI:CXR650,True,True,True
evaluation,CXR,B,primary,gpt-6.1-sol,,pleural_effusion,CXR-EVALUATION-004,completed,1,19791,,1,OpenI:CXR702,True,True,True
evaluation,CXR,B,primary,gpt-6.1-sol,,pleural_effusion,CXR-EVALUATION-005,abstained,,22101,,1,OpenI:CXR3508,False,,False
evaluation,CXR,B,primary,gpt-6.1-sol,,pleural_effusion,CXR-EVALUATION-006,completed,0,21232,,1,OpenI:CXR1699,True,False,False
evaluation,CXR,B,primary,gpt-6.1-sol,,pleural_effusion,CXR-EVALUATION-007,completed,0,19340,,1,OpenI:CXR3557,True,False,False
evaluation,CXR,B,primary,gpt-6.1-sol,,pleural_effusion,CXR-EVALUATION-008,completed,1,16874,,1,OpenI:CXR1313,True,True,True
evaluation,CXR,B,primary,gpt-6.1-sol,,pleural_effusion,CXR-EVALUATION-009,abstained,,21097,,1,OpenI:CXR2074,False,,False
evaluation,CXR,B,primary,gpt-6.1-sol,,pleural_effusion,CXR-EVALUATION-010,completed,1,21797,,1,OpenI:CXR25,True,True,True
evaluation,CXR,B,primary,gpt-6.1-sol,,pleural_effusion,CXR-EVALUATION-014,abstained,,18577,,1,OpenI:CXR3945,False,,False
evaluation,CXR,B,primary,gpt-6.1-sol,,pleural_effusion,CXR-EVALUATION-016,completed,0,15498,,0,OpenI:CXR1339,True,True,True
evaluation,CXR,B,primary,gpt-6.1-sol,,pleural_effusion,CXR-EVALUATION-019,completed,0,13313,,0,OpenI:CXR3694,True,True,True
evaluation,CXR,B,primary,gpt-6.1-sol,,pleural_effusion,CXR-EVALUATION-021,completed,0,14708,,0,OpenI:CXR3941,True,True,True
evaluation,CXR,B,primary,gpt-6.1-sol,,pleural_effusion,CXR-EVALUATION-022,completed,0,13791,,0,OpenI:CXR1801,True,True,True
evaluation,CXR,B,primary,gpt-6.1-sol,,pleural_effusion,CXR-EVALUATION-025,completed,0,17078,,0,OpenI:CXR3700,True,True,True
evaluation,CXR,B,primary,gpt-6.1-sol,,pleural_effusion,CXR-EVALUATION-027,completed,0,21692,,0,OpenI:CXR1343,True,True,True
evaluation,CXR,B,primary,gpt-6.1-sol,,pleural_effusion,CXR-EVALUATION-028,completed,0,15242,,0,OpenI:CXR2506,True,True,True
evaluation,CXR,B,primary,gpt-6.1-sol,,pleural_effusion,CXR-EVALUATION-031,completed,0,16677,,0,OpenI:CXR3565,True,True,True
evaluation,CXR,B,primary,gpt-6.1-sol,,pleural_effusion,CXR-EVALUATION-033,completed,0,16600,,0,OpenI:CXR3130,True,True,True
evaluation,CXR,B,primary,gpt-6.1-sol,,pleural_effusion,CXR-EVALUATION-036,completed,1,16866,,1,OpenI:CXR2716,True,True,True
evaluation,CXR,B,primary,gpt-6.1-sol,,pleural_effusion,CXR-EVALUATION-037,completed,1,19146,,1,OpenI:CXR313,True,True,True
evaluation,CXR,B,primary,gpt-6.1-sol,,pleural_effusion,CXR-EVALUATION-038,completed,1,15375,,1,OpenI:CXR1383,True,True,True
evaluation,CXR,B,primary,gpt-6.1-sol,,pleural_effusion,CXR-EVALUATION-039,completed,1,16471,,1,OpenI:CXR2370,True,True,True
evaluation,CXR,B,primary,gpt-6.1-sol,,pleural_effusion,CXR-EVALUATION-040,completed,1,14618,,1,OpenI:CXR1012,True,True,True
evaluation,CXR,B,primary,gpt-6.1-sol,,pleural_effusion,CXR-EVALUATION-041,completed,0,14178,,0,OpenI:CXR1531,True,True,True
evaluation,CXR,B,primary,gpt-6.1-sol,,pleural_effusion,CXR-EVALUATION-042,completed,0,17450,,0,OpenI:CXR336,True,True,True
evaluation,CXR,B,primary,gpt-6.1-sol,,pleural_effusion,CXR-EVALUATION-043,completed,0,12970,,0,OpenI:CXR2541,True,True,True
evaluation,CXR,B,primary,gpt-6.1-sol,,pleural_effusion,CXR-EVALUATION-044,completed,0,14107,,0,OpenI:CXR225,True,True,True
evaluation,CXR,B,primary,gpt-6.1-sol,,pleural_effusion,CXR-EVALUATION-045,completed,0,14440,,0,OpenI:CXR2333,True,True,True
evaluation,CXR,B,primary,gpt-6.1-sol,,pleural_effusion,CXR-EVALUATION-046,completed,0,12308,,0,OpenI:CXR2291,True,True,True
evaluation,CXR,B,primary,gpt-6.1-sol,,pleural_effusion,CXR-EVALUATION-047,completed,0,11234,,0,OpenI:CXR367,True,True,True
evaluation,CXR,B,primary,gpt-6.1-sol,,pleural_effusion,CXR-EVALUATION-048,completed,0,12366,,0,OpenI:CXR2131,True,True,True
evaluation,CXR,B,primary,gpt-6.1-sol,,pleural_effusion,CXR-EVALUATION-049,completed,0,12521,,0,OpenI:CXR3139,True,True,True
evaluation,CXR,B,primary,gpt-6.1-sol,,pleural_effusion,CXR-EVALUATION-050,completed,0,12713,,0,OpenI:CXR250,True,True,True
evaluation,CXR,B,primary,gpt-6.1-sol,,pleural_effusion,CXR-EVALUATION-051,completed,0,13339,,0,OpenI:CXR3391,True,True,True
evaluation,CXR,B,primary,gpt-6.1-sol,,pleural_effusion,CXR-EVALUATION-052,completed,0,12751,,0,OpenI:CXR2748,True,True,True
evaluation,CXR,B,primary,gpt-6.1-sol,,pleural_effusion,CXR-EVALUATION-053,completed,0,13605,,0,OpenI:CXR1943,True,True,True
evaluation,CXR,B,primary,gpt-6.1-sol,,pleural_effusion,CXR-EVALUATION-054,completed,0,14886,,0,OpenI:CXR90,True,True,True
evaluation,CXR,B,primary,gpt-6.1-sol,,pleural_effusion,CXR-EVALUATION-055,completed,0,11593,,0,OpenI:CXR3796,True,True,True
evaluation,CXR,B,primary,gpt-6.1-sol,,pleural_effusion,CXR-EVALUATION-056,completed,0,13428,,0,OpenI:CXR404,True,True,True
evaluation,CXR,B,primary,gpt-6.1-sol,,pleural_effusion,CXR-EVALUATION-057,completed,0,14231,,0,OpenI:CXR2149,True,True,True
evaluation,CXR,B,primary,gpt-6.1-sol,,pleural_effusion,CXR-EVALUATION-058,abstained,,15287,,0,OpenI:CXR3651,False,,False
evaluation,CXR,B,primary,gpt-6.1-sol,,pleural_effusion,CXR-EVALUATION-059,completed,0,11756,,0,OpenI:CXR2620,True,True,True
evaluation,CXR,B,primary,gpt-6.1-sol,,pleural_effusion,CXR-EVALUATION-060,completed,0,15430,,0,OpenI:CXR3339,True,True,True
evaluation,CXR,B,primary,gpt-6.1-sol,,pneumothorax,CXR-EVALUATION-002,completed,0,18939,,0,OpenI:CXR353,True,True,True
evaluation,CXR,B,primary,gpt-6.1-sol,,pneumothorax,CXR-EVALUATION-003,completed,0,23312,,0,OpenI:CXR650,True,True,True
evaluation,CXR,B,primary,gpt-6.1-sol,,pneumothorax,CXR-EVALUATION-004,completed,0,19791,,0,OpenI:CXR702,True,True,True
evaluation,CXR,B,primary,gpt-6.1-sol,,pneumothorax,CXR-EVALUATION-006,completed,0,21232,,0,OpenI:CXR1699,True,True,True
evaluation,CXR,B,primary,gpt-6.1-sol,,pneumothorax,CXR-EVALUATION-007,completed,0,19340,,0,OpenI:CXR3557,True,True,True
evaluation,CXR,B,primary,gpt-6.1-sol,,pneumothorax,CXR-EVALUATION-008,completed,0,16874,,0,OpenI:CXR1313,True,True,True
evaluation,CXR,B,primary,gpt-6.1-sol,,pneumothorax,CXR-EVALUATION-009,completed,0,21097,,0,OpenI:CXR2074,True,True,True
evaluation,CXR,B,primary,gpt-6.1-sol,,pneumothorax,CXR-EVALUATION-010,completed,0,21797,,0,OpenI:CXR25,True,True,True
evaluation,CXR,B,primary,gpt-6.1-sol,,pneumothorax,CXR-EVALUATION-011,completed,0,19215,,1,OpenI:CXR465,True,False,False
evaluation,CXR,B,primary,gpt-6.1-sol,,pneumothorax,CXR-EVALUATION-012,completed,0,14508,,1,OpenI:CXR91,True,False,False
evaluation,CXR,B,primary,gpt-6.1-sol,,pneumothorax,CXR-EVALUATION-013,completed,0,26038,,1,OpenI:CXR2827,True,False,False
evaluation,CXR,B,primary,gpt-6.1-sol,,pneumothorax,CXR-EVALUATION-014,completed,0,18577,,1,OpenI:CXR3945,True,False,False
evaluation,CXR,B,primary,gpt-6.1-sol,,pneumothorax,CXR-EVALUATION-015,completed,1,22900,,1,OpenI:CXR1874,True,True,True
evaluation,CXR,B,primary,gpt-6.1-sol,,pneumothorax,CXR-EVALUATION-016,completed,0,15498,,1,OpenI:CXR1339,True,False,False
evaluation,CXR,B,primary,gpt-6.1-sol,,pneumothorax,CXR-EVALUATION-017,completed,0,18618,,1,OpenI:CXR3369,True,False,False
evaluation,CXR,B,primary,gpt-6.1-sol,,pneumothorax,CXR-EVALUATION-018,completed,0,14579,,1,OpenI:CXR3378,True,False,False
evaluation,CXR,B,primary,gpt-6.1-sol,,pneumothorax,CXR-EVALUATION-019,completed,0,13313,,1,OpenI:CXR3694,True,False,False
evaluation,CXR,B,primary,gpt-6.1-sol,,pneumothorax,CXR-EVALUATION-020,completed,0,17478,,1,OpenI:CXR64,True,False,False
evaluation,CXR,B,primary,gpt-6.1-sol,,pneumothorax,CXR-EVALUATION-021,completed,0,14708,,0,OpenI:CXR3941,True,True,True
evaluation,CXR,B,primary,gpt-6.1-sol,,pneumothorax,CXR-EVALUATION-022,completed,0,13791,,0,OpenI:CXR1801,True,True,True
evaluation,CXR,B,primary,gpt-6.1-sol,,pneumothorax,CXR-EVALUATION-023,completed,0,17648,,0,OpenI:CXR1936,True,True,True
evaluation,CXR,B,primary,gpt-6.1-sol,,pneumothorax,CXR-EVALUATION-025,completed,0,17078,,0,OpenI:CXR3700,True,True,True
evaluation,CXR,B,primary,gpt-6.1-sol,,pneumothorax,CXR-EVALUATION-027,completed,0,21692,,0,OpenI:CXR1343,True,True,True
evaluation,CXR,B,primary,gpt-6.1-sol,,pneumothorax,CXR-EVALUATION-028,completed,0,15242,,0,OpenI:CXR2506,True,True,True
evaluation,CXR,B,primary,gpt-6.1-sol,,pneumothorax,CXR-EVALUATION-031,completed,0,16677,,0,OpenI:CXR3565,True,True,True
evaluation,CXR,B,primary,gpt-6.1-sol,,pneumothorax,CXR-EVALUATION-033,completed,0,16600,,0,OpenI:CXR3130,True,True,True
evaluation,CXR,B,primary,gpt-6.1-sol,,pneumothorax,CXR-EVALUATION-034,completed,0,14945,,0,OpenI:CXR28,True,True,True
evaluation,CXR,B,primary,gpt-6.1-sol,,pneumothorax,CXR-EVALUATION-037,completed,0,19146,,0,OpenI:CXR313,True,True,True
evaluation,CXR,B,primary,gpt-6.1-sol,,pneumothorax,CXR-EVALUATION-038,completed,0,15375,,0,OpenI:CXR1383,True,True,True
evaluation,CXR,B,primary,gpt-6.1-sol,,pneumothorax,CXR-EVALUATION-041,completed,0,14178,,0,OpenI:CXR1531,True,True,True
evaluation,CXR,B,primary,gpt-6.1-sol,,pneumothorax,CXR-EVALUATION-042,completed,0,17450,,0,OpenI:CXR336,True,True,True
evaluation,CXR,B,primary,gpt-6.1-sol,,pneumothorax,CXR-EVALUATION-043,completed,0,12970,,0,OpenI:CXR2541,True,True,True
evaluation,CXR,B,primary,gpt-6.1-sol,,pneumothorax,CXR-EVALUATION-044,completed,0,14107,,0,OpenI:CXR225,True,True,True
evaluation,CXR,B,primary,gpt-6.1-sol,,pneumothorax,CXR-EVALUATION-045,completed,0,14440,,0,OpenI:CXR2333,True,True,True
evaluation,CXR,B,primary,gpt-6.1-sol,,pneumothorax,CXR-EVALUATION-046,completed,0,12308,,0,OpenI:CXR2291,True,True,True
evaluation,CXR,B,primary,gpt-6.1-sol,,pneumothorax,CXR-EVALUATION-047,completed,0,11234,,0,OpenI:CXR367,True,True,True
evaluation,CXR,B,primary,gpt-6.1-sol,,pneumothorax,CXR-EVALUATION-048,completed,0,12366,,0,OpenI:CXR2131,True,True,True
evaluation,CXR,B,primary,gpt-6.1-sol,,pneumothorax,CXR-EVALUATION-049,completed,0,12521,,0,OpenI:CXR3139,True,True,True
evaluation,CXR,B,primary,gpt-6.1-sol,,pneumothorax,CXR-EVALUATION-050,completed,0,12713,,0,OpenI:CXR250,True,True,True
evaluation,CXR,B,primary,gpt-6.1-sol,,pneumothorax,CXR-EVALUATION-051,completed,0,13339,,0,OpenI:CXR3391,True,True,True
evaluation,CXR,B,primary,gpt-6.1-sol,,pneumothorax,CXR-EVALUATION-052,completed,0,12751,,0,OpenI:CXR2748,True,True,True
evaluation,CXR,B,primary,gpt-6.1-sol,,pneumothorax,CXR-EVALUATION-053,completed,0,13605,,0,OpenI:CXR1943,True,True,True
evaluation,CXR,B,primary,gpt-6.1-sol,,pneumothorax,CXR-EVALUATION-054,completed,0,14886,,0,OpenI:CXR90,True,True,True
evaluation,CXR,B,primary,gpt-6.1-sol,,pneumothorax,CXR-EVALUATION-055,completed,0,11593,,0,OpenI:CXR3796,True,True,True
evaluation,CXR,B,primary,gpt-6.1-sol,,pneumothorax,CXR-EVALUATION-056,completed,0,13428,,0,OpenI:CXR404,True,True,True
evaluation,CXR,B,primary,gpt-6.1-sol,,pneumothorax,CXR-EVALUATION-057,completed,0,14231,,0,OpenI:CXR2149,True,True,True
evaluation,CXR,B,primary,gpt-6.1-sol,,pneumothorax,CXR-EVALUATION-058,completed,0,15287,,0,OpenI:CXR3651,True,True,True
evaluation,CXR,B,primary,gpt-6.1-sol,,pneumothorax,CXR-EVALUATION-059,completed,0,11756,,0,OpenI:CXR2620,True,True,True
evaluation,CXR,B,primary,gpt-6.1-sol,,pneumothorax,CXR-EVALUATION-060,completed,0,15430,,0,OpenI:CXR3339,True,True,True
evaluation,CXR,B,primary,gpt-6.1-sol,,cardiomegaly,CXR-EVALUATION-001,completed,0,15399,,1,OpenI:CXR3148,True,False,False
evaluation,CXR,B,primary,gpt-6.1-sol,,cardiomegaly,CXR-EVALUATION-003,completed,1,23312,,1,OpenI:CXR650,True,True,True
evaluation,CXR,B,primary,gpt-6.1-sol,,cardiomegaly,CXR-EVALUATION-005,completed,0,22101,,0,OpenI:CXR3508,True,True,True
evaluation,CXR,B,primary,gpt-6.1-sol,,cardiomegaly,CXR-EVALUATION-007,completed,0,19340,,0,OpenI:CXR3557,True,True,True
evaluation,CXR,B,primary,gpt-6.1-sol,,cardiomegaly,CXR-EVALUATION-008,input_insufficient,,16874,,0,OpenI:CXR1313,False,,False
evaluation,CXR,B,primary,gpt-6.1-sol,,cardiomegaly,CXR-EVALUATION-010,completed,0,21797,,0,OpenI:CXR25,True,True,True
evaluation,CXR,B,primary,gpt-6.1-sol,,cardiomegaly,CXR-EVALUATION-012,completed,0,14508,,0,OpenI:CXR91,True,True,True
evaluation,CXR,B,primary,gpt-6.1-sol,,cardiomegaly,CXR-EVALUATION-013,completed,0,26038,,0,OpenI:CXR2827,True,True,True
evaluation,CXR,B,primary,gpt-6.1-sol,,cardiomegaly,CXR-EVALUATION-014,completed,0,18577,,0,OpenI:CXR3945,True,True,True
evaluation,CXR,B,primary,gpt-6.1-sol,,cardiomegaly,CXR-EVALUATION-018,completed,0,14579,,0,OpenI:CXR3378,True,True,True
evaluation,CXR,B,primary,gpt-6.1-sol,,cardiomegaly,CXR-EVALUATION-020,completed,0,17478,,0,OpenI:CXR64,True,True,True
evaluation,CXR,B,primary,gpt-6.1-sol,,cardiomegaly,CXR-EVALUATION-021,completed,0,14708,,1,OpenI:CXR3941,True,False,False
evaluation,CXR,B,primary,gpt-6.1-sol,,cardiomegaly,CXR-EVALUATION-022,completed,0,13791,,1,OpenI:CXR1801,True,False,False
evaluation,CXR,B,primary,gpt-6.1-sol,,cardiomegaly,CXR-EVALUATION-023,completed,1,17648,,1,OpenI:CXR1936,True,True,True
evaluation,CXR,B,primary,gpt-6.1-sol,,cardiomegaly,CXR-EVALUATION-024,completed,1,19066,,1,OpenI:CXR925,True,True,True
evaluation,CXR,B,primary,gpt-6.1-sol,,cardiomegaly,CXR-EVALUATION-025,completed,1,17078,,1,OpenI:CXR3700,True,True,True
evaluation,CXR,B,primary,gpt-6.1-sol,,cardiomegaly,CXR-EVALUATION-026,abstained,,20078,,1,OpenI:CXR1139,False,,False
evaluation,CXR,B,primary,gpt-6.1-sol,,cardiomegaly,CXR-EVALUATION-027,completed,0,21692,,1,OpenI:CXR1343,True,False,False
evaluation,CXR,B,primary,gpt-6.1-sol,,cardiomegaly,CXR-EVALUATION-028,completed,1,15242,,1,OpenI:CXR2506,True,True,True
evaluation,CXR,B,primary,gpt-6.1-sol,,cardiomegaly,CXR-EVALUATION-029,completed,0,13628,,1,OpenI:CXR2456,True,False,False
evaluation,CXR,B,primary,gpt-6.1-sol,,cardiomegaly,CXR-EVALUATION-030,completed,0,12906,,1,OpenI:CXR3529,True,False,False
evaluation,CXR,B,primary,gpt-6.1-sol,,cardiomegaly,CXR-EVALUATION-033,completed,0,16600,,1,OpenI:CXR3130,True,False,False
evaluation,CXR,B,primary,gpt-6.1-sol,,cardiomegaly,CXR-EVALUATION-034,completed,1,14945,,1,OpenI:CXR28,True,True,True
evaluation,CXR,B,primary,gpt-6.1-sol,,cardiomegaly,CXR-EVALUATION-035,completed,0,16258,,0,OpenI:CXR1353,True,True,True
evaluation,CXR,B,primary,gpt-6.1-sol,,cardiomegaly,CXR-EVALUATION-036,completed,0,16866,,0,OpenI:CXR2716,True,True,True
evaluation,CXR,B,primary,gpt-6.1-sol,,cardiomegaly,CXR-EVALUATION-037,completed,1,19146,,1,OpenI:CXR313,True,True,True
evaluation,CXR,B,primary,gpt-6.1-sol,,cardiomegaly,CXR-EVALUATION-039,completed,0,16471,,0,OpenI:CXR2370,True,True,True
evaluation,CXR,B,primary,gpt-6.1-sol,,cardiomegaly,CXR-EVALUATION-040,abstained,,14618,,0,OpenI:CXR1012,False,,False
evaluation,CXR,B,primary,gpt-6.1-sol,,cardiomegaly,CXR-EVALUATION-041,completed,0,14178,,0,OpenI:CXR1531,True,True,True
evaluation,CXR,B,primary,gpt-6.1-sol,,cardiomegaly,CXR-EVALUATION-042,completed,0,17450,,0,OpenI:CXR336,True,True,True
evaluation,CXR,B,primary,gpt-6.1-sol,,cardiomegaly,CXR-EVALUATION-043,completed,0,12970,,0,OpenI:CXR2541,True,True,True
evaluation,CXR,B,primary,gpt-6.1-sol,,cardiomegaly,CXR-EVALUATION-044,completed,0,14107,,0,OpenI:CXR225,True,True,True
evaluation,CXR,B,primary,gpt-6.1-sol,,cardiomegaly,CXR-EVALUATION-045,abstained,,14440,,0,OpenI:CXR2333,False,,False
evaluation,CXR,B,primary,gpt-6.1-sol,,cardiomegaly,CXR-EVALUATION-046,completed,0,12308,,0,OpenI:CXR2291,True,True,True
evaluation,CXR,B,primary,gpt-6.1-sol,,cardiomegaly,CXR-EVALUATION-047,completed,0,11234,,0,OpenI:CXR367,True,True,True
evaluation,CXR,B,primary,gpt-6.1-sol,,cardiomegaly,CXR-EVALUATION-048,completed,0,12366,,0,OpenI:CXR2131,True,True,True
evaluation,CXR,B,primary,gpt-6.1-sol,,cardiomegaly,CXR-EVALUATION-049,completed,0,12521,,0,OpenI:CXR3139,True,True,True
evaluation,CXR,B,primary,gpt-6.1-sol,,cardiomegaly,CXR-EVALUATION-050,completed,0,12713,,0,OpenI:CXR250,True,True,True
evaluation,CXR,B,primary,gpt-6.1-sol,,cardiomegaly,CXR-EVALUATION-051,completed,0,13339,,0,OpenI:CXR3391,True,True,True
evaluation,CXR,B,primary,gpt-6.1-sol,,cardiomegaly,CXR-EVALUATION-052,completed,0,12751,,0,OpenI:CXR2748,True,True,True
evaluation,CXR,B,primary,gpt-6.1-sol,,cardiomegaly,CXR-EVALUATION-053,completed,0,13605,,0,OpenI:CXR1943,True,True,True
evaluation,CXR,B,primary,gpt-6.1-sol,,cardiomegaly,CXR-EVALUATION-054,completed,0,14886,,0,OpenI:CXR90,True,True,True
evaluation,CXR,B,primary,gpt-6.1-sol,,cardiomegaly,CXR-EVALUATION-055,completed,0,11593,,0,OpenI:CXR3796,True,True,True
evaluation,CXR,B,primary,gpt-6.1-sol,,cardiomegaly,CXR-EVALUATION-056,completed,0,13428,,0,OpenI:CXR404,True,True,True
evaluation,CXR,B,primary,gpt-6.1-sol,,cardiomegaly,CXR-EVALUATION-057,completed,0,14231,,0,OpenI:CXR2149,True,True,True
evaluation,CXR,B,primary,gpt-6.1-sol,,cardiomegaly,CXR-EVALUATION-058,completed,0,15287,,0,OpenI:CXR3651,True,True,True
evaluation,CXR,B,primary,gpt-6.1-sol,,cardiomegaly,CXR-EVALUATION-059,completed,0,11756,,0,OpenI:CXR2620,True,True,True
evaluation,CXR,B,primary,gpt-6.1-sol,,cardiomegaly,CXR-EVALUATION-060,completed,0,15430,,0,OpenI:CXR3339,True,True,True
evaluation,CXR,B,primary,gpt-6.1-sol,,focal_consolidation,CXR-EVALUATION-001,completed,0,15399,,0,OpenI:CXR3148,True,True,True
evaluation,CXR,B,primary,gpt-6.1-sol,,focal_consolidation,CXR-EVALUATION-004,abstained,,19791,,0,OpenI:CXR702,False,,False
evaluation,CXR,B,primary,gpt-6.1-sol,,focal_consolidation,CXR-EVALUATION-006,abstained,,21232,,1,OpenI:CXR1699,False,,False
evaluation,CXR,B,primary,gpt-6.1-sol,,focal_consolidation,CXR-EVALUATION-019,completed,0,13313,,0,OpenI:CXR3694,True,True,True
evaluation,CXR,B,primary,gpt-6.1-sol,,focal_consolidation,CXR-EVALUATION-020,completed,0,17478,,0,OpenI:CXR64,True,True,True
evaluation,CXR,B,primary,gpt-6.1-sol,,focal_consolidation,CXR-EVALUATION-021,completed,0,14708,,0,OpenI:CXR3941,True,True,True
evaluation,CXR,B,primary,gpt-6.1-sol,,focal_consolidation,CXR-EVALUATION-022,completed,0,13791,,0,OpenI:CXR1801,True,True,True
evaluation,CXR,B,primary,gpt-6.1-sol,,focal_consolidation,CXR-EVALUATION-028,completed,0,15242,,0,OpenI:CXR2506,True,True,True
evaluation,CXR,B,primary,gpt-6.1-sol,,focal_consolidation,CXR-EVALUATION-031,completed,1,16677,,1,OpenI:CXR3565,True,True,True
evaluation,CXR,B,primary,gpt-6.1-sol,,focal_consolidation,CXR-EVALUATION-032,completed,0,15602,,1,OpenI:CXR1501,True,False,False
evaluation,CXR,B,primary,gpt-6.1-sol,,focal_consolidation,CXR-EVALUATION-033,completed,0,16600,,1,OpenI:CXR3130,True,False,False
evaluation,CXR,B,primary,gpt-6.1-sol,,focal_consolidation,CXR-EVALUATION-034,abstained,,14945,,1,OpenI:CXR28,False,,False
evaluation,CXR,B,primary,gpt-6.1-sol,,focal_consolidation,CXR-EVALUATION-035,completed,1,16258,,1,OpenI:CXR1353,True,True,True
evaluation,CXR,B,primary,gpt-6.1-sol,,focal_consolidation,CXR-EVALUATION-037,abstained,,19146,,1,OpenI:CXR313,False,,False
evaluation,CXR,B,primary,gpt-6.1-sol,,focal_consolidation,CXR-EVALUATION-038,abstained,,15375,,1,OpenI:CXR1383,False,,False
evaluation,CXR,B,primary,gpt-6.1-sol,,focal_consolidation,CXR-EVALUATION-039,abstained,,16471,,1,OpenI:CXR2370,False,,False
evaluation,CXR,B,primary,gpt-6.1-sol,,focal_consolidation,CXR-EVALUATION-040,abstained,,14618,,1,OpenI:CXR1012,False,,False
evaluation,CXR,B,primary,gpt-6.1-sol,,focal_consolidation,CXR-EVALUATION-041,completed,0,14178,,0,OpenI:CXR1531,True,True,True
evaluation,CXR,B,primary,gpt-6.1-sol,,focal_consolidation,CXR-EVALUATION-042,completed,0,17450,,0,OpenI:CXR336,True,True,True
evaluation,CXR,B,primary,gpt-6.1-sol,,focal_consolidation,CXR-EVALUATION-043,completed,0,12970,,0,OpenI:CXR2541,True,True,True
evaluation,CXR,B,primary,gpt-6.1-sol,,focal_consolidation,CXR-EVALUATION-044,completed,0,14107,,0,OpenI:CXR225,True,True,True
evaluation,CXR,B,primary,gpt-6.1-sol,,focal_consolidation,CXR-EVALUATION-045,completed,0,14440,,0,OpenI:CXR2333,True,True,True
evaluation,CXR,B,primary,gpt-6.1-sol,,focal_consolidation,CXR-EVALUATION-046,completed,0,12308,,0,OpenI:CXR2291,True,True,True
evaluation,CXR,B,primary,gpt-6.1-sol,,focal_consolidation,CXR-EVALUATION-047,completed,0,11234,,0,OpenI:CXR367,True,True,True
evaluation,CXR,B,primary,gpt-6.1-sol,,focal_consolidation,CXR-EVALUATION-048,completed,0,12366,,0,OpenI:CXR2131,True,True,True
evaluation,CXR,B,primary,gpt-6.1-sol,,focal_consolidation,CXR-EVALUATION-049,completed,0,12521,,0,OpenI:CXR3139,True,True,True
evaluation,CXR,B,primary,gpt-6.1-sol,,focal_consolidation,CXR-EVALUATION-050,completed,0,12713,,0,OpenI:CXR250,True,True,True
evaluation,CXR,B,primary,gpt-6.1-sol,,focal_consolidation,CXR-EVALUATION-051,completed,0,13339,,0,OpenI:CXR3391,True,True,True
evaluation,CXR,B,primary,gpt-6.1-sol,,focal_consolidation,CXR-EVALUATION-052,completed,0,12751,,0,OpenI:CXR2748,True,True,True
evaluation,CXR,B,primary,gpt-6.1-sol,,focal_consolidation,CXR-EVALUATION-053,completed,0,13605,,0,OpenI:CXR1943,True,True,True
evaluation,CXR,B,primary,gpt-6.1-sol,,focal_consolidation,CXR-EVALUATION-054,completed,0,14886,,0,OpenI:CXR90,True,True,True
evaluation,CXR,B,primary,gpt-6.1-sol,,focal_consolidation,CXR-EVALUATION-055,completed,0,11593,,0,OpenI:CXR3796,True,True,True
evaluation,CXR,B,primary,gpt-6.1-sol,,focal_consolidation,CXR-EVALUATION-056,completed,0,13428,,0,OpenI:CXR404,True,True,True
evaluation,CXR,B,primary,gpt-6.1-sol,,focal_consolidation,CXR-EVALUATION-057,completed,0,14231,,0,OpenI:CXR2149,True,True,True
evaluation,CXR,B,primary,gpt-6.1-sol,,focal_consolidation,CXR-EVALUATION-058,completed,0,15287,,0,OpenI:CXR3651,True,True,True
evaluation,CXR,B,primary,gpt-6.1-sol,,focal_consolidation,CXR-EVALUATION-059,completed,0,11756,,0,OpenI:CXR2620,True,True,True
evaluation,CXR,B,primary,gpt-6.1-sol,,focal_consolidation,CXR-EVALUATION-060,completed,0,15430,,0,OpenI:CXR3339,True,True,True
evaluation,CXR,B,primary,gpt-6.1-sol,repeat1,pleural_effusion,CXR-EVALUATION-001,completed,1,16554,,1,OpenI:CXR3148,True,True,True
evaluation,CXR,B,primary,gpt-6.1-sol,repeat1,pleural_effusion,CXR-EVALUATION-021,completed,0,13719,,0,OpenI:CXR3941,True,True,True
evaluation,CXR,B,primary,gpt-6.1-sol,repeat1,pleural_effusion,CXR-EVALUATION-041,completed,0,13475,,0,OpenI:CXR1531,True,True,True
evaluation,CXR,B,primary,gpt-6.1-sol,repeat1,pleural_effusion,CXR-EVALUATION-042,completed,0,13650,,0,OpenI:CXR336,True,True,True
evaluation,CXR,B,primary,gpt-6.1-sol,repeat1,pneumothorax,CXR-EVALUATION-011,completed,0,18774,,1,OpenI:CXR465,True,False,False
evaluation,CXR,B,primary,gpt-6.1-sol,repeat1,pneumothorax,CXR-EVALUATION-021,completed,0,13719,,0,OpenI:CXR3941,True,True,True
evaluation,CXR,B,primary,gpt-6.1-sol,repeat1,pneumothorax,CXR-EVALUATION-041,completed,0,13475,,0,OpenI:CXR1531,True,True,True
evaluation,CXR,B,primary,gpt-6.1-sol,repeat1,pneumothorax,CXR-EVALUATION-042,completed,0,13650,,0,OpenI:CXR336,True,True,True
evaluation,CXR,B,primary,gpt-6.1-sol,repeat1,cardiomegaly,CXR-EVALUATION-001,completed,0,16554,,1,OpenI:CXR3148,True,False,False
evaluation,CXR,B,primary,gpt-6.1-sol,repeat1,cardiomegaly,CXR-EVALUATION-021,completed,0,13719,,1,OpenI:CXR3941,True,False,False
evaluation,CXR,B,primary,gpt-6.1-sol,repeat1,cardiomegaly,CXR-EVALUATION-041,completed,0,13475,,0,OpenI:CXR1531,True,True,True
evaluation,CXR,B,primary,gpt-6.1-sol,repeat1,cardiomegaly,CXR-EVALUATION-042,completed,0,13650,,0,OpenI:CXR336,True,True,True
evaluation,CXR,B,primary,gpt-6.1-sol,repeat1,focal_consolidation,CXR-EVALUATION-001,completed,0,16554,,0,OpenI:CXR3148,True,True,True
evaluation,CXR,B,primary,gpt-6.1-sol,repeat1,focal_consolidation,CXR-EVALUATION-021,completed,0,13719,,0,OpenI:CXR3941,True,True,True
evaluation,CXR,B,primary,gpt-6.1-sol,repeat1,focal_consolidation,CXR-EVALUATION-041,completed,0,13475,,0,OpenI:CXR1531,True,True,True
evaluation,CXR,B,primary,gpt-6.1-sol,repeat1,focal_consolidation,CXR-EVALUATION-042,completed,0,13650,,0,OpenI:CXR336,True,True,True
evaluation,CXR,B,second-reader,gpt-6-astra,,pleural_effusion,CXR-EVALUATION-001,completed,1,12189,,1,OpenI:CXR3148,True,True,True
evaluation,CXR,B,second-reader,gpt-6-astra,,pleural_effusion,CXR-EVALUATION-002,completed,0,19232,,1,OpenI:CXR353,True,False,False
evaluation,CXR,B,second-reader,gpt-6-astra,,pleural_effusion,CXR-EVALUATION-003,completed,1,16108,,1,OpenI:CXR650,True,True,True
evaluation,CXR,B,second-reader,gpt-6-astra,,pleural_effusion,CXR-EVALUATION-021,completed,0,13515,,0,OpenI:CXR3941,True,True,True
evaluation,CXR,B,second-reader,gpt-6-astra,,pleural_effusion,CXR-EVALUATION-022,completed,0,16175,,0,OpenI:CXR1801,True,True,True
evaluation,CXR,B,second-reader,gpt-6-astra,,pleural_effusion,CXR-EVALUATION-031,completed,0,7822,,0,OpenI:CXR3565,True,True,True
evaluation,CXR,B,second-reader,gpt-6-astra,,pleural_effusion,CXR-EVALUATION-041,completed,0,11564,,0,OpenI:CXR1531,True,True,True
evaluation,CXR,B,second-reader,gpt-6-astra,,pleural_effusion,CXR-EVALUATION-042,completed,0,12840,,0,OpenI:CXR336,True,True,True
evaluation,CXR,B,second-reader,gpt-6-astra,,pleural_effusion,CXR-EVALUATION-043,completed,0,14949,,0,OpenI:CXR2541,True,True,True
evaluation,CXR,B,second-reader,gpt-6-astra,,pleural_effusion,CXR-EVALUATION-044,completed,0,10418,,0,OpenI:CXR225,True,True,True
evaluation,CXR,B,second-reader,gpt-6-astra,,pleural_effusion,CXR-EVALUATION-045,completed,0,12154,,0,OpenI:CXR2333,True,True,True
evaluation,CXR,B,second-reader,gpt-6-astra,,pleural_effusion,CXR-EVALUATION-046,completed,0,12590,,0,OpenI:CXR2291,True,True,True
evaluation,CXR,B,second-reader,gpt-6-astra,,pleural_effusion,CXR-EVALUATION-047,completed,0,12558,,0,OpenI:CXR367,True,True,True
evaluation,CXR,B,second-reader,gpt-6-astra,,pleural_effusion,CXR-EVALUATION-048,completed,0,26962,,0,OpenI:CXR2131,True,True,True
evaluation,CXR,B,second-reader,gpt-6-astra,,pleural_effusion,CXR-EVALUATION-049,completed,0,12119,,0,OpenI:CXR3139,True,True,True
evaluation,CXR,B,second-reader,gpt-6-astra,,pleural_effusion,CXR-EVALUATION-050,completed,0,11014,,0,OpenI:CXR250,True,True,True
evaluation,CXR,B,second-reader,gpt-6-astra,,pneumothorax,CXR-EVALUATION-002,completed,0,19232,,0,OpenI:CXR353,True,True,True
evaluation,CXR,B,second-reader,gpt-6-astra,,pneumothorax,CXR-EVALUATION-003,completed,0,16108,,0,OpenI:CXR650,True,True,True
evaluation,CXR,B,second-reader,gpt-6-astra,,pneumothorax,CXR-EVALUATION-011,completed,0,14198,,1,OpenI:CXR465,True,False,False
evaluation,CXR,B,second-reader,gpt-6-astra,,pneumothorax,CXR-EVALUATION-012,completed,0,10416,,1,OpenI:CXR91,True,False,False
evaluation,CXR,B,second-reader,gpt-6-astra,,pneumothorax,CXR-EVALUATION-013,completed,0,20336,,1,OpenI:CXR2827,True,False,False
evaluation,CXR,B,second-reader,gpt-6-astra,,pneumothorax,CXR-EVALUATION-021,completed,0,13515,,0,OpenI:CXR3941,True,True,True
evaluation,CXR,B,second-reader,gpt-6-astra,,pneumothorax,CXR-EVALUATION-022,completed,0,16175,,0,OpenI:CXR1801,True,True,True
evaluation,CXR,B,second-reader,gpt-6-astra,,pneumothorax,CXR-EVALUATION-031,completed,0,7822,,0,OpenI:CXR3565,True,True,True
evaluation,CXR,B,second-reader,gpt-6-astra,,pneumothorax,CXR-EVALUATION-041,completed,0,11564,,0,OpenI:CXR1531,True,True,True
evaluation,CXR,B,second-reader,gpt-6-astra,,pneumothorax,CXR-EVALUATION-042,completed,0,12840,,0,OpenI:CXR336,True,True,True
evaluation,CXR,B,second-reader,gpt-6-astra,,pneumothorax,CXR-EVALUATION-043,completed,0,14949,,0,OpenI:CXR2541,True,True,True
evaluation,CXR,B,second-reader,gpt-6-astra,,pneumothorax,CXR-EVALUATION-044,completed,0,10418,,0,OpenI:CXR225,True,True,True
evaluation,CXR,B,second-reader,gpt-6-astra,,pneumothorax,CXR-EVALUATION-045,completed,0,12154,,0,OpenI:CXR2333,True,True,True
evaluation,CXR,B,second-reader,gpt-6-astra,,pneumothorax,CXR-EVALUATION-046,completed,0,12590,,0,OpenI:CXR2291,True,True,True
evaluation,CXR,B,second-reader,gpt-6-astra,,pneumothorax,CXR-EVALUATION-047,completed,0,12558,,0,OpenI:CXR367,True,True,True
evaluation,CXR,B,second-reader,gpt-6-astra,,pneumothorax,CXR-EVALUATION-048,completed,0,26962,,0,OpenI:CXR2131,True,True,True
evaluation,CXR,B,second-reader,gpt-6-astra,,pneumothorax,CXR-EVALUATION-049,completed,0,12119,,0,OpenI:CXR3139,True,True,True
evaluation,CXR,B,second-reader,gpt-6-astra,,pneumothorax,CXR-EVALUATION-050,completed,0,11014,,0,OpenI:CXR250,True,True,True
evaluation,CXR,B,second-reader,gpt-6-astra,,cardiomegaly,CXR-EVALUATION-001,completed,0,12189,,1,OpenI:CXR3148,True,False,False
evaluation,CXR,B,second-reader,gpt-6-astra,,cardiomegaly,CXR-EVALUATION-003,completed,1,16108,,1,OpenI:CXR650,True,True,True
evaluation,CXR,B,second-reader,gpt-6-astra,,cardiomegaly,CXR-EVALUATION-012,completed,0,10416,,0,OpenI:CXR91,True,True,True
evaluation,CXR,B,second-reader,gpt-6-astra,,cardiomegaly,CXR-EVALUATION-013,completed,0,20336,,0,OpenI:CXR2827,True,True,True
evaluation,CXR,B,second-reader,gpt-6-astra,,cardiomegaly,CXR-EVALUATION-021,completed,0,13515,,1,OpenI:CXR3941,True,False,False
evaluation,CXR,B,second-reader,gpt-6-astra,,cardiomegaly,CXR-EVALUATION-022,completed,0,16175,,1,OpenI:CXR1801,True,False,False
evaluation,CXR,B,second-reader,gpt-6-astra,,cardiomegaly,CXR-EVALUATION-041,completed,0,11564,,0,OpenI:CXR1531,True,True,True
evaluation,CXR,B,second-reader,gpt-6-astra,,cardiomegaly,CXR-EVALUATION-042,completed,0,12840,,0,OpenI:CXR336,True,True,True
evaluation,CXR,B,second-reader,gpt-6-astra,,cardiomegaly,CXR-EVALUATION-043,completed,0,14949,,0,OpenI:CXR2541,True,True,True
evaluation,CXR,B,second-reader,gpt-6-astra,,cardiomegaly,CXR-EVALUATION-044,completed,0,10418,,0,OpenI:CXR225,True,True,True
evaluation,CXR,B,second-reader,gpt-6-astra,,cardiomegaly,CXR-EVALUATION-045,input_insufficient,,12154,,0,OpenI:CXR2333,False,,False
evaluation,CXR,B,second-reader,gpt-6-astra,,cardiomegaly,CXR-EVALUATION-046,completed,0,12590,,0,OpenI:CXR2291,True,True,True
evaluation,CXR,B,second-reader,gpt-6-astra,,cardiomegaly,CXR-EVALUATION-047,completed,0,12558,,0,OpenI:CXR367,True,True,True
evaluation,CXR,B,second-reader,gpt-6-astra,,cardiomegaly,CXR-EVALUATION-048,completed,0,26962,,0,OpenI:CXR2131,True,True,True
evaluation,CXR,B,second-reader,gpt-6-astra,,cardiomegaly,CXR-EVALUATION-049,completed,0,12119,,0,OpenI:CXR3139,True,True,True
evaluation,CXR,B,second-reader,gpt-6-astra,,cardiomegaly,CXR-EVALUATION-050,completed,0,11014,,0,OpenI:CXR250,True,True,True
evaluation,CXR,B,second-reader,gpt-6-astra,,focal_consolidation,CXR-EVALUATION-001,completed,0,12189,,0,OpenI:CXR3148,True,True,True
evaluation,CXR,B,second-reader,gpt-6-astra,,focal_consolidation,CXR-EVALUATION-021,completed,0,13515,,0,OpenI:CXR3941,True,True,True
evaluation,CXR,B,second-reader,gpt-6-astra,,focal_consolidation,CXR-EVALUATION-022,completed,0,16175,,0,OpenI:CXR1801,True,True,True
evaluation,CXR,B,second-reader,gpt-6-astra,,focal_consolidation,CXR-EVALUATION-031,completed,1,7822,,1,OpenI:CXR3565,True,True,True
evaluation,CXR,B,second-reader,gpt-6-astra,,focal_consolidation,CXR-EVALUATION-032,completed,0,13780,,1,OpenI:CXR1501,True,False,False
evaluation,CXR,B,second-reader,gpt-6-astra,,focal_consolidation,CXR-EVALUATION-041,completed,0,11564,,0,OpenI:CXR1531,True,True,True
evaluation,CXR,B,second-reader,gpt-6-astra,,focal_consolidation,CXR-EVALUATION-042,completed,0,12840,,0,OpenI:CXR336,True,True,True
evaluation,CXR,B,second-reader,gpt-6-astra,,focal_consolidation,CXR-EVALUATION-043,completed,0,14949,,0,OpenI:CXR2541,True,True,True
evaluation,CXR,B,second-reader,gpt-6-astra,,focal_consolidation,CXR-EVALUATION-044,completed,0,10418,,0,OpenI:CXR225,True,True,True
evaluation,CXR,B,second-reader,gpt-6-astra,,focal_consolidation,CXR-EVALUATION-045,completed,0,12154,,0,OpenI:CXR2333,True,True,True
evaluation,CXR,B,second-reader,gpt-6-astra,,focal_consolidation,CXR-EVALUATION-046,completed,0,12590,,0,OpenI:CXR2291,True,True,True
evaluation,CXR,B,second-reader,gpt-6-astra,,focal_consolidation,CXR-EVALUATION-047,completed,0,12558,,0,OpenI:CXR367,True,True,True
evaluation,CXR,B,second-reader,gpt-6-astra,,focal_consolidation,CXR-EVALUATION-048,completed,0,26962,,0,OpenI:CXR2131,True,True,True
evaluation,CXR,B,second-reader,gpt-6-astra,,focal_consolidation,CXR-EVALUATION-049,completed,0,12119,,0,OpenI:CXR3139,True,True,True
evaluation,CXR,B,second-reader,gpt-6-astra,,focal_consolidation,CXR-EVALUATION-050,completed,0,11014,,0,OpenI:CXR250,True,True,True
evaluation,CXR,B,second-reader,gpt-6-luna,,pleural_effusion,CXR-EVALUATION-001,completed,0,9270,,1,OpenI:CXR3148,True,False,False
evaluation,CXR,B,second-reader,gpt-6-luna,,pleural_effusion,CXR-EVALUATION-002,completed,0,9577,,1,OpenI:CXR353,True,False,False
evaluation,CXR,B,second-reader,gpt-6-luna,,pleural_effusion,CXR-EVALUATION-003,abstained,,8665,,1,OpenI:CXR650,False,,False
evaluation,CXR,B,second-reader,gpt-6-luna,,pleural_effusion,CXR-EVALUATION-021,completed,0,10777,,0,OpenI:CXR3941,True,True,True
evaluation,CXR,B,second-reader,gpt-6-luna,,pleural_effusion,CXR-EVALUATION-022,completed,0,9199,,0,OpenI:CXR1801,True,True,True
evaluation,CXR,B,second-reader,gpt-6-luna,,pleural_effusion,CXR-EVALUATION-031,completed,0,8363,,0,OpenI:CXR3565,True,True,True
evaluation,CXR,B,second-reader,gpt-6-luna,,pleural_effusion,CXR-EVALUATION-041,completed,0,11878,,0,OpenI:CXR1531,True,True,True
evaluation,CXR,B,second-reader,gpt-6-luna,,pleural_effusion,CXR-EVALUATION-042,completed,0,7702,,0,OpenI:CXR336,True,True,True
evaluation,CXR,B,second-reader,gpt-6-luna,,pleural_effusion,CXR-EVALUATION-043,completed,0,9854,,0,OpenI:CXR2541,True,True,True
evaluation,CXR,B,second-reader,gpt-6-luna,,pleural_effusion,CXR-EVALUATION-044,completed,0,7927,,0,OpenI:CXR225,True,True,True
evaluation,CXR,B,second-reader,gpt-6-luna,,pleural_effusion,CXR-EVALUATION-045,completed,0,9181,,0,OpenI:CXR2333,True,True,True
evaluation,CXR,B,second-reader,gpt-6-luna,,pleural_effusion,CXR-EVALUATION-046,completed,0,8937,,0,OpenI:CXR2291,True,True,True
evaluation,CXR,B,second-reader,gpt-6-luna,,pleural_effusion,CXR-EVALUATION-047,completed,0,19082,,0,OpenI:CXR367,True,True,True
evaluation,CXR,B,second-reader,gpt-6-luna,,pleural_effusion,CXR-EVALUATION-048,completed,0,8703,,0,OpenI:CXR2131,True,True,True
evaluation,CXR,B,second-reader,gpt-6-luna,,pleural_effusion,CXR-EVALUATION-049,completed,0,12618,,0,OpenI:CXR3139,True,True,True
evaluation,CXR,B,second-reader,gpt-6-luna,,pleural_effusion,CXR-EVALUATION-050,completed,0,7406,,0,OpenI:CXR250,True,True,True
evaluation,CXR,B,second-reader,gpt-6-luna,,pneumothorax,CXR-EVALUATION-002,completed,0,9577,,0,OpenI:CXR353,True,True,True
evaluation,CXR,B,second-reader,gpt-6-luna,,pneumothorax,CXR-EVALUATION-003,completed,0,8665,,0,OpenI:CXR650,True,True,True
evaluation,CXR,B,second-reader,gpt-6-luna,,pneumothorax,CXR-EVALUATION-011,completed,0,9470,,1,OpenI:CXR465,True,False,False
evaluation,CXR,B,second-reader,gpt-6-luna,,pneumothorax,CXR-EVALUATION-012,completed,0,8916,,1,OpenI:CXR91,True,False,False
evaluation,CXR,B,second-reader,gpt-6-luna,,pneumothorax,CXR-EVALUATION-013,completed,0,8214,,1,OpenI:CXR2827,True,False,False
evaluation,CXR,B,second-reader,gpt-6-luna,,pneumothorax,CXR-EVALUATION-021,completed,0,10777,,0,OpenI:CXR3941,True,True,True
evaluation,CXR,B,second-reader,gpt-6-luna,,pneumothorax,CXR-EVALUATION-022,completed,0,9199,,0,OpenI:CXR1801,True,True,True
evaluation,CXR,B,second-reader,gpt-6-luna,,pneumothorax,CXR-EVALUATION-031,completed,0,8363,,0,OpenI:CXR3565,True,True,True
evaluation,CXR,B,second-reader,gpt-6-luna,,pneumothorax,CXR-EVALUATION-041,completed,0,11878,,0,OpenI:CXR1531,True,True,True
evaluation,CXR,B,second-reader,gpt-6-luna,,pneumothorax,CXR-EVALUATION-042,completed,0,7702,,0,OpenI:CXR336,True,True,True
evaluation,CXR,B,second-reader,gpt-6-luna,,pneumothorax,CXR-EVALUATION-043,completed,0,9854,,0,OpenI:CXR2541,True,True,True
evaluation,CXR,B,second-reader,gpt-6-luna,,pneumothorax,CXR-EVALUATION-044,completed,0,7927,,0,OpenI:CXR225,True,True,True
evaluation,CXR,B,second-reader,gpt-6-luna,,pneumothorax,CXR-EVALUATION-045,completed,0,9181,,0,OpenI:CXR2333,True,True,True
evaluation,CXR,B,second-reader,gpt-6-luna,,pneumothorax,CXR-EVALUATION-046,completed,0,8937,,0,OpenI:CXR2291,True,True,True
evaluation,CXR,B,second-reader,gpt-6-luna,,pneumothorax,CXR-EVALUATION-047,completed,0,19082,,0,OpenI:CXR367,True,True,True
evaluation,CXR,B,second-reader,gpt-6-luna,,pneumothorax,CXR-EVALUATION-048,completed,0,8703,,0,OpenI:CXR2131,True,True,True
evaluation,CXR,B,second-reader,gpt-6-luna,,pneumothorax,CXR-EVALUATION-049,completed,0,12618,,0,OpenI:CXR3139,True,True,True
evaluation,CXR,B,second-reader,gpt-6-luna,,pneumothorax,CXR-EVALUATION-050,completed,0,7406,,0,OpenI:CXR250,True,True,True
evaluation,CXR,B,second-reader,gpt-6-luna,,cardiomegaly,CXR-EVALUATION-001,completed,0,9270,,1,OpenI:CXR3148,True,False,False
evaluation,CXR,B,second-reader,gpt-6-luna,,cardiomegaly,CXR-EVALUATION-003,abstained,,8665,,1,OpenI:CXR650,False,,False
evaluation,CXR,B,second-reader,gpt-6-luna,,cardiomegaly,CXR-EVALUATION-012,completed,0,8916,,0,OpenI:CXR91,True,True,True
evaluation,CXR,B,second-reader,gpt-6-luna,,cardiomegaly,CXR-EVALUATION-013,completed,0,8214,,0,OpenI:CXR2827,True,True,True
evaluation,CXR,B,second-reader,gpt-6-luna,,cardiomegaly,CXR-EVALUATION-021,completed,1,10777,,1,OpenI:CXR3941,True,True,True
evaluation,CXR,B,second-reader,gpt-6-luna,,cardiomegaly,CXR-EVALUATION-022,completed,1,9199,,1,OpenI:CXR1801,True,True,True
evaluation,CXR,B,second-reader,gpt-6-luna,,cardiomegaly,CXR-EVALUATION-041,completed,0,11878,,0,OpenI:CXR1531,True,True,True
evaluation,CXR,B,second-reader,gpt-6-luna,,cardiomegaly,CXR-EVALUATION-042,completed,0,7702,,0,OpenI:CXR336,True,True,True
evaluation,CXR,B,second-reader,gpt-6-luna,,cardiomegaly,CXR-EVALUATION-043,completed,0,9854,,0,OpenI:CXR2541,True,True,True
evaluation,CXR,B,second-reader,gpt-6-luna,,cardiomegaly,CXR-EVALUATION-044,completed,0,7927,,0,OpenI:CXR225,True,True,True
evaluation,CXR,B,second-reader,gpt-6-luna,,cardiomegaly,CXR-EVALUATION-045,input_insufficient,,9181,,0,OpenI:CXR2333,False,,False
evaluation,CXR,B,second-reader,gpt-6-luna,,cardiomegaly,CXR-EVALUATION-046,completed,0,8937,,0,OpenI:CXR2291,True,True,True
evaluation,CXR,B,second-reader,gpt-6-luna,,cardiomegaly,CXR-EVALUATION-047,completed,0,19082,,0,OpenI:CXR367,True,True,True
evaluation,CXR,B,second-reader,gpt-6-luna,,cardiomegaly,CXR-EVALUATION-048,completed,0,8703,,0,OpenI:CXR2131,True,True,True
evaluation,CXR,B,second-reader,gpt-6-luna,,cardiomegaly,CXR-EVALUATION-049,completed,0,12618,,0,OpenI:CXR3139,True,True,True
evaluation,CXR,B,second-reader,gpt-6-luna,,cardiomegaly,CXR-EVALUATION-050,completed,0,7406,,0,OpenI:CXR250,True,True,True
evaluation,CXR,B,second-reader,gpt-6-luna,,focal_consolidation,CXR-EVALUATION-001,completed,0,9270,,0,OpenI:CXR3148,True,True,True
evaluation,CXR,B,second-reader,gpt-6-luna,,focal_consolidation,CXR-EVALUATION-021,completed,0,10777,,0,OpenI:CXR3941,True,True,True
evaluation,CXR,B,second-reader,gpt-6-luna,,focal_consolidation,CXR-EVALUATION-022,completed,0,9199,,0,OpenI:CXR1801,True,True,True
evaluation,CXR,B,second-reader,gpt-6-luna,,focal_consolidation,CXR-EVALUATION-031,completed,1,8363,,1,OpenI:CXR3565,True,True,True
evaluation,CXR,B,second-reader,gpt-6-luna,,focal_consolidation,CXR-EVALUATION-032,completed,0,8100,,1,OpenI:CXR1501,True,False,False
evaluation,CXR,B,second-reader,gpt-6-luna,,focal_consolidation,CXR-EVALUATION-041,completed,0,11878,,0,OpenI:CXR1531,True,True,True
evaluation,CXR,B,second-reader,gpt-6-luna,,focal_consolidation,CXR-EVALUATION-042,completed,0,7702,,0,OpenI:CXR336,True,True,True
evaluation,CXR,B,second-reader,gpt-6-luna,,focal_consolidation,CXR-EVALUATION-043,completed,0,9854,,0,OpenI:CXR2541,True,True,True
evaluation,CXR,B,second-reader,gpt-6-luna,,focal_consolidation,CXR-EVALUATION-044,completed,0,7927,,0,OpenI:CXR225,True,True,True
evaluation,CXR,B,second-reader,gpt-6-luna,,focal_consolidation,CXR-EVALUATION-045,completed,0,9181,,0,OpenI:CXR2333,True,True,True
evaluation,CXR,B,second-reader,gpt-6-luna,,focal_consolidation,CXR-EVALUATION-046,completed,0,8937,,0,OpenI:CXR2291,True,True,True
evaluation,CXR,B,second-reader,gpt-6-luna,,focal_consolidation,CXR-EVALUATION-047,completed,0,19082,,0,OpenI:CXR367,True,True,True
evaluation,CXR,B,second-reader,gpt-6-luna,,focal_consolidation,CXR-EVALUATION-048,completed,0,8703,,0,OpenI:CXR2131,True,True,True
evaluation,CXR,B,second-reader,gpt-6-luna,,focal_consolidation,CXR-EVALUATION-049,completed,0,12618,,0,OpenI:CXR3139,True,True,True
evaluation,CXR,B,second-reader,gpt-6-luna,,focal_consolidation,CXR-EVALUATION-050,completed,0,7406,,0,OpenI:CXR250,True,True,True
evaluation,CXR,B,second-reader,gpt-6.1-sol,,pleural_effusion,CXR-EVALUATION-001,completed,1,13911,,1,OpenI:CXR3148,True,True,True
evaluation,CXR,B,second-reader,gpt-6.1-sol,,pleural_effusion,CXR-EVALUATION-002,completed,0,15327,,1,OpenI:CXR353,True,False,False
evaluation,CXR,B,second-reader,gpt-6.1-sol,,pleural_effusion,CXR-EVALUATION-003,completed,1,19538,,1,OpenI:CXR650,True,True,True
evaluation,CXR,B,second-reader,gpt-6.1-sol,,pleural_effusion,CXR-EVALUATION-021,completed,0,13182,,0,OpenI:CXR3941,True,True,True
evaluation,CXR,B,second-reader,gpt-6.1-sol,,pleural_effusion,CXR-EVALUATION-022,completed,0,12051,,0,OpenI:CXR1801,True,True,True
evaluation,CXR,B,second-reader,gpt-6.1-sol,,pleural_effusion,CXR-EVALUATION-031,completed,0,16184,,0,OpenI:CXR3565,True,True,True
evaluation,CXR,B,second-reader,gpt-6.1-sol,,pleural_effusion,CXR-EVALUATION-041,completed,0,10914,,0,OpenI:CXR1531,True,True,True
evaluation,CXR,B,second-reader,gpt-6.1-sol,,pleural_effusion,CXR-EVALUATION-042,completed,0,10986,,0,OpenI:CXR336,True,True,True
evaluation,CXR,B,second-reader,gpt-6.1-sol,,pleural_effusion,CXR-EVALUATION-043,completed,0,13072,,0,OpenI:CXR2541,True,True,True
evaluation,CXR,B,second-reader,gpt-6.1-sol,,pleural_effusion,CXR-EVALUATION-044,completed,0,12438,,0,OpenI:CXR225,True,True,True
evaluation,CXR,B,second-reader,gpt-6.1-sol,,pleural_effusion,CXR-EVALUATION-045,completed,0,14258,,0,OpenI:CXR2333,True,True,True
evaluation,CXR,B,second-reader,gpt-6.1-sol,,pleural_effusion,CXR-EVALUATION-046,completed,0,10539,,0,OpenI:CXR2291,True,True,True
evaluation,CXR,B,second-reader,gpt-6.1-sol,,pleural_effusion,CXR-EVALUATION-047,completed,0,27756,,0,OpenI:CXR367,True,True,True
evaluation,CXR,B,second-reader,gpt-6.1-sol,,pleural_effusion,CXR-EVALUATION-048,completed,0,10413,,0,OpenI:CXR2131,True,True,True
evaluation,CXR,B,second-reader,gpt-6.1-sol,,pleural_effusion,CXR-EVALUATION-049,completed,0,10684,,0,OpenI:CXR3139,True,True,True
evaluation,CXR,B,second-reader,gpt-6.1-sol,,pleural_effusion,CXR-EVALUATION-050,completed,0,14816,,0,OpenI:CXR250,True,True,True
evaluation,CXR,B,second-reader,gpt-6.1-sol,,pneumothorax,CXR-EVALUATION-002,completed,0,15327,,0,OpenI:CXR353,True,True,True
evaluation,CXR,B,second-reader,gpt-6.1-sol,,pneumothorax,CXR-EVALUATION-003,completed,0,19538,,0,OpenI:CXR650,True,True,True
evaluation,CXR,B,second-reader,gpt-6.1-sol,,pneumothorax,CXR-EVALUATION-011,completed,0,13297,,1,OpenI:CXR465,True,False,False
evaluation,CXR,B,second-reader,gpt-6.1-sol,,pneumothorax,CXR-EVALUATION-012,completed,0,11682,,1,OpenI:CXR91,True,False,False
evaluation,CXR,B,second-reader,gpt-6.1-sol,,pneumothorax,CXR-EVALUATION-013,completed,0,18889,,1,OpenI:CXR2827,True,False,False
evaluation,CXR,B,second-reader,gpt-6.1-sol,,pneumothorax,CXR-EVALUATION-021,completed,0,13182,,0,OpenI:CXR3941,True,True,True
evaluation,CXR,B,second-reader,gpt-6.1-sol,,pneumothorax,CXR-EVALUATION-022,completed,0,12051,,0,OpenI:CXR1801,True,True,True
evaluation,CXR,B,second-reader,gpt-6.1-sol,,pneumothorax,CXR-EVALUATION-031,completed,0,16184,,0,OpenI:CXR3565,True,True,True
evaluation,CXR,B,second-reader,gpt-6.1-sol,,pneumothorax,CXR-EVALUATION-041,completed,0,10914,,0,OpenI:CXR1531,True,True,True
evaluation,CXR,B,second-reader,gpt-6.1-sol,,pneumothorax,CXR-EVALUATION-042,completed,0,10986,,0,OpenI:CXR336,True,True,True
evaluation,CXR,B,second-reader,gpt-6.1-sol,,pneumothorax,CXR-EVALUATION-043,completed,0,13072,,0,OpenI:CXR2541,True,True,True
evaluation,CXR,B,second-reader,gpt-6.1-sol,,pneumothorax,CXR-EVALUATION-044,completed,0,12438,,0,OpenI:CXR225,True,True,True
evaluation,CXR,B,second-reader,gpt-6.1-sol,,pneumothorax,CXR-EVALUATION-045,completed,0,14258,,0,OpenI:CXR2333,True,True,True
evaluation,CXR,B,second-reader,gpt-6.1-sol,,pneumothorax,CXR-EVALUATION-046,completed,0,10539,,0,OpenI:CXR2291,True,True,True
evaluation,CXR,B,second-reader,gpt-6.1-sol,,pneumothorax,CXR-EVALUATION-047,completed,0,27756,,0,OpenI:CXR367,True,True,True
evaluation,CXR,B,second-reader,gpt-6.1-sol,,pneumothorax,CXR-EVALUATION-048,completed,0,10413,,0,OpenI:CXR2131,True,True,True
evaluation,CXR,B,second-reader,gpt-6.1-sol,,pneumothorax,CXR-EVALUATION-049,completed,0,10684,,0,OpenI:CXR3139,True,True,True
evaluation,CXR,B,second-reader,gpt-6.1-sol,,pneumothorax,CXR-EVALUATION-050,completed,0,14816,,0,OpenI:CXR250,True,True,True
evaluation,CXR,B,second-reader,gpt-6.1-sol,,cardiomegaly,CXR-EVALUATION-001,completed,0,13911,,1,OpenI:CXR3148,True,False,False
evaluation,CXR,B,second-reader,gpt-6.1-sol,,cardiomegaly,CXR-EVALUATION-003,completed,1,19538,,1,OpenI:CXR650,True,True,True
evaluation,CXR,B,second-reader,gpt-6.1-sol,,cardiomegaly,CXR-EVALUATION-012,completed,0,11682,,0,OpenI:CXR91,True,True,True
evaluation,CXR,B,second-reader,gpt-6.1-sol,,cardiomegaly,CXR-EVALUATION-013,completed,0,18889,,0,OpenI:CXR2827,True,True,True
evaluation,CXR,B,second-reader,gpt-6.1-sol,,cardiomegaly,CXR-EVALUATION-021,completed,0,13182,,1,OpenI:CXR3941,True,False,False
evaluation,CXR,B,second-reader,gpt-6.1-sol,,cardiomegaly,CXR-EVALUATION-022,completed,0,12051,,1,OpenI:CXR1801,True,False,False
evaluation,CXR,B,second-reader,gpt-6.1-sol,,cardiomegaly,CXR-EVALUATION-041,completed,0,10914,,0,OpenI:CXR1531,True,True,True
evaluation,CXR,B,second-reader,gpt-6.1-sol,,cardiomegaly,CXR-EVALUATION-042,completed,0,10986,,0,OpenI:CXR336,True,True,True
evaluation,CXR,B,second-reader,gpt-6.1-sol,,cardiomegaly,CXR-EVALUATION-043,completed,0,13072,,0,OpenI:CXR2541,True,True,True
evaluation,CXR,B,second-reader,gpt-6.1-sol,,cardiomegaly,CXR-EVALUATION-044,completed,0,12438,,0,OpenI:CXR225,True,True,True
evaluation,CXR,B,second-reader,gpt-6.1-sol,,cardiomegaly,CXR-EVALUATION-045,abstained,,14258,,0,OpenI:CXR2333,False,,False
evaluation,CXR,B,second-reader,gpt-6.1-sol,,cardiomegaly,CXR-EVALUATION-046,completed,0,10539,,0,OpenI:CXR2291,True,True,True
evaluation,CXR,B,second-reader,gpt-6.1-sol,,cardiomegaly,CXR-EVALUATION-047,completed,0,27756,,0,OpenI:CXR367,True,True,True
evaluation,CXR,B,second-reader,gpt-6.1-sol,,cardiomegaly,CXR-EVALUATION-048,completed,0,10413,,0,OpenI:CXR2131,True,True,True
evaluation,CXR,B,second-reader,gpt-6.1-sol,,cardiomegaly,CXR-EVALUATION-049,completed,0,10684,,0,OpenI:CXR3139,True,True,True
evaluation,CXR,B,second-reader,gpt-6.1-sol,,cardiomegaly,CXR-EVALUATION-050,completed,0,14816,,0,OpenI:CXR250,True,True,True
evaluation,CXR,B,second-reader,gpt-6.1-sol,,focal_consolidation,CXR-EVALUATION-001,completed,0,13911,,0,OpenI:CXR3148,True,True,True
evaluation,CXR,B,second-reader,gpt-6.1-sol,,focal_consolidation,CXR-EVALUATION-021,completed,0,13182,,0,OpenI:CXR3941,True,True,True
evaluation,CXR,B,second-reader,gpt-6.1-sol,,focal_consolidation,CXR-EVALUATION-022,completed,0,12051,,0,OpenI:CXR1801,True,True,True
evaluation,CXR,B,second-reader,gpt-6.1-sol,,focal_consolidation,CXR-EVALUATION-031,completed,1,16184,,1,OpenI:CXR3565,True,True,True
evaluation,CXR,B,second-reader,gpt-6.1-sol,,focal_consolidation,CXR-EVALUATION-032,completed,0,14017,,1,OpenI:CXR1501,True,False,False
evaluation,CXR,B,second-reader,gpt-6.1-sol,,focal_consolidation,CXR-EVALUATION-041,completed,0,10914,,0,OpenI:CXR1531,True,True,True
evaluation,CXR,B,second-reader,gpt-6.1-sol,,focal_consolidation,CXR-EVALUATION-042,completed,0,10986,,0,OpenI:CXR336,True,True,True
evaluation,CXR,B,second-reader,gpt-6.1-sol,,focal_consolidation,CXR-EVALUATION-043,completed,0,13072,,0,OpenI:CXR2541,True,True,True
evaluation,CXR,B,second-reader,gpt-6.1-sol,,focal_consolidation,CXR-EVALUATION-044,completed,0,12438,,0,OpenI:CXR225,True,True,True
evaluation,CXR,B,second-reader,gpt-6.1-sol,,focal_consolidation,CXR-EVALUATION-045,completed,0,14258,,0,OpenI:CXR2333,True,True,True
evaluation,CXR,B,second-reader,gpt-6.1-sol,,focal_consolidation,CXR-EVALUATION-046,completed,0,10539,,0,OpenI:CXR2291,True,True,True
evaluation,CXR,B,second-reader,gpt-6.1-sol,,focal_consolidation,CXR-EVALUATION-047,completed,0,27756,,0,OpenI:CXR367,True,True,True
evaluation,CXR,B,second-reader,gpt-6.1-sol,,focal_consolidation,CXR-EVALUATION-048,completed,0,10413,,0,OpenI:CXR2131,True,True,True
evaluation,CXR,B,second-reader,gpt-6.1-sol,,focal_consolidation,CXR-EVALUATION-049,completed,0,10684,,0,OpenI:CXR3139,True,True,True
evaluation,CXR,B,second-reader,gpt-6.1-sol,,focal_consolidation,CXR-EVALUATION-050,completed,0,14816,,0,OpenI:CXR250,True,True,True
evaluation,CXR,B,self-review,gpt-6-astra,,pleural_effusion,CXR-EVALUATION-001,completed,1,11508,,1,OpenI:CXR3148,True,True,True
evaluation,CXR,B,self-review,gpt-6-astra,,pleural_effusion,CXR-EVALUATION-021,completed,0,15957,,0,OpenI:CXR3941,True,True,True
evaluation,CXR,B,self-review,gpt-6-astra,,pleural_effusion,CXR-EVALUATION-041,completed,0,14193,,0,OpenI:CXR1531,True,True,True
evaluation,CXR,B,self-review,gpt-6-astra,,pleural_effusion,CXR-EVALUATION-042,completed,0,11496,,0,OpenI:CXR336,True,True,True
evaluation,CXR,B,self-review,gpt-6-astra,,pneumothorax,CXR-EVALUATION-011,completed,0,11928,,1,OpenI:CXR465,True,False,False
evaluation,CXR,B,self-review,gpt-6-astra,,pneumothorax,CXR-EVALUATION-021,completed,0,15957,,0,OpenI:CXR3941,True,True,True
evaluation,CXR,B,self-review,gpt-6-astra,,pneumothorax,CXR-EVALUATION-041,completed,0,14193,,0,OpenI:CXR1531,True,True,True
evaluation,CXR,B,self-review,gpt-6-astra,,pneumothorax,CXR-EVALUATION-042,completed,0,11496,,0,OpenI:CXR336,True,True,True
evaluation,CXR,B,self-review,gpt-6-astra,,cardiomegaly,CXR-EVALUATION-001,completed,0,11508,,1,OpenI:CXR3148,True,False,False
evaluation,CXR,B,self-review,gpt-6-astra,,cardiomegaly,CXR-EVALUATION-021,completed,0,15957,,1,OpenI:CXR3941,True,False,False
evaluation,CXR,B,self-review,gpt-6-astra,,cardiomegaly,CXR-EVALUATION-041,completed,0,14193,,0,OpenI:CXR1531,True,True,True
evaluation,CXR,B,self-review,gpt-6-astra,,cardiomegaly,CXR-EVALUATION-042,completed,0,11496,,0,OpenI:CXR336,True,True,True
evaluation,CXR,B,self-review,gpt-6-astra,,focal_consolidation,CXR-EVALUATION-001,completed,0,11508,,0,OpenI:CXR3148,True,True,True
evaluation,CXR,B,self-review,gpt-6-astra,,focal_consolidation,CXR-EVALUATION-021,completed,0,15957,,0,OpenI:CXR3941,True,True,True
evaluation,CXR,B,self-review,gpt-6-astra,,focal_consolidation,CXR-EVALUATION-041,completed,0,14193,,0,OpenI:CXR1531,True,True,True
evaluation,CXR,B,self-review,gpt-6-astra,,focal_consolidation,CXR-EVALUATION-042,completed,0,11496,,0,OpenI:CXR336,True,True,True
evaluation,CXR,B,self-review,gpt-6-luna,,pleural_effusion,CXR-EVALUATION-001,completed,0,7970,,1,OpenI:CXR3148,True,False,False
evaluation,CXR,B,self-review,gpt-6-luna,,pleural_effusion,CXR-EVALUATION-021,completed,0,10696,,0,OpenI:CXR3941,True,True,True
evaluation,CXR,B,self-review,gpt-6-luna,,pleural_effusion,CXR-EVALUATION-041,completed,0,8331,,0,OpenI:CXR1531,True,True,True
evaluation,CXR,B,self-review,gpt-6-luna,,pleural_effusion,CXR-EVALUATION-042,completed,0,12157,,0,OpenI:CXR336,True,True,True
evaluation,CXR,B,self-review,gpt-6-luna,,pneumothorax,CXR-EVALUATION-011,completed,0,10750,,1,OpenI:CXR465,True,False,False
evaluation,CXR,B,self-review,gpt-6-luna,,pneumothorax,CXR-EVALUATION-021,completed,0,10696,,0,OpenI:CXR3941,True,True,True
evaluation,CXR,B,self-review,gpt-6-luna,,pneumothorax,CXR-EVALUATION-041,completed,0,8331,,0,OpenI:CXR1531,True,True,True
evaluation,CXR,B,self-review,gpt-6-luna,,pneumothorax,CXR-EVALUATION-042,completed,0,12157,,0,OpenI:CXR336,True,True,True
evaluation,CXR,B,self-review,gpt-6-luna,,cardiomegaly,CXR-EVALUATION-001,completed,0,7970,,1,OpenI:CXR3148,True,False,False
evaluation,CXR,B,self-review,gpt-6-luna,,cardiomegaly,CXR-EVALUATION-021,abstained,,10696,,1,OpenI:CXR3941,False,,False
evaluation,CXR,B,self-review,gpt-6-luna,,cardiomegaly,CXR-EVALUATION-041,completed,0,8331,,0,OpenI:CXR1531,True,True,True
evaluation,CXR,B,self-review,gpt-6-luna,,cardiomegaly,CXR-EVALUATION-042,completed,0,12157,,0,OpenI:CXR336,True,True,True
evaluation,CXR,B,self-review,gpt-6-luna,,focal_consolidation,CXR-EVALUATION-001,completed,0,7970,,0,OpenI:CXR3148,True,True,True
evaluation,CXR,B,self-review,gpt-6-luna,,focal_consolidation,CXR-EVALUATION-021,completed,0,10696,,0,OpenI:CXR3941,True,True,True
evaluation,CXR,B,self-review,gpt-6-luna,,focal_consolidation,CXR-EVALUATION-041,completed,0,8331,,0,OpenI:CXR1531,True,True,True
evaluation,CXR,B,self-review,gpt-6-luna,,focal_consolidation,CXR-EVALUATION-042,completed,0,12157,,0,OpenI:CXR336,True,True,True
evaluation,CXR,B,self-review,gpt-6.1-sol,,pleural_effusion,CXR-EVALUATION-001,completed,1,13275,,1,OpenI:CXR3148,True,True,True
evaluation,CXR,B,self-review,gpt-6.1-sol,,pleural_effusion,CXR-EVALUATION-021,completed,0,13501,,0,OpenI:CXR3941,True,True,True
evaluation,CXR,B,self-review,gpt-6.1-sol,,pleural_effusion,CXR-EVALUATION-041,completed,0,11495,,0,OpenI:CXR1531,True,True,True
evaluation,CXR,B,self-review,gpt-6.1-sol,,pleural_effusion,CXR-EVALUATION-042,completed,0,10245,,0,OpenI:CXR336,True,True,True
evaluation,CXR,B,self-review,gpt-6.1-sol,,pneumothorax,CXR-EVALUATION-011,completed,0,12914,,1,OpenI:CXR465,True,False,False
evaluation,CXR,B,self-review,gpt-6.1-sol,,pneumothorax,CXR-EVALUATION-021,completed,0,13501,,0,OpenI:CXR3941,True,True,True
evaluation,CXR,B,self-review,gpt-6.1-sol,,pneumothorax,CXR-EVALUATION-041,completed,0,11495,,0,OpenI:CXR1531,True,True,True
evaluation,CXR,B,self-review,gpt-6.1-sol,,pneumothorax,CXR-EVALUATION-042,completed,0,10245,,0,OpenI:CXR336,True,True,True
evaluation,CXR,B,self-review,gpt-6.1-sol,,cardiomegaly,CXR-EVALUATION-001,completed,0,13275,,1,OpenI:CXR3148,True,False,False
evaluation,CXR,B,self-review,gpt-6.1-sol,,cardiomegaly,CXR-EVALUATION-021,completed,0,13501,,1,OpenI:CXR3941,True,False,False
evaluation,CXR,B,self-review,gpt-6.1-sol,,cardiomegaly,CXR-EVALUATION-041,completed,0,11495,,0,OpenI:CXR1531,True,True,True
evaluation,CXR,B,self-review,gpt-6.1-sol,,cardiomegaly,CXR-EVALUATION-042,completed,0,10245,,0,OpenI:CXR336,True,True,True
evaluation,CXR,B,self-review,gpt-6.1-sol,,focal_consolidation,CXR-EVALUATION-001,completed,0,13275,,0,OpenI:CXR3148,True,True,True
evaluation,CXR,B,self-review,gpt-6.1-sol,,focal_consolidation,CXR-EVALUATION-021,completed,0,13501,,0,OpenI:CXR3941,True,True,True
evaluation,CXR,B,self-review,gpt-6.1-sol,,focal_consolidation,CXR-EVALUATION-041,completed,0,11495,,0,OpenI:CXR1531,True,True,True
evaluation,CXR,B,self-review,gpt-6.1-sol,,focal_consolidation,CXR-EVALUATION-042,completed,0,10245,,0,OpenI:CXR336,True,True,True
evaluation,MR,A,primary,gpt-6-astra,,white_matter_signal_abnormality,MR-EVALUATION-001,completed,1,119095,,1,MR-RATE:2210,True,True,True
evaluation,MR,A,primary,gpt-6-astra,,white_matter_signal_abnormality,MR-EVALUATION-005,completed,1,140084,,1,MR-RATE:1960,True,True,True
evaluation,MR,A,primary,gpt-6-astra,,chronic_infarction,MR-EVALUATION-001,abstained,,119095,,1,MR-RATE:2210,False,,False
evaluation,MR,A,primary,gpt-6-astra,,mass_lesion,MR-EVALUATION-001,completed,0,119095,,1,MR-RATE:2210,True,False,False
evaluation,MR,A,primary,gpt-6-luna,,white_matter_signal_abnormality,MR-EVALUATION-001,budget_exhausted,,85021,,1,MR-RATE:2210,False,,False
evaluation,MR,A,primary,gpt-6-luna,,white_matter_signal_abnormality,MR-EVALUATION-005,budget_exhausted,,88080,,1,MR-RATE:1960,False,,False
evaluation,MR,A,primary,gpt-6-luna,,chronic_infarction,MR-EVALUATION-001,budget_exhausted,,85021,,1,MR-RATE:2210,False,,False
evaluation,MR,A,primary,gpt-6-luna,,mass_lesion,MR-EVALUATION-001,budget_exhausted,,85021,,1,MR-RATE:2210,False,,False
evaluation,MR,A,primary,gpt-6.1-sol,,white_matter_signal_abnormality,MR-EVALUATION-001,completed,1,127003,,1,MR-RATE:2210,True,True,True
evaluation,MR,A,primary,gpt-6.1-sol,,white_matter_signal_abnormality,MR-EVALUATION-005,abstained,,109393,,1,MR-RATE:1960,False,,False
evaluation,MR,A,primary,gpt-6.1-sol,,chronic_infarction,MR-EVALUATION-001,abstained,,127003,,1,MR-RATE:2210,False,,False
evaluation,MR,A,primary,gpt-6.1-sol,,mass_lesion,MR-EVALUATION-001,completed,0,127003,,1,MR-RATE:2210,True,False,False
evaluation,MR,B,delegated,gpt-6-astra,,white_matter_signal_abnormality,MR-EVALUATION-001,completed,1,31222,,1,MR-RATE:2210,True,True,True
evaluation,MR,B,delegated,gpt-6-astra,,white_matter_signal_abnormality,MR-EVALUATION-005,completed,1,29512,,1,MR-RATE:1960,True,True,True
evaluation,MR,B,delegated,gpt-6-astra,,chronic_infarction,MR-EVALUATION-001,abstained,,31222,,1,MR-RATE:2210,False,,False
evaluation,MR,B,delegated,gpt-6-astra,,mass_lesion,MR-EVALUATION-001,completed,0,31222,,1,MR-RATE:2210,True,False,False
evaluation,MR,B,delegated,gpt-6-luna,,white_matter_signal_abnormality,MR-EVALUATION-001,completed,1,30118,,1,MR-RATE:2210,True,True,True
evaluation,MR,B,delegated,gpt-6-luna,,white_matter_signal_abnormality,MR-EVALUATION-005,completed,0,23115,,1,MR-RATE:1960,True,False,False
evaluation,MR,B,delegated,gpt-6-luna,,chronic_infarction,MR-EVALUATION-001,completed,0,30118,,1,MR-RATE:2210,True,False,False
evaluation,MR,B,delegated,gpt-6-luna,,mass_lesion,MR-EVALUATION-001,completed,0,30118,,1,MR-RATE:2210,True,False,False
evaluation,MR,B,delegated,gpt-6.1-sol,,white_matter_signal_abnormality,MR-EVALUATION-001,completed,1,35833,,1,MR-RATE:2210,True,True,True
evaluation,MR,B,delegated,gpt-6.1-sol,,white_matter_signal_abnormality,MR-EVALUATION-005,completed,1,33763,,1,MR-RATE:1960,True,True,True
evaluation,MR,B,delegated,gpt-6.1-sol,,chronic_infarction,MR-EVALUATION-001,abstained,,35833,,1,MR-RATE:2210,False,,False
evaluation,MR,B,delegated,gpt-6.1-sol,,mass_lesion,MR-EVALUATION-001,completed,0,35833,,1,MR-RATE:2210,True,False,False
evaluation,MR,B,primary,google/medgemma-1.5-4b-it,,white_matter_signal_abnormality,MR-EVALUATION-001,invalid_output,,126017,,1,MR-RATE:2210,False,,False
evaluation,MR,B,primary,google/medgemma-1.5-4b-it,,white_matter_signal_abnormality,MR-EVALUATION-005,completed,0,22960,,1,MR-RATE:1960,True,False,False
evaluation,MR,B,primary,google/medgemma-1.5-4b-it,,white_matter_signal_abnormality,MR-EVALUATION-012,completed,0,22753,,1,MR-RATE:2227,True,False,False
evaluation,MR,B,primary,google/medgemma-1.5-4b-it,,white_matter_signal_abnormality,MR-EVALUATION-017,completed,0,21100,,1,MR-RATE:1775,True,False,False
evaluation,MR,B,primary,google/medgemma-1.5-4b-it,,white_matter_signal_abnormality,MR-EVALUATION-018,invalid_output,,125758,,1,MR-RATE:1935,False,,False
evaluation,MR,B,primary,google/medgemma-1.5-4b-it,,chronic_infarction,MR-EVALUATION-001,invalid_output,,126017,,1,MR-RATE:2210,False,,False
evaluation,MR,B,primary,google/medgemma-1.5-4b-it,,mass_lesion,MR-EVALUATION-001,invalid_output,,126017,,1,MR-RATE:2210,False,,False
evaluation,MR,B,primary,google/medgemma-1.5-4b-it,,mass_lesion,MR-EVALUATION-019,completed,0,22366,,1,MR-RATE:1336,True,False,False
evaluation,MR,B,primary,google/medgemma-1.5-4b-it,repeat1,white_matter_signal_abnormality,MR-EVALUATION-001,invalid_output,,126722,,1,MR-RATE:2210,False,,False
evaluation,MR,B,primary,google/medgemma-1.5-4b-it,repeat1,chronic_infarction,MR-EVALUATION-001,invalid_output,,126722,,1,MR-RATE:2210,False,,False
evaluation,MR,B,primary,google/medgemma-1.5-4b-it,repeat1,mass_lesion,MR-EVALUATION-001,invalid_output,,126722,,1,MR-RATE:2210,False,,False
evaluation,MR,B,primary,gpt-6-astra,,white_matter_signal_abnormality,MR-EVALUATION-001,completed,1,24981,,1,MR-RATE:2210,True,True,True
evaluation,MR,B,primary,gpt-6-astra,,white_matter_signal_abnormality,MR-EVALUATION-005,completed,1,20702,,1,MR-RATE:1960,True,True,True
evaluation,MR,B,primary,gpt-6-astra,,white_matter_signal_abnormality,MR-EVALUATION-012,completed,1,26230,,1,MR-RATE:2227,True,True,True
evaluation,MR,B,primary,gpt-6-astra,,white_matter_signal_abnormality,MR-EVALUATION-017,completed,1,21852,,1,MR-RATE:1775,True,True,True
evaluation,MR,B,primary,gpt-6-astra,,white_matter_signal_abnormality,MR-EVALUATION-018,completed,1,24659,,1,MR-RATE:1935,True,True,True
evaluation,MR,B,primary,gpt-6-astra,,chronic_infarction,MR-EVALUATION-001,completed,1,24981,,1,MR-RATE:2210,True,True,True
evaluation,MR,B,primary,gpt-6-astra,,mass_lesion,MR-EVALUATION-001,completed,0,24981,,1,MR-RATE:2210,True,False,False
evaluation,MR,B,primary,gpt-6-astra,,mass_lesion,MR-EVALUATION-019,completed,1,25067,,1,MR-RATE:1336,True,True,True
evaluation,MR,B,primary,gpt-6-astra,repeat1,white_matter_signal_abnormality,MR-EVALUATION-001,completed,1,26387,,1,MR-RATE:2210,True,True,True
evaluation,MR,B,primary,gpt-6-astra,repeat1,chronic_infarction,MR-EVALUATION-001,abstained,,26387,,1,MR-RATE:2210,False,,False
evaluation,MR,B,primary,gpt-6-astra,repeat1,mass_lesion,MR-EVALUATION-001,completed,0,26387,,1,MR-RATE:2210,True,False,False
evaluation,MR,B,primary,gpt-6-luna,,white_matter_signal_abnormality,MR-EVALUATION-001,completed,1,16316,,1,MR-RATE:2210,True,True,True
evaluation,MR,B,primary,gpt-6-luna,,white_matter_signal_abnormality,MR-EVALUATION-005,completed,1,17230,,1,MR-RATE:1960,True,True,True
evaluation,MR,B,primary,gpt-6-luna,,white_matter_signal_abnormality,MR-EVALUATION-012,completed,1,17722,,1,MR-RATE:2227,True,True,True
evaluation,MR,B,primary,gpt-6-luna,,white_matter_signal_abnormality,MR-EVALUATION-017,completed,1,18894,,1,MR-RATE:1775,True,True,True
evaluation,MR,B,primary,gpt-6-luna,,white_matter_signal_abnormality,MR-EVALUATION-018,completed,0,14001,,1,MR-RATE:1935,True,False,False
evaluation,MR,B,primary,gpt-6-luna,,chronic_infarction,MR-EVALUATION-001,completed,0,16316,,1,MR-RATE:2210,True,False,False
evaluation,MR,B,primary,gpt-6-luna,,mass_lesion,MR-EVALUATION-001,completed,0,16316,,1,MR-RATE:2210,True,False,False
evaluation,MR,B,primary,gpt-6-luna,,mass_lesion,MR-EVALUATION-019,abstained,,16152,,1,MR-RATE:1336,False,,False
evaluation,MR,B,primary,gpt-6-luna,repeat1,white_matter_signal_abnormality,MR-EVALUATION-001,completed,1,20476,,1,MR-RATE:2210,True,True,True
evaluation,MR,B,primary,gpt-6-luna,repeat1,chronic_infarction,MR-EVALUATION-001,completed,0,20476,,1,MR-RATE:2210,True,False,False
evaluation,MR,B,primary,gpt-6-luna,repeat1,mass_lesion,MR-EVALUATION-001,completed,0,20476,,1,MR-RATE:2210,True,False,False
evaluation,MR,B,primary,gpt-6.1-sol,,white_matter_signal_abnormality,MR-EVALUATION-001,completed,1,32062,,1,MR-RATE:2210,True,True,True
evaluation,MR,B,primary,gpt-6.1-sol,,white_matter_signal_abnormality,MR-EVALUATION-005,completed,1,28822,,1,MR-RATE:1960,True,True,True
evaluation,MR,B,primary,gpt-6.1-sol,,white_matter_signal_abnormality,MR-EVALUATION-012,completed,1,23390,,1,MR-RATE:2227,True,True,True
evaluation,MR,B,primary,gpt-6.1-sol,,white_matter_signal_abnormality,MR-EVALUATION-017,completed,1,22242,,1,MR-RATE:1775,True,True,True
evaluation,MR,B,primary,gpt-6.1-sol,,white_matter_signal_abnormality,MR-EVALUATION-018,completed,1,23828,,1,MR-RATE:1935,True,True,True
evaluation,MR,B,primary,gpt-6.1-sol,,chronic_infarction,MR-EVALUATION-001,abstained,,32062,,1,MR-RATE:2210,False,,False
evaluation,MR,B,primary,gpt-6.1-sol,,mass_lesion,MR-EVALUATION-001,completed,0,32062,,1,MR-RATE:2210,True,False,False
evaluation,MR,B,primary,gpt-6.1-sol,,mass_lesion,MR-EVALUATION-019,completed,1,30330,,1,MR-RATE:1336,True,True,True
evaluation,MR,B,primary,gpt-6.1-sol,repeat1,white_matter_signal_abnormality,MR-EVALUATION-001,completed,1,34969,,1,MR-RATE:2210,True,True,True
evaluation,MR,B,primary,gpt-6.1-sol,repeat1,chronic_infarction,MR-EVALUATION-001,completed,1,34969,,1,MR-RATE:2210,True,True,True
evaluation,MR,B,primary,gpt-6.1-sol,repeat1,mass_lesion,MR-EVALUATION-001,completed,0,34969,,1,MR-RATE:2210,True,False,False
evaluation,MR,B,second-reader,gpt-6-astra,,white_matter_signal_abnormality,MR-EVALUATION-001,completed,1,26452,,1,MR-RATE:2210,True,True,True
evaluation,MR,B,second-reader,gpt-6-astra,,white_matter_signal_abnormality,MR-EVALUATION-005,completed,1,20418,,1,MR-RATE:1960,True,True,True
evaluation,MR,B,second-reader,gpt-6-astra,,chronic_infarction,MR-EVALUATION-001,abstained,,26452,,1,MR-RATE:2210,False,,False
evaluation,MR,B,second-reader,gpt-6-astra,,mass_lesion,MR-EVALUATION-001,completed,0,26452,,1,MR-RATE:2210,True,False,False
evaluation,MR,B,second-reader,gpt-6-luna,,white_matter_signal_abnormality,MR-EVALUATION-001,completed,1,13504,,1,MR-RATE:2210,True,True,True
evaluation,MR,B,second-reader,gpt-6-luna,,white_matter_signal_abnormality,MR-EVALUATION-005,completed,1,12162,,1,MR-RATE:1960,True,True,True
evaluation,MR,B,second-reader,gpt-6-luna,,chronic_infarction,MR-EVALUATION-001,completed,0,13504,,1,MR-RATE:2210,True,False,False
evaluation,MR,B,second-reader,gpt-6-luna,,mass_lesion,MR-EVALUATION-001,completed,0,13504,,1,MR-RATE:2210,True,False,False
evaluation,MR,B,second-reader,gpt-6.1-sol,,white_matter_signal_abnormality,MR-EVALUATION-001,completed,1,24120,,1,MR-RATE:2210,True,True,True
evaluation,MR,B,second-reader,gpt-6.1-sol,,white_matter_signal_abnormality,MR-EVALUATION-005,completed,1,22776,,1,MR-RATE:1960,True,True,True
evaluation,MR,B,second-reader,gpt-6.1-sol,,chronic_infarction,MR-EVALUATION-001,abstained,,24120,,1,MR-RATE:2210,False,,False
evaluation,MR,B,second-reader,gpt-6.1-sol,,mass_lesion,MR-EVALUATION-001,abstained,,24120,,1,MR-RATE:2210,False,,False
evaluation,MR,B,self-review,gpt-6-astra,,white_matter_signal_abnormality,MR-EVALUATION-001,completed,1,16383,,1,MR-RATE:2210,True,True,True
evaluation,MR,B,self-review,gpt-6-astra,,chronic_infarction,MR-EVALUATION-001,abstained,,16383,,1,MR-RATE:2210,False,,False
evaluation,MR,B,self-review,gpt-6-astra,,mass_lesion,MR-EVALUATION-001,completed,0,16383,,1,MR-RATE:2210,True,False,False
evaluation,MR,B,self-review,gpt-6-luna,,white_matter_signal_abnormality,MR-EVALUATION-001,completed,1,14996,,1,MR-RATE:2210,True,True,True
evaluation,MR,B,self-review,gpt-6-luna,,chronic_infarction,MR-EVALUATION-001,completed,0,14996,,1,MR-RATE:2210,True,False,False
evaluation,MR,B,self-review,gpt-6-luna,,mass_lesion,MR-EVALUATION-001,completed,0,14996,,1,MR-RATE:2210,True,False,False
evaluation,MR,B,self-review,gpt-6.1-sol,,white_matter_signal_abnormality,MR-EVALUATION-001,completed,1,22630,,1,MR-RATE:2210,True,True,True
evaluation,MR,B,self-review,gpt-6.1-sol,,chronic_infarction,MR-EVALUATION-001,abstained,,22630,,1,MR-RATE:2210,False,,False
evaluation,MR,B,self-review,gpt-6.1-sol,,mass_lesion,MR-EVALUATION-001,abstained,,22630,,1,MR-RATE:2210,False,,False
fresh-validation,CT,B,primary,google/medgemma-1.5-4b-it,,pleural_effusion,CT-FRESH-002,invalid_output,,127247,,0,CT-RATE:valid_911,False,,False
fresh-validation,CT,B,primary,google/medgemma-1.5-4b-it,,pleural_effusion,CT-FRESH-003,completed,0,22159,,0,CT-RATE:valid_883,True,True,True
fresh-validation,CT,B,primary,google/medgemma-1.5-4b-it,,pleural_effusion,CT-FRESH-007,completed,0,21257,,0,CT-RATE:valid_621,True,True,True
fresh-validation,CT,B,primary,google/medgemma-1.5-4b-it,,pleural_effusion,CT-FRESH-008,completed,0,122813,,0,CT-RATE:valid_708,True,True,True
fresh-validation,CT,B,primary,google/medgemma-1.5-4b-it,,pleural_effusion,CT-FRESH-009,invalid_output,,126095,,0,CT-RATE:valid_142,False,,False
fresh-validation,CT,B,primary,google/medgemma-1.5-4b-it,,pulmonary_nodule,CT-FRESH-003,completed,0,22159,,1,CT-RATE:valid_883,True,False,False
fresh-validation,CT,B,primary,google/medgemma-1.5-4b-it,,consolidation,CT-FRESH-006,completed,0,23556,,1,CT-RATE:valid_1108,True,False,False
fresh-validation,CT,B,primary,google/medgemma-1.5-4b-it,,consolidation,CT-FRESH-010,completed,1,22936,,1,CT-RATE:valid_461,True,True,True
fresh-validation,CT,B,primary,gpt-6.1-sol,,pleural_effusion,CT-FRESH-002,completed,0,20099,,0,CT-RATE:valid_911,True,True,True
fresh-validation,CT,B,primary,gpt-6.1-sol,,pleural_effusion,CT-FRESH-003,completed,0,21139,,0,CT-RATE:valid_883,True,True,True
fresh-validation,CT,B,primary,gpt-6.1-sol,,pleural_effusion,CT-FRESH-007,completed,0,20093,,0,CT-RATE:valid_621,True,True,True
fresh-validation,CT,B,primary,gpt-6.1-sol,,pleural_effusion,CT-FRESH-008,completed,0,21937,,0,CT-RATE:valid_708,True,True,True
fresh-validation,CT,B,primary,gpt-6.1-sol,,pleural_effusion,CT-FRESH-009,completed,0,19298,,0,CT-RATE:valid_142,True,True,True
fresh-validation,CT,B,primary,gpt-6.1-sol,,pulmonary_nodule,CT-FRESH-003,input_insufficient,,21139,,1,CT-RATE:valid_883,False,,False
fresh-validation,CT,B,primary,gpt-6.1-sol,,consolidation,CT-FRESH-006,abstained,,25921,,1,CT-RATE:valid_1108,False,,False
fresh-validation,CT,B,primary,gpt-6.1-sol,,consolidation,CT-FRESH-010,completed,1,29269,,1,CT-RATE:valid_461,True,True,True
fresh-validation,CXR,B,primary,google/medgemma-1.5-4b-it,,pleural_effusion,CXR-FRESH-001,completed,0,17121,,0,OpenI:CXR349,True,True,True
fresh-validation,CXR,B,primary,google/medgemma-1.5-4b-it,,pleural_effusion,CXR-FRESH-006,completed,0,15277,,0,OpenI:CXR1724,True,True,True
fresh-validation,CXR,B,primary,google/medgemma-1.5-4b-it,,pleural_effusion,CXR-FRESH-007,completed,0,17363,,0,OpenI:CXR3918,True,True,True
fresh-validation,CXR,B,primary,google/medgemma-1.5-4b-it,,pleural_effusion,CXR-FRESH-008,completed,0,16978,,0,OpenI:CXR2067,True,True,True
fresh-validation,CXR,B,primary,google/medgemma-1.5-4b-it,,pleural_effusion,CXR-FRESH-009,completed,0,16246,,0,OpenI:CXR2328,True,True,True
fresh-validation,CXR,B,primary,google/medgemma-1.5-4b-it,,pleural_effusion,CXR-FRESH-010,completed,0,20874,,0,OpenI:CXR249,True,True,True
fresh-validation,CXR,B,primary,google/medgemma-1.5-4b-it,,pneumothorax,CXR-FRESH-001,completed,0,17121,,0,OpenI:CXR349,True,True,True
fresh-validation,CXR,B,primary,google/medgemma-1.5-4b-it,,pneumothorax,CXR-FRESH-003,completed,0,15990,,0,OpenI:CXR772,True,True,True
fresh-validation,CXR,B,primary,google/medgemma-1.5-4b-it,,pneumothorax,CXR-FRESH-006,completed,0,15277,,0,OpenI:CXR1724,True,True,True
fresh-validation,CXR,B,primary,google/medgemma-1.5-4b-it,,pneumothorax,CXR-FRESH-007,completed,0,17363,,0,OpenI:CXR3918,True,True,True
fresh-validation,CXR,B,primary,google/medgemma-1.5-4b-it,,pneumothorax,CXR-FRESH-008,completed,0,16978,,0,OpenI:CXR2067,True,True,True
fresh-validation,CXR,B,primary,google/medgemma-1.5-4b-it,,pneumothorax,CXR-FRESH-009,completed,0,16246,,0,OpenI:CXR2328,True,True,True
fresh-validation,CXR,B,primary,google/medgemma-1.5-4b-it,,pneumothorax,CXR-FRESH-010,completed,0,20874,,0,OpenI:CXR249,True,True,True
fresh-validation,CXR,B,primary,google/medgemma-1.5-4b-it,,cardiomegaly,CXR-FRESH-001,completed,0,17121,,1,OpenI:CXR349,True,False,False
fresh-validation,CXR,B,primary,google/medgemma-1.5-4b-it,,cardiomegaly,CXR-FRESH-002,completed,0,15416,,1,OpenI:CXR2421,True,False,False
fresh-validation,CXR,B,primary,google/medgemma-1.5-4b-it,,cardiomegaly,CXR-FRESH-003,completed,1,15990,,1,OpenI:CXR772,True,True,True
fresh-validation,CXR,B,primary,google/medgemma-1.5-4b-it,,cardiomegaly,CXR-FRESH-004,completed,1,16508,,1,OpenI:CXR1905,True,True,True
fresh-validation,CXR,B,primary,google/medgemma-1.5-4b-it,,cardiomegaly,CXR-FRESH-005,completed,1,15498,,1,OpenI:CXR2496,True,True,True
fresh-validation,CXR,B,primary,google/medgemma-1.5-4b-it,,cardiomegaly,CXR-FRESH-006,completed,0,15277,,0,OpenI:CXR1724,True,True,True
fresh-validation,CXR,B,primary,google/medgemma-1.5-4b-it,,cardiomegaly,CXR-FRESH-007,completed,0,17363,,0,OpenI:CXR3918,True,True,True
fresh-validation,CXR,B,primary,google/medgemma-1.5-4b-it,,cardiomegaly,CXR-FRESH-008,completed,0,16978,,0,OpenI:CXR2067,True,True,True
fresh-validation,CXR,B,primary,google/medgemma-1.5-4b-it,,cardiomegaly,CXR-FRESH-009,completed,0,16246,,0,OpenI:CXR2328,True,True,True
fresh-validation,CXR,B,primary,google/medgemma-1.5-4b-it,,cardiomegaly,CXR-FRESH-010,input_insufficient,,20874,,0,OpenI:CXR249,False,,False
fresh-validation,CXR,B,primary,google/medgemma-1.5-4b-it,,focal_consolidation,CXR-FRESH-004,input_insufficient,,16508,,0,OpenI:CXR1905,False,,False
fresh-validation,CXR,B,primary,google/medgemma-1.5-4b-it,,focal_consolidation,CXR-FRESH-006,completed,0,15277,,0,OpenI:CXR1724,True,True,True
fresh-validation,CXR,B,primary,google/medgemma-1.5-4b-it,,focal_consolidation,CXR-FRESH-007,completed,0,17363,,0,OpenI:CXR3918,True,True,True
fresh-validation,CXR,B,primary,google/medgemma-1.5-4b-it,,focal_consolidation,CXR-FRESH-008,completed,0,16978,,0,OpenI:CXR2067,True,True,True
fresh-validation,CXR,B,primary,google/medgemma-1.5-4b-it,,focal_consolidation,CXR-FRESH-009,completed,0,16246,,0,OpenI:CXR2328,True,True,True
fresh-validation,CXR,B,primary,google/medgemma-1.5-4b-it,,focal_consolidation,CXR-FRESH-010,completed,1,20874,,0,OpenI:CXR249,True,False,False
fresh-validation,CXR,B,primary,gpt-6.1-sol,,pleural_effusion,CXR-FRESH-001,completed,0,13757,,0,OpenI:CXR349,True,True,True
fresh-validation,CXR,B,primary,gpt-6.1-sol,,pleural_effusion,CXR-FRESH-006,completed,0,14016,,0,OpenI:CXR1724,True,True,True
fresh-validation,CXR,B,primary,gpt-6.1-sol,,pleural_effusion,CXR-FRESH-007,completed,0,13759,,0,OpenI:CXR3918,True,True,True
fresh-validation,CXR,B,primary,gpt-6.1-sol,,pleural_effusion,CXR-FRESH-008,completed,0,15603,,0,OpenI:CXR2067,True,True,True
fresh-validation,CXR,B,primary,gpt-6.1-sol,,pleural_effusion,CXR-FRESH-009,completed,0,16289,,0,OpenI:CXR2328,True,True,True
fresh-validation,CXR,B,primary,gpt-6.1-sol,,pleural_effusion,CXR-FRESH-010,completed,0,17688,,0,OpenI:CXR249,True,True,True
fresh-validation,CXR,B,primary,gpt-6.1-sol,,pneumothorax,CXR-FRESH-001,completed,0,13757,,0,OpenI:CXR349,True,True,True
fresh-validation,CXR,B,primary,gpt-6.1-sol,,pneumothorax,CXR-FRESH-003,completed,0,18677,,0,OpenI:CXR772,True,True,True
fresh-validation,CXR,B,primary,gpt-6.1-sol,,pneumothorax,CXR-FRESH-006,completed,0,14016,,0,OpenI:CXR1724,True,True,True
fresh-validation,CXR,B,primary,gpt-6.1-sol,,pneumothorax,CXR-FRESH-007,completed,0,13759,,0,OpenI:CXR3918,True,True,True
fresh-validation,CXR,B,primary,gpt-6.1-sol,,pneumothorax,CXR-FRESH-008,completed,0,15603,,0,OpenI:CXR2067,True,True,True
fresh-validation,CXR,B,primary,gpt-6.1-sol,,pneumothorax,CXR-FRESH-009,completed,0,16289,,0,OpenI:CXR2328,True,True,True
fresh-validation,CXR,B,primary,gpt-6.1-sol,,pneumothorax,CXR-FRESH-010,completed,0,17688,,0,OpenI:CXR249,True,True,True
fresh-validation,CXR,B,primary,gpt-6.1-sol,,cardiomegaly,CXR-FRESH-001,completed,0,13757,,1,OpenI:CXR349,True,False,False
fresh-validation,CXR,B,primary,gpt-6.1-sol,,cardiomegaly,CXR-FRESH-002,input_insufficient,,17720,,1,OpenI:CXR2421,False,,False
fresh-validation,CXR,B,primary,gpt-6.1-sol,,cardiomegaly,CXR-FRESH-003,completed,1,18677,,1,OpenI:CXR772,True,True,True
fresh-validation,CXR,B,primary,gpt-6.1-sol,,cardiomegaly,CXR-FRESH-004,completed,0,19356,,1,OpenI:CXR1905,True,False,False
fresh-validation,CXR,B,primary,gpt-6.1-sol,,cardiomegaly,CXR-FRESH-005,input_insufficient,,17198,,1,OpenI:CXR2496,False,,False
fresh-validation,CXR,B,primary,gpt-6.1-sol,,cardiomegaly,CXR-FRESH-006,completed,0,14016,,0,OpenI:CXR1724,True,True,True
fresh-validation,CXR,B,primary,gpt-6.1-sol,,cardiomegaly,CXR-FRESH-007,completed,0,13759,,0,OpenI:CXR3918,True,True,True
fresh-validation,CXR,B,primary,gpt-6.1-sol,,cardiomegaly,CXR-FRESH-008,completed,0,15603,,0,OpenI:CXR2067,True,True,True
fresh-validation,CXR,B,primary,gpt-6.1-sol,,cardiomegaly,CXR-FRESH-009,completed,0,16289,,0,OpenI:CXR2328,True,True,True
fresh-validation,CXR,B,primary,gpt-6.1-sol,,cardiomegaly,CXR-FRESH-010,completed,0,17688,,0,OpenI:CXR249,True,True,True
fresh-validation,CXR,B,primary,gpt-6.1-sol,,focal_consolidation,CXR-FRESH-004,completed,0,19356,,0,OpenI:CXR1905,True,True,True
fresh-validation,CXR,B,primary,gpt-6.1-sol,,focal_consolidation,CXR-FRESH-006,completed,0,14016,,0,OpenI:CXR1724,True,True,True
fresh-validation,CXR,B,primary,gpt-6.1-sol,,focal_consolidation,CXR-FRESH-007,completed,0,13759,,0,OpenI:CXR3918,True,True,True
fresh-validation,CXR,B,primary,gpt-6.1-sol,,focal_consolidation,CXR-FRESH-008,completed,0,15603,,0,OpenI:CXR2067,True,True,True
fresh-validation,CXR,B,primary,gpt-6.1-sol,,focal_consolidation,CXR-FRESH-009,completed,0,16289,,0,OpenI:CXR2328,True,True,True
fresh-validation,CXR,B,primary,gpt-6.1-sol,,focal_consolidation,CXR-FRESH-010,abstained,,17688,,0,OpenI:CXR249,False,,False
fresh-validation,MR,B,primary,google/medgemma-1.5-4b-it,,atrophy,MR-FRESH-002,completed,1,30896,,1,MR-RATE:359,True,True,True
fresh-validation,MR,B,primary,google/medgemma-1.5-4b-it,,atrophy,MR-FRESH-003,completed,0,111166,,1,MR-RATE:1528,True,False,False
fresh-validation,MR,B,primary,google/medgemma-1.5-4b-it,,chronic_infarction,MR-FRESH-002,completed,1,30896,,1,MR-RATE:359,True,True,True
fresh-validation,MR,B,primary,gpt-6.1-sol,,atrophy,MR-FRESH-002,completed,1,26988,,1,MR-RATE:359,True,True,True
fresh-validation,MR,B,primary,gpt-6.1-sol,,atrophy,MR-FRESH-003,completed,0,26475,,1,MR-RATE:1528,True,False,False
fresh-validation,MR,B,primary,gpt-6.1-sol,,chronic_infarction,MR-FRESH-002,completed,1,26988,,1,MR-RATE:359,True,True,True
