stage,modality,arm,configuration,model,attempt,task,assigned_studies,valid_structured,excluded_reference_states,reference_positive,reference_negative,assigned_patients,status_counts,completed_patients,completion,end_to_end_label_success,completed_only_label_agreement,sensitivity_completed_only,specificity_completed_only,false_negative_rate_completed_only,false_positive_rate_completed_only,diagnostic_confusion_counts,missing_outcome_bounds,cost_usd
evaluation,CT,A,primary,gpt-6-astra,,pleural_effusion,10,"{""numerator"": 4, ""denominator"": 10, ""estimate"": 0.4, ""ci95"": [0.16818032970623614, 0.6873262302663417], ""method"": ""Wilson two-sided 95%""}","{""unscorable"": 4}",1,5,6,"{""context_contamination"": 4, ""completed"": 2}",2,"{""numerator"": 2, ""denominator"": 6, ""estimate"": 0.3333333333333333, ""ci95"": [0.09677141110578041, 0.700006684861608], ""method"": ""Wilson two-sided 95%""}","{""numerator"": 2, ""denominator"": 6, ""estimate"": 0.3333333333333333, ""ci95"": [0.09677141110578041, 0.700006684861608], ""method"": ""Wilson two-sided 95%""}","{""numerator"": 2, ""denominator"": 2, ""estimate"": 1.0, ""ci95"": [0.34238022750665303, 1.0], ""method"": ""Wilson two-sided 95%""}","{""numerator"": 1, ""denominator"": 1, ""estimate"": 1.0, ""ci95"": [0.20654931437723745, 1.0], ""method"": ""Wilson two-sided 95%""}","{""numerator"": 1, ""denominator"": 1, ""estimate"": 1.0, ""ci95"": [0.20654931437723745, 1.0], ""method"": ""Wilson two-sided 95%""}","{""numerator"": 0, ""denominator"": 1, ""estimate"": 0.0, ""ci95"": [0.0, 0.7934506856227626], ""method"": ""Wilson two-sided 95%""}","{""numerator"": 0, ""denominator"": 1, ""estimate"": 0.0, ""ci95"": [0.0, 0.7934506856227626], ""method"": ""Wilson two-sided 95%""}","{""TP"": 1, ""FN"": 0, ""TN"": 1, ""FP"": 0}","{""sensitivity"": {""assigned_class_count"": 1, ""unscored_class_count"": 0, ""identification_bounds"": [1.0, 1.0], ""meaning"": ""Best/worst missing-outcome bounds, not confidence intervals; failures are not diagnostic FN/FP""}, ""specificity"": {""assigned_class_count"": 5, ""unscored_class_count"": 4, ""identification_bounds"": [0.2, 1.0], ""meaning"": ""Best/worst missing-outcome bounds, not confidence intervals; failures are not diagnostic FN/FP""}}","{""measured_patients"": 0, ""missing_patients"": 6, ""measured_subtotal"": null, ""total"": null}"
evaluation,CT,A,primary,gpt-6-astra,,pulmonary_nodule,10,"{""numerator"": 4, ""denominator"": 10, ""estimate"": 0.4, ""ci95"": [0.16818032970623614, 0.6873262302663417], ""method"": ""Wilson two-sided 95%""}","{""ambiguous"": 1, ""unscorable"": 4}",5,0,5,"{""context_contamination"": 2, ""input_insufficient"": 2, ""abstained"": 1}",0,"{""numerator"": 0, ""denominator"": 5, ""estimate"": 0.0, ""ci95"": [0.0, 0.43448246478317476], ""method"": ""Wilson two-sided 95%""}","{""numerator"": 0, ""denominator"": 5, ""estimate"": 0.0, ""ci95"": [0.0, 0.43448246478317476], ""method"": ""Wilson two-sided 95%""}","{""numerator"": 0, ""denominator"": 0, ""estimate"": null, ""ci95"": null}","{""numerator"": 0, ""denominator"": 0, ""estimate"": null, ""ci95"": null}","{""numerator"": 0, ""denominator"": 0, ""estimate"": null, ""ci95"": null}","{""numerator"": 0, ""denominator"": 0, ""estimate"": null, ""ci95"": null}","{""numerator"": 0, ""denominator"": 0, ""estimate"": null, ""ci95"": null}","{""TP"": 0, ""FN"": 0, ""TN"": 0, ""FP"": 0}","{""sensitivity"": {""assigned_class_count"": 5, ""unscored_class_count"": 5, ""identification_bounds"": [0.0, 1.0], ""meaning"": ""Best/worst missing-outcome bounds, not confidence intervals; failures are not diagnostic FN/FP""}, ""specificity"": {""assigned_class_count"": 0, ""unscored_class_count"": 0, ""identification_bounds"": null, ""meaning"": ""Best/worst missing-outcome bounds, not confidence intervals; failures are not diagnostic FN/FP""}}","{""measured_patients"": 0, ""missing_patients"": 5, ""measured_subtotal"": null, ""total"": null}"
evaluation,CT,A,primary,gpt-6-astra,,consolidation,10,"{""numerator"": 4, ""denominator"": 10, ""estimate"": 0.4, ""ci95"": [0.16818032970623614, 0.6873262302663417], ""method"": ""Wilson two-sided 95%""}","{""unscorable"": 8}",0,2,2,"{""context_contamination"": 2}",0,"{""numerator"": 0, ""denominator"": 2, ""estimate"": 0.0, ""ci95"": [0.0, 0.6576197724933469], ""method"": ""Wilson two-sided 95%""}","{""numerator"": 0, ""denominator"": 2, ""estimate"": 0.0, ""ci95"": [0.0, 0.6576197724933469], ""method"": ""Wilson two-sided 95%""}","{""numerator"": 0, ""denominator"": 0, ""estimate"": null, ""ci95"": null}","{""numerator"": 0, ""denominator"": 0, ""estimate"": null, ""ci95"": null}","{""numerator"": 0, ""denominator"": 0, ""estimate"": null, ""ci95"": null}","{""numerator"": 0, ""denominator"": 0, ""estimate"": null, ""ci95"": null}","{""numerator"": 0, ""denominator"": 0, ""estimate"": null, ""ci95"": null}","{""TP"": 0, ""FN"": 0, ""TN"": 0, ""FP"": 0}","{""sensitivity"": {""assigned_class_count"": 0, ""unscored_class_count"": 0, ""identification_bounds"": null, ""meaning"": ""Best/worst missing-outcome bounds, not confidence intervals; failures are not diagnostic FN/FP""}, ""specificity"": {""assigned_class_count"": 2, ""unscored_class_count"": 2, ""identification_bounds"": [0.0, 1.0], ""meaning"": ""Best/worst missing-outcome bounds, not confidence intervals; failures are not diagnostic FN/FP""}}","{""measured_patients"": 0, ""missing_patients"": 2, ""measured_subtotal"": null, ""total"": null}"
evaluation,CT,A,primary,gpt-6-astra,,emphysema,10,"{""numerator"": 4, ""denominator"": 10, ""estimate"": 0.4, ""ci95"": [0.16818032970623614, 0.6873262302663417], ""method"": ""Wilson two-sided 95%""}","{""unscorable"": 9}",1,0,1,"{""context_contamination"": 1}",0,"{""numerator"": 0, ""denominator"": 1, ""estimate"": 0.0, ""ci95"": [0.0, 0.7934506856227626], ""method"": ""Wilson two-sided 95%""}","{""numerator"": 0, ""denominator"": 1, ""estimate"": 0.0, ""ci95"": [0.0, 0.7934506856227626], ""method"": ""Wilson two-sided 95%""}","{""numerator"": 0, ""denominator"": 0, ""estimate"": null, ""ci95"": null}","{""numerator"": 0, ""denominator"": 0, ""estimate"": null, ""ci95"": null}","{""numerator"": 0, ""denominator"": 0, ""estimate"": null, ""ci95"": null}","{""numerator"": 0, ""denominator"": 0, ""estimate"": null, ""ci95"": null}","{""numerator"": 0, ""denominator"": 0, ""estimate"": null, ""ci95"": null}","{""TP"": 0, ""FN"": 0, ""TN"": 0, ""FP"": 0}","{""sensitivity"": {""assigned_class_count"": 1, ""unscored_class_count"": 1, ""identification_bounds"": [0.0, 1.0], ""meaning"": ""Best/worst missing-outcome bounds, not confidence intervals; failures are not diagnostic FN/FP""}, ""specificity"": {""assigned_class_count"": 0, ""unscored_class_count"": 0, ""identification_bounds"": null, ""meaning"": ""Best/worst missing-outcome bounds, not confidence intervals; failures are not diagnostic FN/FP""}}","{""measured_patients"": 0, ""missing_patients"": 1, ""measured_subtotal"": null, ""total"": null}"
evaluation,CT,A,primary,gpt-6-luna,,pleural_effusion,10,"{""numerator"": 2, ""denominator"": 10, ""estimate"": 0.2, ""ci95"": [0.05668215145437519, 0.5098375284633583], ""method"": ""Wilson two-sided 95%""}","{""unscorable"": 4}",1,5,6,"{""context_contamination"": 4, ""completed"": 1, ""budget_exhausted"": 1}",1,"{""numerator"": 1, ""denominator"": 6, ""estimate"": 0.16666666666666666, ""ci95"": [0.030053369748306635, 0.5635028221864702], ""method"": ""Wilson two-sided 95%""}","{""numerator"": 1, ""denominator"": 6, ""estimate"": 0.16666666666666666, ""ci95"": [0.030053369748306635, 0.5635028221864702], ""method"": ""Wilson two-sided 95%""}","{""numerator"": 1, ""denominator"": 1, ""estimate"": 1.0, ""ci95"": [0.20654931437723745, 1.0], ""method"": ""Wilson two-sided 95%""}","{""numerator"": 0, ""denominator"": 0, ""estimate"": null, ""ci95"": null}","{""numerator"": 1, ""denominator"": 1, ""estimate"": 1.0, ""ci95"": [0.20654931437723745, 1.0], ""method"": ""Wilson two-sided 95%""}","{""numerator"": 0, ""denominator"": 0, ""estimate"": null, ""ci95"": null}","{""numerator"": 0, ""denominator"": 1, ""estimate"": 0.0, ""ci95"": [0.0, 0.7934506856227626], ""method"": ""Wilson two-sided 95%""}","{""TP"": 0, ""FN"": 0, ""TN"": 1, ""FP"": 0}","{""sensitivity"": {""assigned_class_count"": 1, ""unscored_class_count"": 1, ""identification_bounds"": [0.0, 1.0], ""meaning"": ""Best/worst missing-outcome bounds, not confidence intervals; failures are not diagnostic FN/FP""}, ""specificity"": {""assigned_class_count"": 5, ""unscored_class_count"": 4, ""identification_bounds"": [0.2, 1.0], ""meaning"": ""Best/worst missing-outcome bounds, not confidence intervals; failures are not diagnostic FN/FP""}}","{""measured_patients"": 0, ""missing_patients"": 6, ""measured_subtotal"": null, ""total"": null}"
evaluation,CT,A,primary,gpt-6-luna,,pulmonary_nodule,10,"{""numerator"": 2, ""denominator"": 10, ""estimate"": 0.2, ""ci95"": [0.05668215145437519, 0.5098375284633583], ""method"": ""Wilson two-sided 95%""}","{""ambiguous"": 1, ""unscorable"": 4}",5,0,5,"{""context_contamination"": 2, ""completed"": 1, ""abstained"": 1, ""budget_exhausted"": 1}",1,"{""numerator"": 1, ""denominator"": 5, ""estimate"": 0.2, ""ci95"": [0.03622410863243014, 0.6244653702374747], ""method"": ""Wilson two-sided 95%""}","{""numerator"": 0, ""denominator"": 5, ""estimate"": 0.0, ""ci95"": [0.0, 0.43448246478317476], ""method"": ""Wilson two-sided 95%""}","{""numerator"": 0, ""denominator"": 1, ""estimate"": 0.0, ""ci95"": [0.0, 0.7934506856227626], ""method"": ""Wilson two-sided 95%""}","{""numerator"": 0, ""denominator"": 1, ""estimate"": 0.0, ""ci95"": [0.0, 0.7934506856227626], ""method"": ""Wilson two-sided 95%""}","{""numerator"": 0, ""denominator"": 0, ""estimate"": null, ""ci95"": null}","{""numerator"": 1, ""denominator"": 1, ""estimate"": 1.0, ""ci95"": [0.20654931437723745, 1.0], ""method"": ""Wilson two-sided 95%""}","{""numerator"": 0, ""denominator"": 0, ""estimate"": null, ""ci95"": null}","{""TP"": 0, ""FN"": 1, ""TN"": 0, ""FP"": 0}","{""sensitivity"": {""assigned_class_count"": 5, ""unscored_class_count"": 4, ""identification_bounds"": [0.0, 0.8], ""meaning"": ""Best/worst missing-outcome bounds, not confidence intervals; failures are not diagnostic FN/FP""}, ""specificity"": {""assigned_class_count"": 0, ""unscored_class_count"": 0, ""identification_bounds"": null, ""meaning"": ""Best/worst missing-outcome bounds, not confidence intervals; failures are not diagnostic FN/FP""}}","{""measured_patients"": 0, ""missing_patients"": 5, ""measured_subtotal"": null, ""total"": null}"
evaluation,CT,A,primary,gpt-6-luna,,consolidation,10,"{""numerator"": 2, ""denominator"": 10, ""estimate"": 0.2, ""ci95"": [0.05668215145437519, 0.5098375284633583], ""method"": ""Wilson two-sided 95%""}","{""unscorable"": 8}",0,2,2,"{""context_contamination"": 2}",0,"{""numerator"": 0, ""denominator"": 2, ""estimate"": 0.0, ""ci95"": [0.0, 0.6576197724933469], ""method"": ""Wilson two-sided 95%""}","{""numerator"": 0, ""denominator"": 2, ""estimate"": 0.0, ""ci95"": [0.0, 0.6576197724933469], ""method"": ""Wilson two-sided 95%""}","{""numerator"": 0, ""denominator"": 0, ""estimate"": null, ""ci95"": null}","{""numerator"": 0, ""denominator"": 0, ""estimate"": null, ""ci95"": null}","{""numerator"": 0, ""denominator"": 0, ""estimate"": null, ""ci95"": null}","{""numerator"": 0, ""denominator"": 0, ""estimate"": null, ""ci95"": null}","{""numerator"": 0, ""denominator"": 0, ""estimate"": null, ""ci95"": null}","{""TP"": 0, ""FN"": 0, ""TN"": 0, ""FP"": 0}","{""sensitivity"": {""assigned_class_count"": 0, ""unscored_class_count"": 0, ""identification_bounds"": null, ""meaning"": ""Best/worst missing-outcome bounds, not confidence intervals; failures are not diagnostic FN/FP""}, ""specificity"": {""assigned_class_count"": 2, ""unscored_class_count"": 2, ""identification_bounds"": [0.0, 1.0], ""meaning"": ""Best/worst missing-outcome bounds, not confidence intervals; failures are not diagnostic FN/FP""}}","{""measured_patients"": 0, ""missing_patients"": 2, ""measured_subtotal"": null, ""total"": null}"
evaluation,CT,A,primary,gpt-6-luna,,emphysema,10,"{""numerator"": 2, ""denominator"": 10, ""estimate"": 0.2, ""ci95"": [0.05668215145437519, 0.5098375284633583], ""method"": ""Wilson two-sided 95%""}","{""unscorable"": 9}",1,0,1,"{""context_contamination"": 1}",0,"{""numerator"": 0, ""denominator"": 1, ""estimate"": 0.0, ""ci95"": [0.0, 0.7934506856227626], ""method"": ""Wilson two-sided 95%""}","{""numerator"": 0, ""denominator"": 1, ""estimate"": 0.0, ""ci95"": [0.0, 0.7934506856227626], ""method"": ""Wilson two-sided 95%""}","{""numerator"": 0, ""denominator"": 0, ""estimate"": null, ""ci95"": null}","{""numerator"": 0, ""denominator"": 0, ""estimate"": null, ""ci95"": null}","{""numerator"": 0, ""denominator"": 0, ""estimate"": null, ""ci95"": null}","{""numerator"": 0, ""denominator"": 0, ""estimate"": null, ""ci95"": null}","{""numerator"": 0, ""denominator"": 0, ""estimate"": null, ""ci95"": null}","{""TP"": 0, ""FN"": 0, ""TN"": 0, ""FP"": 0}","{""sensitivity"": {""assigned_class_count"": 1, ""unscored_class_count"": 1, ""identification_bounds"": [0.0, 1.0], ""meaning"": ""Best/worst missing-outcome bounds, not confidence intervals; failures are not diagnostic FN/FP""}, ""specificity"": {""assigned_class_count"": 0, ""unscored_class_count"": 0, ""identification_bounds"": null, ""meaning"": ""Best/worst missing-outcome bounds, not confidence intervals; failures are not diagnostic FN/FP""}}","{""measured_patients"": 0, ""missing_patients"": 1, ""measured_subtotal"": null, ""total"": null}"
evaluation,CT,A,primary,gpt-6.1-sol,,pleural_effusion,10,"{""numerator"": 4, ""denominator"": 10, ""estimate"": 0.4, ""ci95"": [0.16818032970623614, 0.6873262302663417], ""method"": ""Wilson two-sided 95%""}","{""unscorable"": 4}",1,5,6,"{""context_contamination"": 4, ""completed"": 2}",2,"{""numerator"": 2, ""denominator"": 6, ""estimate"": 0.3333333333333333, ""ci95"": [0.09677141110578041, 0.700006684861608], ""method"": ""Wilson two-sided 95%""}","{""numerator"": 2, ""denominator"": 6, ""estimate"": 0.3333333333333333, ""ci95"": [0.09677141110578041, 0.700006684861608], ""method"": ""Wilson two-sided 95%""}","{""numerator"": 2, ""denominator"": 2, ""estimate"": 1.0, ""ci95"": [0.34238022750665303, 1.0], ""method"": ""Wilson two-sided 95%""}","{""numerator"": 1, ""denominator"": 1, ""estimate"": 1.0, ""ci95"": [0.20654931437723745, 1.0], ""method"": ""Wilson two-sided 95%""}","{""numerator"": 1, ""denominator"": 1, ""estimate"": 1.0, ""ci95"": [0.20654931437723745, 1.0], ""method"": ""Wilson two-sided 95%""}","{""numerator"": 0, ""denominator"": 1, ""estimate"": 0.0, ""ci95"": [0.0, 0.7934506856227626], ""method"": ""Wilson two-sided 95%""}","{""numerator"": 0, ""denominator"": 1, ""estimate"": 0.0, ""ci95"": [0.0, 0.7934506856227626], ""method"": ""Wilson two-sided 95%""}","{""TP"": 1, ""FN"": 0, ""TN"": 1, ""FP"": 0}","{""sensitivity"": {""assigned_class_count"": 1, ""unscored_class_count"": 0, ""identification_bounds"": [1.0, 1.0], ""meaning"": ""Best/worst missing-outcome bounds, not confidence intervals; failures are not diagnostic FN/FP""}, ""specificity"": {""assigned_class_count"": 5, ""unscored_class_count"": 4, ""identification_bounds"": [0.2, 1.0], ""meaning"": ""Best/worst missing-outcome bounds, not confidence intervals; failures are not diagnostic FN/FP""}}","{""measured_patients"": 0, ""missing_patients"": 6, ""measured_subtotal"": null, ""total"": null}"
evaluation,CT,A,primary,gpt-6.1-sol,,pulmonary_nodule,10,"{""numerator"": 4, ""denominator"": 10, ""estimate"": 0.4, ""ci95"": [0.16818032970623614, 0.6873262302663417], ""method"": ""Wilson two-sided 95%""}","{""ambiguous"": 1, ""unscorable"": 4}",5,0,5,"{""context_contamination"": 2, ""abstained"": 2, ""input_insufficient"": 1}",0,"{""numerator"": 0, ""denominator"": 5, ""estimate"": 0.0, ""ci95"": [0.0, 0.43448246478317476], ""method"": ""Wilson two-sided 95%""}","{""numerator"": 0, ""denominator"": 5, ""estimate"": 0.0, ""ci95"": [0.0, 0.43448246478317476], ""method"": ""Wilson two-sided 95%""}","{""numerator"": 0, ""denominator"": 0, ""estimate"": null, ""ci95"": null}","{""numerator"": 0, ""denominator"": 0, ""estimate"": null, ""ci95"": null}","{""numerator"": 0, ""denominator"": 0, ""estimate"": null, ""ci95"": null}","{""numerator"": 0, ""denominator"": 0, ""estimate"": null, ""ci95"": null}","{""numerator"": 0, ""denominator"": 0, ""estimate"": null, ""ci95"": null}","{""TP"": 0, ""FN"": 0, ""TN"": 0, ""FP"": 0}","{""sensitivity"": {""assigned_class_count"": 5, ""unscored_class_count"": 5, ""identification_bounds"": [0.0, 1.0], ""meaning"": ""Best/worst missing-outcome bounds, not confidence intervals; failures are not diagnostic FN/FP""}, ""specificity"": {""assigned_class_count"": 0, ""unscored_class_count"": 0, ""identification_bounds"": null, ""meaning"": ""Best/worst missing-outcome bounds, not confidence intervals; failures are not diagnostic FN/FP""}}","{""measured_patients"": 0, ""missing_patients"": 5, ""measured_subtotal"": null, ""total"": null}"
evaluation,CT,A,primary,gpt-6.1-sol,,consolidation,10,"{""numerator"": 4, ""denominator"": 10, ""estimate"": 0.4, ""ci95"": [0.16818032970623614, 0.6873262302663417], ""method"": ""Wilson two-sided 95%""}","{""unscorable"": 8}",0,2,2,"{""context_contamination"": 2}",0,"{""numerator"": 0, ""denominator"": 2, ""estimate"": 0.0, ""ci95"": [0.0, 0.6576197724933469], ""method"": ""Wilson two-sided 95%""}","{""numerator"": 0, ""denominator"": 2, ""estimate"": 0.0, ""ci95"": [0.0, 0.6576197724933469], ""method"": ""Wilson two-sided 95%""}","{""numerator"": 0, ""denominator"": 0, ""estimate"": null, ""ci95"": null}","{""numerator"": 0, ""denominator"": 0, ""estimate"": null, ""ci95"": null}","{""numerator"": 0, ""denominator"": 0, ""estimate"": null, ""ci95"": null}","{""numerator"": 0, ""denominator"": 0, ""estimate"": null, ""ci95"": null}","{""numerator"": 0, ""denominator"": 0, ""estimate"": null, ""ci95"": null}","{""TP"": 0, ""FN"": 0, ""TN"": 0, ""FP"": 0}","{""sensitivity"": {""assigned_class_count"": 0, ""unscored_class_count"": 0, ""identification_bounds"": null, ""meaning"": ""Best/worst missing-outcome bounds, not confidence intervals; failures are not diagnostic FN/FP""}, ""specificity"": {""assigned_class_count"": 2, ""unscored_class_count"": 2, ""identification_bounds"": [0.0, 1.0], ""meaning"": ""Best/worst missing-outcome bounds, not confidence intervals; failures are not diagnostic FN/FP""}}","{""measured_patients"": 0, ""missing_patients"": 2, ""measured_subtotal"": null, ""total"": null}"
evaluation,CT,A,primary,gpt-6.1-sol,,emphysema,10,"{""numerator"": 4, ""denominator"": 10, ""estimate"": 0.4, ""ci95"": [0.16818032970623614, 0.6873262302663417], ""method"": ""Wilson two-sided 95%""}","{""unscorable"": 9}",1,0,1,"{""context_contamination"": 1}",0,"{""numerator"": 0, ""denominator"": 1, ""estimate"": 0.0, ""ci95"": [0.0, 0.7934506856227626], ""method"": ""Wilson two-sided 95%""}","{""numerator"": 0, ""denominator"": 1, ""estimate"": 0.0, ""ci95"": [0.0, 0.7934506856227626], ""method"": ""Wilson two-sided 95%""}","{""numerator"": 0, ""denominator"": 0, ""estimate"": null, ""ci95"": null}","{""numerator"": 0, ""denominator"": 0, ""estimate"": null, ""ci95"": null}","{""numerator"": 0, ""denominator"": 0, ""estimate"": null, ""ci95"": null}","{""numerator"": 0, ""denominator"": 0, ""estimate"": null, ""ci95"": null}","{""numerator"": 0, ""denominator"": 0, ""estimate"": null, ""ci95"": null}","{""TP"": 0, ""FN"": 0, ""TN"": 0, ""FP"": 0}","{""sensitivity"": {""assigned_class_count"": 1, ""unscored_class_count"": 1, ""identification_bounds"": [0.0, 1.0], ""meaning"": ""Best/worst missing-outcome bounds, not confidence intervals; failures are not diagnostic FN/FP""}, ""specificity"": {""assigned_class_count"": 0, ""unscored_class_count"": 0, ""identification_bounds"": null, ""meaning"": ""Best/worst missing-outcome bounds, not confidence intervals; failures are not diagnostic FN/FP""}}","{""measured_patients"": 0, ""missing_patients"": 1, ""measured_subtotal"": null, ""total"": null}"
evaluation,CT,B,delegated,gpt-6-astra,,pleural_effusion,10,"{""numerator"": 10, ""denominator"": 10, ""estimate"": 1.0, ""ci95"": [0.7224672001371107, 0.9999999999999999], ""method"": ""Wilson two-sided 95%""}","{""unscorable"": 4}",1,5,6,"{""completed"": 6}",6,"{""numerator"": 6, ""denominator"": 6, ""estimate"": 1.0, ""ci95"": [0.6096657120978346, 1.0], ""method"": ""Wilson two-sided 95%""}","{""numerator"": 6, ""denominator"": 6, ""estimate"": 1.0, ""ci95"": [0.6096657120978346, 1.0], ""method"": ""Wilson two-sided 95%""}","{""numerator"": 6, ""denominator"": 6, ""estimate"": 1.0, ""ci95"": [0.6096657120978346, 1.0], ""method"": ""Wilson two-sided 95%""}","{""numerator"": 1, ""denominator"": 1, ""estimate"": 1.0, ""ci95"": [0.20654931437723745, 1.0], ""method"": ""Wilson two-sided 95%""}","{""numerator"": 5, ""denominator"": 5, ""estimate"": 1.0, ""ci95"": [0.5655175352168251, 1.0], ""method"": ""Wilson two-sided 95%""}","{""numerator"": 0, ""denominator"": 1, ""estimate"": 0.0, ""ci95"": [0.0, 0.7934506856227626], ""method"": ""Wilson two-sided 95%""}","{""numerator"": 0, ""denominator"": 5, ""estimate"": 0.0, ""ci95"": [0.0, 0.43448246478317476], ""method"": ""Wilson two-sided 95%""}","{""TP"": 1, ""FN"": 0, ""TN"": 5, ""FP"": 0}","{""sensitivity"": {""assigned_class_count"": 1, ""unscored_class_count"": 0, ""identification_bounds"": [1.0, 1.0], ""meaning"": ""Best/worst missing-outcome bounds, not confidence intervals; failures are not diagnostic FN/FP""}, ""specificity"": {""assigned_class_count"": 5, ""unscored_class_count"": 0, ""identification_bounds"": [1.0, 1.0], ""meaning"": ""Best/worst missing-outcome bounds, not confidence intervals; failures are not diagnostic FN/FP""}}","{""measured_patients"": 0, ""missing_patients"": 6, ""measured_subtotal"": null, ""total"": null}"
evaluation,CT,B,delegated,gpt-6-astra,,pulmonary_nodule,10,"{""numerator"": 10, ""denominator"": 10, ""estimate"": 1.0, ""ci95"": [0.7224672001371107, 0.9999999999999999], ""method"": ""Wilson two-sided 95%""}","{""ambiguous"": 1, ""unscorable"": 4}",5,0,5,"{""input_insufficient"": 3, ""abstained"": 1, ""completed"": 1}",1,"{""numerator"": 1, ""denominator"": 5, ""estimate"": 0.2, ""ci95"": [0.03622410863243014, 0.6244653702374747], ""method"": ""Wilson two-sided 95%""}","{""numerator"": 0, ""denominator"": 5, ""estimate"": 0.0, ""ci95"": [0.0, 0.43448246478317476], ""method"": ""Wilson two-sided 95%""}","{""numerator"": 0, ""denominator"": 1, ""estimate"": 0.0, ""ci95"": [0.0, 0.7934506856227626], ""method"": ""Wilson two-sided 95%""}","{""numerator"": 0, ""denominator"": 1, ""estimate"": 0.0, ""ci95"": [0.0, 0.7934506856227626], ""method"": ""Wilson two-sided 95%""}","{""numerator"": 0, ""denominator"": 0, ""estimate"": null, ""ci95"": null}","{""numerator"": 1, ""denominator"": 1, ""estimate"": 1.0, ""ci95"": [0.20654931437723745, 1.0], ""method"": ""Wilson two-sided 95%""}","{""numerator"": 0, ""denominator"": 0, ""estimate"": null, ""ci95"": null}","{""TP"": 0, ""FN"": 1, ""TN"": 0, ""FP"": 0}","{""sensitivity"": {""assigned_class_count"": 5, ""unscored_class_count"": 4, ""identification_bounds"": [0.0, 0.8], ""meaning"": ""Best/worst missing-outcome bounds, not confidence intervals; failures are not diagnostic FN/FP""}, ""specificity"": {""assigned_class_count"": 0, ""unscored_class_count"": 0, ""identification_bounds"": null, ""meaning"": ""Best/worst missing-outcome bounds, not confidence intervals; failures are not diagnostic FN/FP""}}","{""measured_patients"": 0, ""missing_patients"": 5, ""measured_subtotal"": null, ""total"": null}"
evaluation,CT,B,delegated,gpt-6-astra,,consolidation,10,"{""numerator"": 10, ""denominator"": 10, ""estimate"": 1.0, ""ci95"": [0.7224672001371107, 0.9999999999999999], ""method"": ""Wilson two-sided 95%""}","{""unscorable"": 8}",0,2,2,"{""completed"": 2}",2,"{""numerator"": 2, ""denominator"": 2, ""estimate"": 1.0, ""ci95"": [0.34238022750665303, 1.0], ""method"": ""Wilson two-sided 95%""}","{""numerator"": 2, ""denominator"": 2, ""estimate"": 1.0, ""ci95"": [0.34238022750665303, 1.0], ""method"": ""Wilson two-sided 95%""}","{""numerator"": 2, ""denominator"": 2, ""estimate"": 1.0, ""ci95"": [0.34238022750665303, 1.0], ""method"": ""Wilson two-sided 95%""}","{""numerator"": 0, ""denominator"": 0, ""estimate"": null, ""ci95"": null}","{""numerator"": 2, ""denominator"": 2, ""estimate"": 1.0, ""ci95"": [0.34238022750665303, 1.0], ""method"": ""Wilson two-sided 95%""}","{""numerator"": 0, ""denominator"": 0, ""estimate"": null, ""ci95"": null}","{""numerator"": 0, ""denominator"": 2, ""estimate"": 0.0, ""ci95"": [0.0, 0.6576197724933469], ""method"": ""Wilson two-sided 95%""}","{""TP"": 0, ""FN"": 0, ""TN"": 2, ""FP"": 0}","{""sensitivity"": {""assigned_class_count"": 0, ""unscored_class_count"": 0, ""identification_bounds"": null, ""meaning"": ""Best/worst missing-outcome bounds, not confidence intervals; failures are not diagnostic FN/FP""}, ""specificity"": {""assigned_class_count"": 2, ""unscored_class_count"": 0, ""identification_bounds"": [1.0, 1.0], ""meaning"": ""Best/worst missing-outcome bounds, not confidence intervals; failures are not diagnostic FN/FP""}}","{""measured_patients"": 0, ""missing_patients"": 2, ""measured_subtotal"": null, ""total"": null}"
evaluation,CT,B,delegated,gpt-6-astra,,emphysema,10,"{""numerator"": 10, ""denominator"": 10, ""estimate"": 1.0, ""ci95"": [0.7224672001371107, 0.9999999999999999], ""method"": ""Wilson two-sided 95%""}","{""unscorable"": 9}",1,0,1,"{""completed"": 1}",1,"{""numerator"": 1, ""denominator"": 1, ""estimate"": 1.0, ""ci95"": [0.20654931437723745, 1.0], ""method"": ""Wilson two-sided 95%""}","{""numerator"": 1, ""denominator"": 1, ""estimate"": 1.0, ""ci95"": [0.20654931437723745, 1.0], ""method"": ""Wilson two-sided 95%""}","{""numerator"": 1, ""denominator"": 1, ""estimate"": 1.0, ""ci95"": [0.20654931437723745, 1.0], ""method"": ""Wilson two-sided 95%""}","{""numerator"": 1, ""denominator"": 1, ""estimate"": 1.0, ""ci95"": [0.20654931437723745, 1.0], ""method"": ""Wilson two-sided 95%""}","{""numerator"": 0, ""denominator"": 0, ""estimate"": null, ""ci95"": null}","{""numerator"": 0, ""denominator"": 1, ""estimate"": 0.0, ""ci95"": [0.0, 0.7934506856227626], ""method"": ""Wilson two-sided 95%""}","{""numerator"": 0, ""denominator"": 0, ""estimate"": null, ""ci95"": null}","{""TP"": 1, ""FN"": 0, ""TN"": 0, ""FP"": 0}","{""sensitivity"": {""assigned_class_count"": 1, ""unscored_class_count"": 0, ""identification_bounds"": [1.0, 1.0], ""meaning"": ""Best/worst missing-outcome bounds, not confidence intervals; failures are not diagnostic FN/FP""}, ""specificity"": {""assigned_class_count"": 0, ""unscored_class_count"": 0, ""identification_bounds"": null, ""meaning"": ""Best/worst missing-outcome bounds, not confidence intervals; failures are not diagnostic FN/FP""}}","{""measured_patients"": 0, ""missing_patients"": 1, ""measured_subtotal"": null, ""total"": null}"
evaluation,CT,B,delegated,gpt-6-luna,,pleural_effusion,10,"{""numerator"": 10, ""denominator"": 10, ""estimate"": 1.0, ""ci95"": [0.7224672001371107, 0.9999999999999999], ""method"": ""Wilson two-sided 95%""}","{""unscorable"": 4}",1,5,6,"{""completed"": 6}",6,"{""numerator"": 6, ""denominator"": 6, ""estimate"": 1.0, ""ci95"": [0.6096657120978346, 1.0], ""method"": ""Wilson two-sided 95%""}","{""numerator"": 6, ""denominator"": 6, ""estimate"": 1.0, ""ci95"": [0.6096657120978346, 1.0], ""method"": ""Wilson two-sided 95%""}","{""numerator"": 6, ""denominator"": 6, ""estimate"": 1.0, ""ci95"": [0.6096657120978346, 1.0], ""method"": ""Wilson two-sided 95%""}","{""numerator"": 1, ""denominator"": 1, ""estimate"": 1.0, ""ci95"": [0.20654931437723745, 1.0], ""method"": ""Wilson two-sided 95%""}","{""numerator"": 5, ""denominator"": 5, ""estimate"": 1.0, ""ci95"": [0.5655175352168251, 1.0], ""method"": ""Wilson two-sided 95%""}","{""numerator"": 0, ""denominator"": 1, ""estimate"": 0.0, ""ci95"": [0.0, 0.7934506856227626], ""method"": ""Wilson two-sided 95%""}","{""numerator"": 0, ""denominator"": 5, ""estimate"": 0.0, ""ci95"": [0.0, 0.43448246478317476], ""method"": ""Wilson two-sided 95%""}","{""TP"": 1, ""FN"": 0, ""TN"": 5, ""FP"": 0}","{""sensitivity"": {""assigned_class_count"": 1, ""unscored_class_count"": 0, ""identification_bounds"": [1.0, 1.0], ""meaning"": ""Best/worst missing-outcome bounds, not confidence intervals; failures are not diagnostic FN/FP""}, ""specificity"": {""assigned_class_count"": 5, ""unscored_class_count"": 0, ""identification_bounds"": [1.0, 1.0], ""meaning"": ""Best/worst missing-outcome bounds, not confidence intervals; failures are not diagnostic FN/FP""}}","{""measured_patients"": 0, ""missing_patients"": 6, ""measured_subtotal"": null, ""total"": null}"
evaluation,CT,B,delegated,gpt-6-luna,,pulmonary_nodule,10,"{""numerator"": 10, ""denominator"": 10, ""estimate"": 1.0, ""ci95"": [0.7224672001371107, 0.9999999999999999], ""method"": ""Wilson two-sided 95%""}","{""ambiguous"": 1, ""unscorable"": 4}",5,0,5,"{""input_insufficient"": 2, ""completed"": 3}",3,"{""numerator"": 3, ""denominator"": 5, ""estimate"": 0.6, ""ci95"": [0.2307242812760128, 0.882379225767352], ""method"": ""Wilson two-sided 95%""}","{""numerator"": 0, ""denominator"": 5, ""estimate"": 0.0, ""ci95"": [0.0, 0.43448246478317476], ""method"": ""Wilson two-sided 95%""}","{""numerator"": 0, ""denominator"": 3, ""estimate"": 0.0, ""ci95"": [5.551115123125783e-17, 0.5614970317550454], ""method"": ""Wilson two-sided 95%""}","{""numerator"": 0, ""denominator"": 3, ""estimate"": 0.0, ""ci95"": [5.551115123125783e-17, 0.5614970317550454], ""method"": ""Wilson two-sided 95%""}","{""numerator"": 0, ""denominator"": 0, ""estimate"": null, ""ci95"": null}","{""numerator"": 3, ""denominator"": 3, ""estimate"": 1.0, ""ci95"": [0.4385029682449546, 1.0], ""method"": ""Wilson two-sided 95%""}","{""numerator"": 0, ""denominator"": 0, ""estimate"": null, ""ci95"": null}","{""TP"": 0, ""FN"": 3, ""TN"": 0, ""FP"": 0}","{""sensitivity"": {""assigned_class_count"": 5, ""unscored_class_count"": 2, ""identification_bounds"": [0.0, 0.4], ""meaning"": ""Best/worst missing-outcome bounds, not confidence intervals; failures are not diagnostic FN/FP""}, ""specificity"": {""assigned_class_count"": 0, ""unscored_class_count"": 0, ""identification_bounds"": null, ""meaning"": ""Best/worst missing-outcome bounds, not confidence intervals; failures are not diagnostic FN/FP""}}","{""measured_patients"": 0, ""missing_patients"": 5, ""measured_subtotal"": null, ""total"": null}"
evaluation,CT,B,delegated,gpt-6-luna,,consolidation,10,"{""numerator"": 10, ""denominator"": 10, ""estimate"": 1.0, ""ci95"": [0.7224672001371107, 0.9999999999999999], ""method"": ""Wilson two-sided 95%""}","{""unscorable"": 8}",0,2,2,"{""completed"": 2}",2,"{""numerator"": 2, ""denominator"": 2, ""estimate"": 1.0, ""ci95"": [0.34238022750665303, 1.0], ""method"": ""Wilson two-sided 95%""}","{""numerator"": 2, ""denominator"": 2, ""estimate"": 1.0, ""ci95"": [0.34238022750665303, 1.0], ""method"": ""Wilson two-sided 95%""}","{""numerator"": 2, ""denominator"": 2, ""estimate"": 1.0, ""ci95"": [0.34238022750665303, 1.0], ""method"": ""Wilson two-sided 95%""}","{""numerator"": 0, ""denominator"": 0, ""estimate"": null, ""ci95"": null}","{""numerator"": 2, ""denominator"": 2, ""estimate"": 1.0, ""ci95"": [0.34238022750665303, 1.0], ""method"": ""Wilson two-sided 95%""}","{""numerator"": 0, ""denominator"": 0, ""estimate"": null, ""ci95"": null}","{""numerator"": 0, ""denominator"": 2, ""estimate"": 0.0, ""ci95"": [0.0, 0.6576197724933469], ""method"": ""Wilson two-sided 95%""}","{""TP"": 0, ""FN"": 0, ""TN"": 2, ""FP"": 0}","{""sensitivity"": {""assigned_class_count"": 0, ""unscored_class_count"": 0, ""identification_bounds"": null, ""meaning"": ""Best/worst missing-outcome bounds, not confidence intervals; failures are not diagnostic FN/FP""}, ""specificity"": {""assigned_class_count"": 2, ""unscored_class_count"": 0, ""identification_bounds"": [1.0, 1.0], ""meaning"": ""Best/worst missing-outcome bounds, not confidence intervals; failures are not diagnostic FN/FP""}}","{""measured_patients"": 0, ""missing_patients"": 2, ""measured_subtotal"": null, ""total"": null}"
evaluation,CT,B,delegated,gpt-6-luna,,emphysema,10,"{""numerator"": 10, ""denominator"": 10, ""estimate"": 1.0, ""ci95"": [0.7224672001371107, 0.9999999999999999], ""method"": ""Wilson two-sided 95%""}","{""unscorable"": 9}",1,0,1,"{""completed"": 1}",1,"{""numerator"": 1, ""denominator"": 1, ""estimate"": 1.0, ""ci95"": [0.20654931437723745, 1.0], ""method"": ""Wilson two-sided 95%""}","{""numerator"": 0, ""denominator"": 1, ""estimate"": 0.0, ""ci95"": [0.0, 0.7934506856227626], ""method"": ""Wilson two-sided 95%""}","{""numerator"": 0, ""denominator"": 1, ""estimate"": 0.0, ""ci95"": [0.0, 0.7934506856227626], ""method"": ""Wilson two-sided 95%""}","{""numerator"": 0, ""denominator"": 1, ""estimate"": 0.0, ""ci95"": [0.0, 0.7934506856227626], ""method"": ""Wilson two-sided 95%""}","{""numerator"": 0, ""denominator"": 0, ""estimate"": null, ""ci95"": null}","{""numerator"": 1, ""denominator"": 1, ""estimate"": 1.0, ""ci95"": [0.20654931437723745, 1.0], ""method"": ""Wilson two-sided 95%""}","{""numerator"": 0, ""denominator"": 0, ""estimate"": null, ""ci95"": null}","{""TP"": 0, ""FN"": 1, ""TN"": 0, ""FP"": 0}","{""sensitivity"": {""assigned_class_count"": 1, ""unscored_class_count"": 0, ""identification_bounds"": [0.0, 0.0], ""meaning"": ""Best/worst missing-outcome bounds, not confidence intervals; failures are not diagnostic FN/FP""}, ""specificity"": {""assigned_class_count"": 0, ""unscored_class_count"": 0, ""identification_bounds"": null, ""meaning"": ""Best/worst missing-outcome bounds, not confidence intervals; failures are not diagnostic FN/FP""}}","{""measured_patients"": 0, ""missing_patients"": 1, ""measured_subtotal"": null, ""total"": null}"
evaluation,CT,B,delegated,gpt-6.1-sol,,pleural_effusion,10,"{""numerator"": 10, ""denominator"": 10, ""estimate"": 1.0, ""ci95"": [0.7224672001371107, 0.9999999999999999], ""method"": ""Wilson two-sided 95%""}","{""unscorable"": 4}",1,5,6,"{""completed"": 6}",6,"{""numerator"": 6, ""denominator"": 6, ""estimate"": 1.0, ""ci95"": [0.6096657120978346, 1.0], ""method"": ""Wilson two-sided 95%""}","{""numerator"": 6, ""denominator"": 6, ""estimate"": 1.0, ""ci95"": [0.6096657120978346, 1.0], ""method"": ""Wilson two-sided 95%""}","{""numerator"": 6, ""denominator"": 6, ""estimate"": 1.0, ""ci95"": [0.6096657120978346, 1.0], ""method"": ""Wilson two-sided 95%""}","{""numerator"": 1, ""denominator"": 1, ""estimate"": 1.0, ""ci95"": [0.20654931437723745, 1.0], ""method"": ""Wilson two-sided 95%""}","{""numerator"": 5, ""denominator"": 5, ""estimate"": 1.0, ""ci95"": [0.5655175352168251, 1.0], ""method"": ""Wilson two-sided 95%""}","{""numerator"": 0, ""denominator"": 1, ""estimate"": 0.0, ""ci95"": [0.0, 0.7934506856227626], ""method"": ""Wilson two-sided 95%""}","{""numerator"": 0, ""denominator"": 5, ""estimate"": 0.0, ""ci95"": [0.0, 0.43448246478317476], ""method"": ""Wilson two-sided 95%""}","{""TP"": 1, ""FN"": 0, ""TN"": 5, ""FP"": 0}","{""sensitivity"": {""assigned_class_count"": 1, ""unscored_class_count"": 0, ""identification_bounds"": [1.0, 1.0], ""meaning"": ""Best/worst missing-outcome bounds, not confidence intervals; failures are not diagnostic FN/FP""}, ""specificity"": {""assigned_class_count"": 5, ""unscored_class_count"": 0, ""identification_bounds"": [1.0, 1.0], ""meaning"": ""Best/worst missing-outcome bounds, not confidence intervals; failures are not diagnostic FN/FP""}}","{""measured_patients"": 0, ""missing_patients"": 6, ""measured_subtotal"": null, ""total"": null}"
evaluation,CT,B,delegated,gpt-6.1-sol,,pulmonary_nodule,10,"{""numerator"": 10, ""denominator"": 10, ""estimate"": 1.0, ""ci95"": [0.7224672001371107, 0.9999999999999999], ""method"": ""Wilson two-sided 95%""}","{""ambiguous"": 1, ""unscorable"": 4}",5,0,5,"{""input_insufficient"": 3, ""completed"": 2}",2,"{""numerator"": 2, ""denominator"": 5, ""estimate"": 0.4, ""ci95"": [0.11762077423264783, 0.769275718723987], ""method"": ""Wilson two-sided 95%""}","{""numerator"": 1, ""denominator"": 5, ""estimate"": 0.2, ""ci95"": [0.03622410863243014, 0.6244653702374747], ""method"": ""Wilson two-sided 95%""}","{""numerator"": 1, ""denominator"": 2, ""estimate"": 0.5, ""ci95"": [0.09453120573423074, 0.9054687942657693], ""method"": ""Wilson two-sided 95%""}","{""numerator"": 1, ""denominator"": 2, ""estimate"": 0.5, ""ci95"": [0.09453120573423074, 0.9054687942657693], ""method"": ""Wilson two-sided 95%""}","{""numerator"": 0, ""denominator"": 0, ""estimate"": null, ""ci95"": null}","{""numerator"": 1, ""denominator"": 2, ""estimate"": 0.5, ""ci95"": [0.09453120573423074, 0.9054687942657693], ""method"": ""Wilson two-sided 95%""}","{""numerator"": 0, ""denominator"": 0, ""estimate"": null, ""ci95"": null}","{""TP"": 1, ""FN"": 1, ""TN"": 0, ""FP"": 0}","{""sensitivity"": {""assigned_class_count"": 5, ""unscored_class_count"": 3, ""identification_bounds"": [0.2, 0.8], ""meaning"": ""Best/worst missing-outcome bounds, not confidence intervals; failures are not diagnostic FN/FP""}, ""specificity"": {""assigned_class_count"": 0, ""unscored_class_count"": 0, ""identification_bounds"": null, ""meaning"": ""Best/worst missing-outcome bounds, not confidence intervals; failures are not diagnostic FN/FP""}}","{""measured_patients"": 0, ""missing_patients"": 5, ""measured_subtotal"": null, ""total"": null}"
evaluation,CT,B,delegated,gpt-6.1-sol,,consolidation,10,"{""numerator"": 10, ""denominator"": 10, ""estimate"": 1.0, ""ci95"": [0.7224672001371107, 0.9999999999999999], ""method"": ""Wilson two-sided 95%""}","{""unscorable"": 8}",0,2,2,"{""completed"": 2}",2,"{""numerator"": 2, ""denominator"": 2, ""estimate"": 1.0, ""ci95"": [0.34238022750665303, 1.0], ""method"": ""Wilson two-sided 95%""}","{""numerator"": 2, ""denominator"": 2, ""estimate"": 1.0, ""ci95"": [0.34238022750665303, 1.0], ""method"": ""Wilson two-sided 95%""}","{""numerator"": 2, ""denominator"": 2, ""estimate"": 1.0, ""ci95"": [0.34238022750665303, 1.0], ""method"": ""Wilson two-sided 95%""}","{""numerator"": 0, ""denominator"": 0, ""estimate"": null, ""ci95"": null}","{""numerator"": 2, ""denominator"": 2, ""estimate"": 1.0, ""ci95"": [0.34238022750665303, 1.0], ""method"": ""Wilson two-sided 95%""}","{""numerator"": 0, ""denominator"": 0, ""estimate"": null, ""ci95"": null}","{""numerator"": 0, ""denominator"": 2, ""estimate"": 0.0, ""ci95"": [0.0, 0.6576197724933469], ""method"": ""Wilson two-sided 95%""}","{""TP"": 0, ""FN"": 0, ""TN"": 2, ""FP"": 0}","{""sensitivity"": {""assigned_class_count"": 0, ""unscored_class_count"": 0, ""identification_bounds"": null, ""meaning"": ""Best/worst missing-outcome bounds, not confidence intervals; failures are not diagnostic FN/FP""}, ""specificity"": {""assigned_class_count"": 2, ""unscored_class_count"": 0, ""identification_bounds"": [1.0, 1.0], ""meaning"": ""Best/worst missing-outcome bounds, not confidence intervals; failures are not diagnostic FN/FP""}}","{""measured_patients"": 0, ""missing_patients"": 2, ""measured_subtotal"": null, ""total"": null}"
evaluation,CT,B,delegated,gpt-6.1-sol,,emphysema,10,"{""numerator"": 10, ""denominator"": 10, ""estimate"": 1.0, ""ci95"": [0.7224672001371107, 0.9999999999999999], ""method"": ""Wilson two-sided 95%""}","{""unscorable"": 9}",1,0,1,"{""completed"": 1}",1,"{""numerator"": 1, ""denominator"": 1, ""estimate"": 1.0, ""ci95"": [0.20654931437723745, 1.0], ""method"": ""Wilson two-sided 95%""}","{""numerator"": 1, ""denominator"": 1, ""estimate"": 1.0, ""ci95"": [0.20654931437723745, 1.0], ""method"": ""Wilson two-sided 95%""}","{""numerator"": 1, ""denominator"": 1, ""estimate"": 1.0, ""ci95"": [0.20654931437723745, 1.0], ""method"": ""Wilson two-sided 95%""}","{""numerator"": 1, ""denominator"": 1, ""estimate"": 1.0, ""ci95"": [0.20654931437723745, 1.0], ""method"": ""Wilson two-sided 95%""}","{""numerator"": 0, ""denominator"": 0, ""estimate"": null, ""ci95"": null}","{""numerator"": 0, ""denominator"": 1, ""estimate"": 0.0, ""ci95"": [0.0, 0.7934506856227626], ""method"": ""Wilson two-sided 95%""}","{""numerator"": 0, ""denominator"": 0, ""estimate"": null, ""ci95"": null}","{""TP"": 1, ""FN"": 0, ""TN"": 0, ""FP"": 0}","{""sensitivity"": {""assigned_class_count"": 1, ""unscored_class_count"": 0, ""identification_bounds"": [1.0, 1.0], ""meaning"": ""Best/worst missing-outcome bounds, not confidence intervals; failures are not diagnostic FN/FP""}, ""specificity"": {""assigned_class_count"": 0, ""unscored_class_count"": 0, ""identification_bounds"": null, ""meaning"": ""Best/worst missing-outcome bounds, not confidence intervals; failures are not diagnostic FN/FP""}}","{""measured_patients"": 0, ""missing_patients"": 1, ""measured_subtotal"": null, ""total"": null}"
evaluation,CT,B,primary,google/medgemma-1.5-4b-it,,pleural_effusion,40,"{""numerator"": 32, ""denominator"": 40, ""estimate"": 0.8, ""ci95"": [0.652426936536005, 0.895000102745623], ""method"": ""Wilson two-sided 95%""}","{""unscorable"": 13, ""ambiguous"": 3}",3,21,24,"{""completed"": 20, ""invalid_output"": 3, ""input_insufficient"": 1}",20,"{""numerator"": 20, ""denominator"": 24, ""estimate"": 0.8333333333333334, ""ci95"": [0.6414692935030095, 0.9332132367136705], ""method"": ""Wilson two-sided 95%""}","{""numerator"": 17, ""denominator"": 24, ""estimate"": 0.7083333333333334, ""ci95"": [0.5083230633550337, 0.8508535180303913], ""method"": ""Wilson two-sided 95%""}","{""numerator"": 17, ""denominator"": 20, ""estimate"": 0.85, ""ci95"": [0.6395811352592431, 0.9476312541037835], ""method"": ""Wilson two-sided 95%""}","{""numerator"": 0, ""denominator"": 3, ""estimate"": 0.0, ""ci95"": [5.551115123125783e-17, 0.5614970317550454], ""method"": ""Wilson two-sided 95%""}","{""numerator"": 17, ""denominator"": 17, ""estimate"": 1.0, ""ci95"": [0.8156818649911483, 1.0], ""method"": ""Wilson two-sided 95%""}","{""numerator"": 3, ""denominator"": 3, ""estimate"": 1.0, ""ci95"": [0.4385029682449546, 1.0], ""method"": ""Wilson two-sided 95%""}","{""numerator"": 0, ""denominator"": 17, ""estimate"": 0.0, ""ci95"": [0.0, 0.1843181350088518], ""method"": ""Wilson two-sided 95%""}","{""TP"": 0, ""FN"": 3, ""TN"": 17, ""FP"": 0}","{""sensitivity"": {""assigned_class_count"": 3, ""unscored_class_count"": 0, ""identification_bounds"": [0.0, 0.0], ""meaning"": ""Best/worst missing-outcome bounds, not confidence intervals; failures are not diagnostic FN/FP""}, ""specificity"": {""assigned_class_count"": 21, ""unscored_class_count"": 4, ""identification_bounds"": [0.8095238095238095, 1.0], ""meaning"": ""Best/worst missing-outcome bounds, not confidence intervals; failures are not diagnostic FN/FP""}}","{""measured_patients"": 0, ""missing_patients"": 24, ""measured_subtotal"": null, ""total"": null}"
evaluation,CT,B,primary,google/medgemma-1.5-4b-it,,pulmonary_nodule,40,"{""numerator"": 32, ""denominator"": 40, ""estimate"": 0.8, ""ci95"": [0.652426936536005, 0.895000102745623], ""method"": ""Wilson two-sided 95%""}","{""ambiguous"": 4, ""unscorable"": 17}",19,0,19,"{""invalid_output"": 2, ""completed"": 10, ""input_insufficient"": 6, ""abstained"": 1}",10,"{""numerator"": 10, ""denominator"": 19, ""estimate"": 0.5263157894736842, ""ci95"": [0.3170780924511316, 0.7267019483882042], ""method"": ""Wilson two-sided 95%""}","{""numerator"": 1, ""denominator"": 19, ""estimate"": 0.05263157894736842, ""ci95"": [0.009351994062300362, 0.24638731166898786], ""method"": ""Wilson two-sided 95%""}","{""numerator"": 1, ""denominator"": 10, ""estimate"": 0.1, ""ci95"": [0.017876213095072896, 0.4041500267952385], ""method"": ""Wilson two-sided 95%""}","{""numerator"": 1, ""denominator"": 10, ""estimate"": 0.1, ""ci95"": [0.017876213095072896, 0.4041500267952385], ""method"": ""Wilson two-sided 95%""}","{""numerator"": 0, ""denominator"": 0, ""estimate"": null, ""ci95"": null}","{""numerator"": 9, ""denominator"": 10, ""estimate"": 0.9, ""ci95"": [0.5958499732047615, 0.9821237869049271], ""method"": ""Wilson two-sided 95%""}","{""numerator"": 0, ""denominator"": 0, ""estimate"": null, ""ci95"": null}","{""TP"": 1, ""FN"": 9, ""TN"": 0, ""FP"": 0}","{""sensitivity"": {""assigned_class_count"": 19, ""unscored_class_count"": 9, ""identification_bounds"": [0.05263157894736842, 0.5263157894736842], ""meaning"": ""Best/worst missing-outcome bounds, not confidence intervals; failures are not diagnostic FN/FP""}, ""specificity"": {""assigned_class_count"": 0, ""unscored_class_count"": 0, ""identification_bounds"": null, ""meaning"": ""Best/worst missing-outcome bounds, not confidence intervals; failures are not diagnostic FN/FP""}}","{""measured_patients"": 0, ""missing_patients"": 19, ""measured_subtotal"": null, ""total"": null}"
evaluation,CT,B,primary,google/medgemma-1.5-4b-it,,consolidation,40,"{""numerator"": 32, ""denominator"": 40, ""estimate"": 0.8, ""ci95"": [0.652426936536005, 0.895000102745623], ""method"": ""Wilson two-sided 95%""}","{""unscorable"": 32}",5,3,8,"{""invalid_output"": 2, ""completed"": 4, ""input_insufficient"": 2}",4,"{""numerator"": 4, ""denominator"": 8, ""estimate"": 0.5, ""ci95"": [0.21521606221387757, 0.7847839377861224], ""method"": ""Wilson two-sided 95%""}","{""numerator"": 3, ""denominator"": 8, ""estimate"": 0.375, ""ci95"": [0.13684428582359742, 0.6942576053973727], ""method"": ""Wilson two-sided 95%""}","{""numerator"": 3, ""denominator"": 4, ""estimate"": 0.75, ""ci95"": [0.30064184258240184, 0.9544127391902995], ""method"": ""Wilson two-sided 95%""}","{""numerator"": 1, ""denominator"": 2, ""estimate"": 0.5, ""ci95"": [0.09453120573423074, 0.9054687942657693], ""method"": ""Wilson two-sided 95%""}","{""numerator"": 2, ""denominator"": 2, ""estimate"": 1.0, ""ci95"": [0.34238022750665303, 1.0], ""method"": ""Wilson two-sided 95%""}","{""numerator"": 1, ""denominator"": 2, ""estimate"": 0.5, ""ci95"": [0.09453120573423074, 0.9054687942657693], ""method"": ""Wilson two-sided 95%""}","{""numerator"": 0, ""denominator"": 2, ""estimate"": 0.0, ""ci95"": [0.0, 0.6576197724933469], ""method"": ""Wilson two-sided 95%""}","{""TP"": 1, ""FN"": 1, ""TN"": 2, ""FP"": 0}","{""sensitivity"": {""assigned_class_count"": 5, ""unscored_class_count"": 3, ""identification_bounds"": [0.2, 0.8], ""meaning"": ""Best/worst missing-outcome bounds, not confidence intervals; failures are not diagnostic FN/FP""}, ""specificity"": {""assigned_class_count"": 3, ""unscored_class_count"": 1, ""identification_bounds"": [0.6666666666666666, 1.0], ""meaning"": ""Best/worst missing-outcome bounds, not confidence intervals; failures are not diagnostic FN/FP""}}","{""measured_patients"": 0, ""missing_patients"": 8, ""measured_subtotal"": null, ""total"": null}"
evaluation,CT,B,primary,google/medgemma-1.5-4b-it,,emphysema,40,"{""numerator"": 32, ""denominator"": 40, ""estimate"": 0.8, ""ci95"": [0.652426936536005, 0.895000102745623], ""method"": ""Wilson two-sided 95%""}","{""unscorable"": 28}",12,0,12,"{""completed"": 6, ""input_insufficient"": 4, ""invalid_output"": 2}",6,"{""numerator"": 6, ""denominator"": 12, ""estimate"": 0.5, ""ci95"": [0.2537815976337061, 0.7462184023662939], ""method"": ""Wilson two-sided 95%""}","{""numerator"": 0, ""denominator"": 12, ""estimate"": 0.0, ""ci95"": [2.7755575615628914e-17, 0.24249400665524085], ""method"": ""Wilson two-sided 95%""}","{""numerator"": 0, ""denominator"": 6, ""estimate"": 0.0, ""ci95"": [2.7755575615628914e-17, 0.3903342879021653], ""method"": ""Wilson two-sided 95%""}","{""numerator"": 0, ""denominator"": 6, ""estimate"": 0.0, ""ci95"": [2.7755575615628914e-17, 0.3903342879021653], ""method"": ""Wilson two-sided 95%""}","{""numerator"": 0, ""denominator"": 0, ""estimate"": null, ""ci95"": null}","{""numerator"": 6, ""denominator"": 6, ""estimate"": 1.0, ""ci95"": [0.6096657120978346, 1.0], ""method"": ""Wilson two-sided 95%""}","{""numerator"": 0, ""denominator"": 0, ""estimate"": null, ""ci95"": null}","{""TP"": 0, ""FN"": 6, ""TN"": 0, ""FP"": 0}","{""sensitivity"": {""assigned_class_count"": 12, ""unscored_class_count"": 6, ""identification_bounds"": [0.0, 0.5], ""meaning"": ""Best/worst missing-outcome bounds, not confidence intervals; failures are not diagnostic FN/FP""}, ""specificity"": {""assigned_class_count"": 0, ""unscored_class_count"": 0, ""identification_bounds"": null, ""meaning"": ""Best/worst missing-outcome bounds, not confidence intervals; failures are not diagnostic FN/FP""}}","{""measured_patients"": 0, ""missing_patients"": 12, ""measured_subtotal"": null, ""total"": null}"
evaluation,CT,B,primary,google/medgemma-1.5-4b-it,repeat1,pleural_effusion,3,"{""numerator"": 2, ""denominator"": 3, ""estimate"": 0.6666666666666666, ""ci95"": [0.2076596008020477, 0.9385080552796037], ""method"": ""Wilson two-sided 95%""}","{""unscorable"": 1}",0,2,2,"{""completed"": 1, ""invalid_output"": 1}",1,"{""numerator"": 1, ""denominator"": 2, ""estimate"": 0.5, ""ci95"": [0.09453120573423074, 0.9054687942657693], ""method"": ""Wilson two-sided 95%""}","{""numerator"": 1, ""denominator"": 2, ""estimate"": 0.5, ""ci95"": [0.09453120573423074, 0.9054687942657693], ""method"": ""Wilson two-sided 95%""}","{""numerator"": 1, ""denominator"": 1, ""estimate"": 1.0, ""ci95"": [0.20654931437723745, 1.0], ""method"": ""Wilson two-sided 95%""}","{""numerator"": 0, ""denominator"": 0, ""estimate"": null, ""ci95"": null}","{""numerator"": 1, ""denominator"": 1, ""estimate"": 1.0, ""ci95"": [0.20654931437723745, 1.0], ""method"": ""Wilson two-sided 95%""}","{""numerator"": 0, ""denominator"": 0, ""estimate"": null, ""ci95"": null}","{""numerator"": 0, ""denominator"": 1, ""estimate"": 0.0, ""ci95"": [0.0, 0.7934506856227626], ""method"": ""Wilson two-sided 95%""}","{""TP"": 0, ""FN"": 0, ""TN"": 1, ""FP"": 0}","{""sensitivity"": {""assigned_class_count"": 0, ""unscored_class_count"": 0, ""identification_bounds"": null, ""meaning"": ""Best/worst missing-outcome bounds, not confidence intervals; failures are not diagnostic FN/FP""}, ""specificity"": {""assigned_class_count"": 2, ""unscored_class_count"": 1, ""identification_bounds"": [0.5, 1.0], ""meaning"": ""Best/worst missing-outcome bounds, not confidence intervals; failures are not diagnostic FN/FP""}}","{""measured_patients"": 0, ""missing_patients"": 2, ""measured_subtotal"": null, ""total"": null}"
evaluation,CT,B,primary,google/medgemma-1.5-4b-it,repeat1,pulmonary_nodule,3,"{""numerator"": 2, ""denominator"": 3, ""estimate"": 0.6666666666666666, ""ci95"": [0.2076596008020477, 0.9385080552796037], ""method"": ""Wilson two-sided 95%""}","{""ambiguous"": 1, ""unscorable"": 1}",1,0,1,"{""invalid_output"": 1}",0,"{""numerator"": 0, ""denominator"": 1, ""estimate"": 0.0, ""ci95"": [0.0, 0.7934506856227626], ""method"": ""Wilson two-sided 95%""}","{""numerator"": 0, ""denominator"": 1, ""estimate"": 0.0, ""ci95"": [0.0, 0.7934506856227626], ""method"": ""Wilson two-sided 95%""}","{""numerator"": 0, ""denominator"": 0, ""estimate"": null, ""ci95"": null}","{""numerator"": 0, ""denominator"": 0, ""estimate"": null, ""ci95"": null}","{""numerator"": 0, ""denominator"": 0, ""estimate"": null, ""ci95"": null}","{""numerator"": 0, ""denominator"": 0, ""estimate"": null, ""ci95"": null}","{""numerator"": 0, ""denominator"": 0, ""estimate"": null, ""ci95"": null}","{""TP"": 0, ""FN"": 0, ""TN"": 0, ""FP"": 0}","{""sensitivity"": {""assigned_class_count"": 1, ""unscored_class_count"": 1, ""identification_bounds"": [0.0, 1.0], ""meaning"": ""Best/worst missing-outcome bounds, not confidence intervals; failures are not diagnostic FN/FP""}, ""specificity"": {""assigned_class_count"": 0, ""unscored_class_count"": 0, ""identification_bounds"": null, ""meaning"": ""Best/worst missing-outcome bounds, not confidence intervals; failures are not diagnostic FN/FP""}}","{""measured_patients"": 0, ""missing_patients"": 1, ""measured_subtotal"": null, ""total"": null}"
evaluation,CT,B,primary,google/medgemma-1.5-4b-it,repeat1,consolidation,3,"{""numerator"": 2, ""denominator"": 3, ""estimate"": 0.6666666666666666, ""ci95"": [0.2076596008020477, 0.9385080552796037], ""method"": ""Wilson two-sided 95%""}","{""unscorable"": 2}",0,1,1,"{""invalid_output"": 1}",0,"{""numerator"": 0, ""denominator"": 1, ""estimate"": 0.0, ""ci95"": [0.0, 0.7934506856227626], ""method"": ""Wilson two-sided 95%""}","{""numerator"": 0, ""denominator"": 1, ""estimate"": 0.0, ""ci95"": [0.0, 0.7934506856227626], ""method"": ""Wilson two-sided 95%""}","{""numerator"": 0, ""denominator"": 0, ""estimate"": null, ""ci95"": null}","{""numerator"": 0, ""denominator"": 0, ""estimate"": null, ""ci95"": null}","{""numerator"": 0, ""denominator"": 0, ""estimate"": null, ""ci95"": null}","{""numerator"": 0, ""denominator"": 0, ""estimate"": null, ""ci95"": null}","{""numerator"": 0, ""denominator"": 0, ""estimate"": null, ""ci95"": null}","{""TP"": 0, ""FN"": 0, ""TN"": 0, ""FP"": 0}","{""sensitivity"": {""assigned_class_count"": 0, ""unscored_class_count"": 0, ""identification_bounds"": null, ""meaning"": ""Best/worst missing-outcome bounds, not confidence intervals; failures are not diagnostic FN/FP""}, ""specificity"": {""assigned_class_count"": 1, ""unscored_class_count"": 1, ""identification_bounds"": [0.0, 1.0], ""meaning"": ""Best/worst missing-outcome bounds, not confidence intervals; failures are not diagnostic FN/FP""}}","{""measured_patients"": 0, ""missing_patients"": 1, ""measured_subtotal"": null, ""total"": null}"
evaluation,CT,B,primary,google/medgemma-1.5-4b-it,repeat1,emphysema,3,"{""numerator"": 2, ""denominator"": 3, ""estimate"": 0.6666666666666666, ""ci95"": [0.2076596008020477, 0.9385080552796037], ""method"": ""Wilson two-sided 95%""}","{""unscorable"": 2}",1,0,1,"{""completed"": 1}",1,"{""numerator"": 1, ""denominator"": 1, ""estimate"": 1.0, ""ci95"": [0.20654931437723745, 1.0], ""method"": ""Wilson two-sided 95%""}","{""numerator"": 0, ""denominator"": 1, ""estimate"": 0.0, ""ci95"": [0.0, 0.7934506856227626], ""method"": ""Wilson two-sided 95%""}","{""numerator"": 0, ""denominator"": 1, ""estimate"": 0.0, ""ci95"": [0.0, 0.7934506856227626], ""method"": ""Wilson two-sided 95%""}","{""numerator"": 0, ""denominator"": 1, ""estimate"": 0.0, ""ci95"": [0.0, 0.7934506856227626], ""method"": ""Wilson two-sided 95%""}","{""numerator"": 0, ""denominator"": 0, ""estimate"": null, ""ci95"": null}","{""numerator"": 1, ""denominator"": 1, ""estimate"": 1.0, ""ci95"": [0.20654931437723745, 1.0], ""method"": ""Wilson two-sided 95%""}","{""numerator"": 0, ""denominator"": 0, ""estimate"": null, ""ci95"": null}","{""TP"": 0, ""FN"": 1, ""TN"": 0, ""FP"": 0}","{""sensitivity"": {""assigned_class_count"": 1, ""unscored_class_count"": 0, ""identification_bounds"": [0.0, 0.0], ""meaning"": ""Best/worst missing-outcome bounds, not confidence intervals; failures are not diagnostic FN/FP""}, ""specificity"": {""assigned_class_count"": 0, ""unscored_class_count"": 0, ""identification_bounds"": null, ""meaning"": ""Best/worst missing-outcome bounds, not confidence intervals; failures are not diagnostic FN/FP""}}","{""measured_patients"": 0, ""missing_patients"": 1, ""measured_subtotal"": null, ""total"": null}"
evaluation,CT,B,primary,gpt-6-astra,,pleural_effusion,40,"{""numerator"": 40, ""denominator"": 40, ""estimate"": 1.0, ""ci95"": [0.9123783988027135, 1.0], ""method"": ""Wilson two-sided 95%""}","{""unscorable"": 13, ""ambiguous"": 3}",3,21,24,"{""completed"": 24}",24,"{""numerator"": 24, ""denominator"": 24, ""estimate"": 1.0, ""ci95"": [0.8620237953250198, 1.0], ""method"": ""Wilson two-sided 95%""}","{""numerator"": 24, ""denominator"": 24, ""estimate"": 1.0, ""ci95"": [0.8620237953250198, 1.0], ""method"": ""Wilson two-sided 95%""}","{""numerator"": 24, ""denominator"": 24, ""estimate"": 1.0, ""ci95"": [0.8620237953250198, 1.0], ""method"": ""Wilson two-sided 95%""}","{""numerator"": 3, ""denominator"": 3, ""estimate"": 1.0, ""ci95"": [0.4385029682449546, 1.0], ""method"": ""Wilson two-sided 95%""}","{""numerator"": 21, ""denominator"": 21, ""estimate"": 1.0, ""ci95"": [0.8453609810751531, 1.0], ""method"": ""Wilson two-sided 95%""}","{""numerator"": 0, ""denominator"": 3, ""estimate"": 0.0, ""ci95"": [5.551115123125783e-17, 0.5614970317550454], ""method"": ""Wilson two-sided 95%""}","{""numerator"": 0, ""denominator"": 21, ""estimate"": 0.0, ""ci95"": [0.0, 0.154639018924847], ""method"": ""Wilson two-sided 95%""}","{""TP"": 3, ""FN"": 0, ""TN"": 21, ""FP"": 0}","{""sensitivity"": {""assigned_class_count"": 3, ""unscored_class_count"": 0, ""identification_bounds"": [1.0, 1.0], ""meaning"": ""Best/worst missing-outcome bounds, not confidence intervals; failures are not diagnostic FN/FP""}, ""specificity"": {""assigned_class_count"": 21, ""unscored_class_count"": 0, ""identification_bounds"": [1.0, 1.0], ""meaning"": ""Best/worst missing-outcome bounds, not confidence intervals; failures are not diagnostic FN/FP""}}","{""measured_patients"": 0, ""missing_patients"": 24, ""measured_subtotal"": null, ""total"": null}"
evaluation,CT,B,primary,gpt-6-astra,,pulmonary_nodule,40,"{""numerator"": 40, ""denominator"": 40, ""estimate"": 1.0, ""ci95"": [0.9123783988027135, 1.0], ""method"": ""Wilson two-sided 95%""}","{""ambiguous"": 4, ""unscorable"": 17}",19,0,19,"{""input_insufficient"": 5, ""completed"": 9, ""abstained"": 5}",9,"{""numerator"": 9, ""denominator"": 19, ""estimate"": 0.47368421052631576, ""ci95"": [0.2732980516117956, 0.6829219075488682], ""method"": ""Wilson two-sided 95%""}","{""numerator"": 3, ""denominator"": 19, ""estimate"": 0.15789473684210525, ""ci95"": [0.05520471638534141, 0.37565475270329074], ""method"": ""Wilson two-sided 95%""}","{""numerator"": 3, ""denominator"": 9, ""estimate"": 0.3333333333333333, ""ci95"": [0.1205838183869109, 0.6457978644196036], ""method"": ""Wilson two-sided 95%""}","{""numerator"": 3, ""denominator"": 9, ""estimate"": 0.3333333333333333, ""ci95"": [0.1205838183869109, 0.6457978644196036], ""method"": ""Wilson two-sided 95%""}","{""numerator"": 0, ""denominator"": 0, ""estimate"": null, ""ci95"": null}","{""numerator"": 6, ""denominator"": 9, ""estimate"": 0.6666666666666666, ""ci95"": [0.3542021355803963, 0.879416181613089], ""method"": ""Wilson two-sided 95%""}","{""numerator"": 0, ""denominator"": 0, ""estimate"": null, ""ci95"": null}","{""TP"": 3, ""FN"": 6, ""TN"": 0, ""FP"": 0}","{""sensitivity"": {""assigned_class_count"": 19, ""unscored_class_count"": 10, ""identification_bounds"": [0.15789473684210525, 0.6842105263157895], ""meaning"": ""Best/worst missing-outcome bounds, not confidence intervals; failures are not diagnostic FN/FP""}, ""specificity"": {""assigned_class_count"": 0, ""unscored_class_count"": 0, ""identification_bounds"": null, ""meaning"": ""Best/worst missing-outcome bounds, not confidence intervals; failures are not diagnostic FN/FP""}}","{""measured_patients"": 0, ""missing_patients"": 19, ""measured_subtotal"": null, ""total"": null}"
evaluation,CT,B,primary,gpt-6-astra,,consolidation,40,"{""numerator"": 40, ""denominator"": 40, ""estimate"": 1.0, ""ci95"": [0.9123783988027135, 1.0], ""method"": ""Wilson two-sided 95%""}","{""unscorable"": 32}",5,3,8,"{""completed"": 7, ""abstained"": 1}",7,"{""numerator"": 7, ""denominator"": 8, ""estimate"": 0.875, ""ci95"": [0.5291118177871464, 0.9775825085499433], ""method"": ""Wilson two-sided 95%""}","{""numerator"": 7, ""denominator"": 8, ""estimate"": 0.875, ""ci95"": [0.5291118177871464, 0.9775825085499433], ""method"": ""Wilson two-sided 95%""}","{""numerator"": 7, ""denominator"": 7, ""estimate"": 1.0, ""ci95"": [0.6456695649333126, 1.0], ""method"": ""Wilson two-sided 95%""}","{""numerator"": 4, ""denominator"": 4, ""estimate"": 1.0, ""ci95"": [0.5101091635454027, 1.0], ""method"": ""Wilson two-sided 95%""}","{""numerator"": 3, ""denominator"": 3, ""estimate"": 1.0, ""ci95"": [0.4385029682449546, 1.0], ""method"": ""Wilson two-sided 95%""}","{""numerator"": 0, ""denominator"": 4, ""estimate"": 0.0, ""ci95"": [0.0, 0.4898908364545973], ""method"": ""Wilson two-sided 95%""}","{""numerator"": 0, ""denominator"": 3, ""estimate"": 0.0, ""ci95"": [5.551115123125783e-17, 0.5614970317550454], ""method"": ""Wilson two-sided 95%""}","{""TP"": 4, ""FN"": 0, ""TN"": 3, ""FP"": 0}","{""sensitivity"": {""assigned_class_count"": 5, ""unscored_class_count"": 1, ""identification_bounds"": [0.8, 1.0], ""meaning"": ""Best/worst missing-outcome bounds, not confidence intervals; failures are not diagnostic FN/FP""}, ""specificity"": {""assigned_class_count"": 3, ""unscored_class_count"": 0, ""identification_bounds"": [1.0, 1.0], ""meaning"": ""Best/worst missing-outcome bounds, not confidence intervals; failures are not diagnostic FN/FP""}}","{""measured_patients"": 0, ""missing_patients"": 8, ""measured_subtotal"": null, ""total"": null}"
evaluation,CT,B,primary,gpt-6-astra,,emphysema,40,"{""numerator"": 40, ""denominator"": 40, ""estimate"": 1.0, ""ci95"": [0.9123783988027135, 1.0], ""method"": ""Wilson two-sided 95%""}","{""unscorable"": 28}",12,0,12,"{""completed"": 12}",12,"{""numerator"": 12, ""denominator"": 12, ""estimate"": 1.0, ""ci95"": [0.7575059933447592, 1.0], ""method"": ""Wilson two-sided 95%""}","{""numerator"": 3, ""denominator"": 12, ""estimate"": 0.25, ""ci95"": [0.08894166839405471, 0.5323053349335657], ""method"": ""Wilson two-sided 95%""}","{""numerator"": 3, ""denominator"": 12, ""estimate"": 0.25, ""ci95"": [0.08894166839405471, 0.5323053349335657], ""method"": ""Wilson two-sided 95%""}","{""numerator"": 3, ""denominator"": 12, ""estimate"": 0.25, ""ci95"": [0.08894166839405471, 0.5323053349335657], ""method"": ""Wilson two-sided 95%""}","{""numerator"": 0, ""denominator"": 0, ""estimate"": null, ""ci95"": null}","{""numerator"": 9, ""denominator"": 12, ""estimate"": 0.75, ""ci95"": [0.46769466506643426, 0.9110583316059453], ""method"": ""Wilson two-sided 95%""}","{""numerator"": 0, ""denominator"": 0, ""estimate"": null, ""ci95"": null}","{""TP"": 3, ""FN"": 9, ""TN"": 0, ""FP"": 0}","{""sensitivity"": {""assigned_class_count"": 12, ""unscored_class_count"": 0, ""identification_bounds"": [0.25, 0.25], ""meaning"": ""Best/worst missing-outcome bounds, not confidence intervals; failures are not diagnostic FN/FP""}, ""specificity"": {""assigned_class_count"": 0, ""unscored_class_count"": 0, ""identification_bounds"": null, ""meaning"": ""Best/worst missing-outcome bounds, not confidence intervals; failures are not diagnostic FN/FP""}}","{""measured_patients"": 0, ""missing_patients"": 12, ""measured_subtotal"": null, ""total"": null}"
evaluation,CT,B,primary,gpt-6-astra,repeat1,pleural_effusion,3,"{""numerator"": 3, ""denominator"": 3, ""estimate"": 1.0, ""ci95"": [0.4385029682449546, 1.0], ""method"": ""Wilson two-sided 95%""}","{""unscorable"": 1}",0,2,2,"{""completed"": 2}",2,"{""numerator"": 2, ""denominator"": 2, ""estimate"": 1.0, ""ci95"": [0.34238022750665303, 1.0], ""method"": ""Wilson two-sided 95%""}","{""numerator"": 2, ""denominator"": 2, ""estimate"": 1.0, ""ci95"": [0.34238022750665303, 1.0], ""method"": ""Wilson two-sided 95%""}","{""numerator"": 2, ""denominator"": 2, ""estimate"": 1.0, ""ci95"": [0.34238022750665303, 1.0], ""method"": ""Wilson two-sided 95%""}","{""numerator"": 0, ""denominator"": 0, ""estimate"": null, ""ci95"": null}","{""numerator"": 2, ""denominator"": 2, ""estimate"": 1.0, ""ci95"": [0.34238022750665303, 1.0], ""method"": ""Wilson two-sided 95%""}","{""numerator"": 0, ""denominator"": 0, ""estimate"": null, ""ci95"": null}","{""numerator"": 0, ""denominator"": 2, ""estimate"": 0.0, ""ci95"": [0.0, 0.6576197724933469], ""method"": ""Wilson two-sided 95%""}","{""TP"": 0, ""FN"": 0, ""TN"": 2, ""FP"": 0}","{""sensitivity"": {""assigned_class_count"": 0, ""unscored_class_count"": 0, ""identification_bounds"": null, ""meaning"": ""Best/worst missing-outcome bounds, not confidence intervals; failures are not diagnostic FN/FP""}, ""specificity"": {""assigned_class_count"": 2, ""unscored_class_count"": 0, ""identification_bounds"": [1.0, 1.0], ""meaning"": ""Best/worst missing-outcome bounds, not confidence intervals; failures are not diagnostic FN/FP""}}","{""measured_patients"": 0, ""missing_patients"": 2, ""measured_subtotal"": null, ""total"": null}"
evaluation,CT,B,primary,gpt-6-astra,repeat1,pulmonary_nodule,3,"{""numerator"": 3, ""denominator"": 3, ""estimate"": 1.0, ""ci95"": [0.4385029682449546, 1.0], ""method"": ""Wilson two-sided 95%""}","{""ambiguous"": 1, ""unscorable"": 1}",1,0,1,"{""input_insufficient"": 1}",0,"{""numerator"": 0, ""denominator"": 1, ""estimate"": 0.0, ""ci95"": [0.0, 0.7934506856227626], ""method"": ""Wilson two-sided 95%""}","{""numerator"": 0, ""denominator"": 1, ""estimate"": 0.0, ""ci95"": [0.0, 0.7934506856227626], ""method"": ""Wilson two-sided 95%""}","{""numerator"": 0, ""denominator"": 0, ""estimate"": null, ""ci95"": null}","{""numerator"": 0, ""denominator"": 0, ""estimate"": null, ""ci95"": null}","{""numerator"": 0, ""denominator"": 0, ""estimate"": null, ""ci95"": null}","{""numerator"": 0, ""denominator"": 0, ""estimate"": null, ""ci95"": null}","{""numerator"": 0, ""denominator"": 0, ""estimate"": null, ""ci95"": null}","{""TP"": 0, ""FN"": 0, ""TN"": 0, ""FP"": 0}","{""sensitivity"": {""assigned_class_count"": 1, ""unscored_class_count"": 1, ""identification_bounds"": [0.0, 1.0], ""meaning"": ""Best/worst missing-outcome bounds, not confidence intervals; failures are not diagnostic FN/FP""}, ""specificity"": {""assigned_class_count"": 0, ""unscored_class_count"": 0, ""identification_bounds"": null, ""meaning"": ""Best/worst missing-outcome bounds, not confidence intervals; failures are not diagnostic FN/FP""}}","{""measured_patients"": 0, ""missing_patients"": 1, ""measured_subtotal"": null, ""total"": null}"
evaluation,CT,B,primary,gpt-6-astra,repeat1,consolidation,3,"{""numerator"": 3, ""denominator"": 3, ""estimate"": 1.0, ""ci95"": [0.4385029682449546, 1.0], ""method"": ""Wilson two-sided 95%""}","{""unscorable"": 2}",0,1,1,"{""completed"": 1}",1,"{""numerator"": 1, ""denominator"": 1, ""estimate"": 1.0, ""ci95"": [0.20654931437723745, 1.0], ""method"": ""Wilson two-sided 95%""}","{""numerator"": 1, ""denominator"": 1, ""estimate"": 1.0, ""ci95"": [0.20654931437723745, 1.0], ""method"": ""Wilson two-sided 95%""}","{""numerator"": 1, ""denominator"": 1, ""estimate"": 1.0, ""ci95"": [0.20654931437723745, 1.0], ""method"": ""Wilson two-sided 95%""}","{""numerator"": 0, ""denominator"": 0, ""estimate"": null, ""ci95"": null}","{""numerator"": 1, ""denominator"": 1, ""estimate"": 1.0, ""ci95"": [0.20654931437723745, 1.0], ""method"": ""Wilson two-sided 95%""}","{""numerator"": 0, ""denominator"": 0, ""estimate"": null, ""ci95"": null}","{""numerator"": 0, ""denominator"": 1, ""estimate"": 0.0, ""ci95"": [0.0, 0.7934506856227626], ""method"": ""Wilson two-sided 95%""}","{""TP"": 0, ""FN"": 0, ""TN"": 1, ""FP"": 0}","{""sensitivity"": {""assigned_class_count"": 0, ""unscored_class_count"": 0, ""identification_bounds"": null, ""meaning"": ""Best/worst missing-outcome bounds, not confidence intervals; failures are not diagnostic FN/FP""}, ""specificity"": {""assigned_class_count"": 1, ""unscored_class_count"": 0, ""identification_bounds"": [1.0, 1.0], ""meaning"": ""Best/worst missing-outcome bounds, not confidence intervals; failures are not diagnostic FN/FP""}}","{""measured_patients"": 0, ""missing_patients"": 1, ""measured_subtotal"": null, ""total"": null}"
evaluation,CT,B,primary,gpt-6-astra,repeat1,emphysema,3,"{""numerator"": 3, ""denominator"": 3, ""estimate"": 1.0, ""ci95"": [0.4385029682449546, 1.0], ""method"": ""Wilson two-sided 95%""}","{""unscorable"": 2}",1,0,1,"{""completed"": 1}",1,"{""numerator"": 1, ""denominator"": 1, ""estimate"": 1.0, ""ci95"": [0.20654931437723745, 1.0], ""method"": ""Wilson two-sided 95%""}","{""numerator"": 1, ""denominator"": 1, ""estimate"": 1.0, ""ci95"": [0.20654931437723745, 1.0], ""method"": ""Wilson two-sided 95%""}","{""numerator"": 1, ""denominator"": 1, ""estimate"": 1.0, ""ci95"": [0.20654931437723745, 1.0], ""method"": ""Wilson two-sided 95%""}","{""numerator"": 1, ""denominator"": 1, ""estimate"": 1.0, ""ci95"": [0.20654931437723745, 1.0], ""method"": ""Wilson two-sided 95%""}","{""numerator"": 0, ""denominator"": 0, ""estimate"": null, ""ci95"": null}","{""numerator"": 0, ""denominator"": 1, ""estimate"": 0.0, ""ci95"": [0.0, 0.7934506856227626], ""method"": ""Wilson two-sided 95%""}","{""numerator"": 0, ""denominator"": 0, ""estimate"": null, ""ci95"": null}","{""TP"": 1, ""FN"": 0, ""TN"": 0, ""FP"": 0}","{""sensitivity"": {""assigned_class_count"": 1, ""unscored_class_count"": 0, ""identification_bounds"": [1.0, 1.0], ""meaning"": ""Best/worst missing-outcome bounds, not confidence intervals; failures are not diagnostic FN/FP""}, ""specificity"": {""assigned_class_count"": 0, ""unscored_class_count"": 0, ""identification_bounds"": null, ""meaning"": ""Best/worst missing-outcome bounds, not confidence intervals; failures are not diagnostic FN/FP""}}","{""measured_patients"": 0, ""missing_patients"": 1, ""measured_subtotal"": null, ""total"": null}"
evaluation,CT,B,primary,gpt-6-luna,,pleural_effusion,40,"{""numerator"": 40, ""denominator"": 40, ""estimate"": 1.0, ""ci95"": [0.9123783988027135, 1.0], ""method"": ""Wilson two-sided 95%""}","{""unscorable"": 13, ""ambiguous"": 3}",3,21,24,"{""completed"": 24}",24,"{""numerator"": 24, ""denominator"": 24, ""estimate"": 1.0, ""ci95"": [0.8620237953250198, 1.0], ""method"": ""Wilson two-sided 95%""}","{""numerator"": 24, ""denominator"": 24, ""estimate"": 1.0, ""ci95"": [0.8620237953250198, 1.0], ""method"": ""Wilson two-sided 95%""}","{""numerator"": 24, ""denominator"": 24, ""estimate"": 1.0, ""ci95"": [0.8620237953250198, 1.0], ""method"": ""Wilson two-sided 95%""}","{""numerator"": 3, ""denominator"": 3, ""estimate"": 1.0, ""ci95"": [0.4385029682449546, 1.0], ""method"": ""Wilson two-sided 95%""}","{""numerator"": 21, ""denominator"": 21, ""estimate"": 1.0, ""ci95"": [0.8453609810751531, 1.0], ""method"": ""Wilson two-sided 95%""}","{""numerator"": 0, ""denominator"": 3, ""estimate"": 0.0, ""ci95"": [5.551115123125783e-17, 0.5614970317550454], ""method"": ""Wilson two-sided 95%""}","{""numerator"": 0, ""denominator"": 21, ""estimate"": 0.0, ""ci95"": [0.0, 0.154639018924847], ""method"": ""Wilson two-sided 95%""}","{""TP"": 3, ""FN"": 0, ""TN"": 21, ""FP"": 0}","{""sensitivity"": {""assigned_class_count"": 3, ""unscored_class_count"": 0, ""identification_bounds"": [1.0, 1.0], ""meaning"": ""Best/worst missing-outcome bounds, not confidence intervals; failures are not diagnostic FN/FP""}, ""specificity"": {""assigned_class_count"": 21, ""unscored_class_count"": 0, ""identification_bounds"": [1.0, 1.0], ""meaning"": ""Best/worst missing-outcome bounds, not confidence intervals; failures are not diagnostic FN/FP""}}","{""measured_patients"": 0, ""missing_patients"": 24, ""measured_subtotal"": null, ""total"": null}"
evaluation,CT,B,primary,gpt-6-luna,,pulmonary_nodule,40,"{""numerator"": 40, ""denominator"": 40, ""estimate"": 1.0, ""ci95"": [0.9123783988027135, 1.0], ""method"": ""Wilson two-sided 95%""}","{""ambiguous"": 4, ""unscorable"": 17}",19,0,19,"{""input_insufficient"": 7, ""abstained"": 8, ""completed"": 4}",4,"{""numerator"": 4, ""denominator"": 19, ""estimate"": 0.21052631578947367, ""ci95"": [0.08507676632916253, 0.43334278443814167], ""method"": ""Wilson two-sided 95%""}","{""numerator"": 0, ""denominator"": 19, ""estimate"": 0.0, ""ci95"": [0.0, 0.16817922405261626], ""method"": ""Wilson two-sided 95%""}","{""numerator"": 0, ""denominator"": 4, ""estimate"": 0.0, ""ci95"": [0.0, 0.4898908364545973], ""method"": ""Wilson two-sided 95%""}","{""numerator"": 0, ""denominator"": 4, ""estimate"": 0.0, ""ci95"": [0.0, 0.4898908364545973], ""method"": ""Wilson two-sided 95%""}","{""numerator"": 0, ""denominator"": 0, ""estimate"": null, ""ci95"": null}","{""numerator"": 4, ""denominator"": 4, ""estimate"": 1.0, ""ci95"": [0.5101091635454027, 1.0], ""method"": ""Wilson two-sided 95%""}","{""numerator"": 0, ""denominator"": 0, ""estimate"": null, ""ci95"": null}","{""TP"": 0, ""FN"": 4, ""TN"": 0, ""FP"": 0}","{""sensitivity"": {""assigned_class_count"": 19, ""unscored_class_count"": 15, ""identification_bounds"": [0.0, 0.7894736842105263], ""meaning"": ""Best/worst missing-outcome bounds, not confidence intervals; failures are not diagnostic FN/FP""}, ""specificity"": {""assigned_class_count"": 0, ""unscored_class_count"": 0, ""identification_bounds"": null, ""meaning"": ""Best/worst missing-outcome bounds, not confidence intervals; failures are not diagnostic FN/FP""}}","{""measured_patients"": 0, ""missing_patients"": 19, ""measured_subtotal"": null, ""total"": null}"
evaluation,CT,B,primary,gpt-6-luna,,consolidation,40,"{""numerator"": 40, ""denominator"": 40, ""estimate"": 1.0, ""ci95"": [0.9123783988027135, 1.0], ""method"": ""Wilson two-sided 95%""}","{""unscorable"": 32}",5,3,8,"{""completed"": 8}",8,"{""numerator"": 8, ""denominator"": 8, ""estimate"": 1.0, ""ci95"": [0.6755924351161198, 1.0], ""method"": ""Wilson two-sided 95%""}","{""numerator"": 6, ""denominator"": 8, ""estimate"": 0.75, ""ci95"": [0.40927543031016883, 0.9285207872478909], ""method"": ""Wilson two-sided 95%""}","{""numerator"": 6, ""denominator"": 8, ""estimate"": 0.75, ""ci95"": [0.40927543031016883, 0.9285207872478909], ""method"": ""Wilson two-sided 95%""}","{""numerator"": 3, ""denominator"": 5, ""estimate"": 0.6, ""ci95"": [0.2307242812760128, 0.882379225767352], ""method"": ""Wilson two-sided 95%""}","{""numerator"": 3, ""denominator"": 3, ""estimate"": 1.0, ""ci95"": [0.4385029682449546, 1.0], ""method"": ""Wilson two-sided 95%""}","{""numerator"": 2, ""denominator"": 5, ""estimate"": 0.4, ""ci95"": [0.11762077423264783, 0.769275718723987], ""method"": ""Wilson two-sided 95%""}","{""numerator"": 0, ""denominator"": 3, ""estimate"": 0.0, ""ci95"": [5.551115123125783e-17, 0.5614970317550454], ""method"": ""Wilson two-sided 95%""}","{""TP"": 3, ""FN"": 2, ""TN"": 3, ""FP"": 0}","{""sensitivity"": {""assigned_class_count"": 5, ""unscored_class_count"": 0, ""identification_bounds"": [0.6, 0.6], ""meaning"": ""Best/worst missing-outcome bounds, not confidence intervals; failures are not diagnostic FN/FP""}, ""specificity"": {""assigned_class_count"": 3, ""unscored_class_count"": 0, ""identification_bounds"": [1.0, 1.0], ""meaning"": ""Best/worst missing-outcome bounds, not confidence intervals; failures are not diagnostic FN/FP""}}","{""measured_patients"": 0, ""missing_patients"": 8, ""measured_subtotal"": null, ""total"": null}"
evaluation,CT,B,primary,gpt-6-luna,,emphysema,40,"{""numerator"": 40, ""denominator"": 40, ""estimate"": 1.0, ""ci95"": [0.9123783988027135, 1.0], ""method"": ""Wilson two-sided 95%""}","{""unscorable"": 28}",12,0,12,"{""completed"": 12}",12,"{""numerator"": 12, ""denominator"": 12, ""estimate"": 1.0, ""ci95"": [0.7575059933447592, 1.0], ""method"": ""Wilson two-sided 95%""}","{""numerator"": 1, ""denominator"": 12, ""estimate"": 0.08333333333333333, ""ci95"": [0.014865094404917095, 0.35387991114111694], ""method"": ""Wilson two-sided 95%""}","{""numerator"": 1, ""denominator"": 12, ""estimate"": 0.08333333333333333, ""ci95"": [0.014865094404917095, 0.35387991114111694], ""method"": ""Wilson two-sided 95%""}","{""numerator"": 1, ""denominator"": 12, ""estimate"": 0.08333333333333333, ""ci95"": [0.014865094404917095, 0.35387991114111694], ""method"": ""Wilson two-sided 95%""}","{""numerator"": 0, ""denominator"": 0, ""estimate"": null, ""ci95"": null}","{""numerator"": 11, ""denominator"": 12, ""estimate"": 0.9166666666666666, ""ci95"": [0.646120088858883, 0.9851349055950829], ""method"": ""Wilson two-sided 95%""}","{""numerator"": 0, ""denominator"": 0, ""estimate"": null, ""ci95"": null}","{""TP"": 1, ""FN"": 11, ""TN"": 0, ""FP"": 0}","{""sensitivity"": {""assigned_class_count"": 12, ""unscored_class_count"": 0, ""identification_bounds"": [0.08333333333333333, 0.08333333333333333], ""meaning"": ""Best/worst missing-outcome bounds, not confidence intervals; failures are not diagnostic FN/FP""}, ""specificity"": {""assigned_class_count"": 0, ""unscored_class_count"": 0, ""identification_bounds"": null, ""meaning"": ""Best/worst missing-outcome bounds, not confidence intervals; failures are not diagnostic FN/FP""}}","{""measured_patients"": 0, ""missing_patients"": 12, ""measured_subtotal"": null, ""total"": null}"
evaluation,CT,B,primary,gpt-6-luna,repeat1,pleural_effusion,3,"{""numerator"": 3, ""denominator"": 3, ""estimate"": 1.0, ""ci95"": [0.4385029682449546, 1.0], ""method"": ""Wilson two-sided 95%""}","{""unscorable"": 1}",0,2,2,"{""completed"": 2}",2,"{""numerator"": 2, ""denominator"": 2, ""estimate"": 1.0, ""ci95"": [0.34238022750665303, 1.0], ""method"": ""Wilson two-sided 95%""}","{""numerator"": 2, ""denominator"": 2, ""estimate"": 1.0, ""ci95"": [0.34238022750665303, 1.0], ""method"": ""Wilson two-sided 95%""}","{""numerator"": 2, ""denominator"": 2, ""estimate"": 1.0, ""ci95"": [0.34238022750665303, 1.0], ""method"": ""Wilson two-sided 95%""}","{""numerator"": 0, ""denominator"": 0, ""estimate"": null, ""ci95"": null}","{""numerator"": 2, ""denominator"": 2, ""estimate"": 1.0, ""ci95"": [0.34238022750665303, 1.0], ""method"": ""Wilson two-sided 95%""}","{""numerator"": 0, ""denominator"": 0, ""estimate"": null, ""ci95"": null}","{""numerator"": 0, ""denominator"": 2, ""estimate"": 0.0, ""ci95"": [0.0, 0.6576197724933469], ""method"": ""Wilson two-sided 95%""}","{""TP"": 0, ""FN"": 0, ""TN"": 2, ""FP"": 0}","{""sensitivity"": {""assigned_class_count"": 0, ""unscored_class_count"": 0, ""identification_bounds"": null, ""meaning"": ""Best/worst missing-outcome bounds, not confidence intervals; failures are not diagnostic FN/FP""}, ""specificity"": {""assigned_class_count"": 2, ""unscored_class_count"": 0, ""identification_bounds"": [1.0, 1.0], ""meaning"": ""Best/worst missing-outcome bounds, not confidence intervals; failures are not diagnostic FN/FP""}}","{""measured_patients"": 0, ""missing_patients"": 2, ""measured_subtotal"": null, ""total"": null}"
evaluation,CT,B,primary,gpt-6-luna,repeat1,pulmonary_nodule,3,"{""numerator"": 3, ""denominator"": 3, ""estimate"": 1.0, ""ci95"": [0.4385029682449546, 1.0], ""method"": ""Wilson two-sided 95%""}","{""ambiguous"": 1, ""unscorable"": 1}",1,0,1,"{""abstained"": 1}",0,"{""numerator"": 0, ""denominator"": 1, ""estimate"": 0.0, ""ci95"": [0.0, 0.7934506856227626], ""method"": ""Wilson two-sided 95%""}","{""numerator"": 0, ""denominator"": 1, ""estimate"": 0.0, ""ci95"": [0.0, 0.7934506856227626], ""method"": ""Wilson two-sided 95%""}","{""numerator"": 0, ""denominator"": 0, ""estimate"": null, ""ci95"": null}","{""numerator"": 0, ""denominator"": 0, ""estimate"": null, ""ci95"": null}","{""numerator"": 0, ""denominator"": 0, ""estimate"": null, ""ci95"": null}","{""numerator"": 0, ""denominator"": 0, ""estimate"": null, ""ci95"": null}","{""numerator"": 0, ""denominator"": 0, ""estimate"": null, ""ci95"": null}","{""TP"": 0, ""FN"": 0, ""TN"": 0, ""FP"": 0}","{""sensitivity"": {""assigned_class_count"": 1, ""unscored_class_count"": 1, ""identification_bounds"": [0.0, 1.0], ""meaning"": ""Best/worst missing-outcome bounds, not confidence intervals; failures are not diagnostic FN/FP""}, ""specificity"": {""assigned_class_count"": 0, ""unscored_class_count"": 0, ""identification_bounds"": null, ""meaning"": ""Best/worst missing-outcome bounds, not confidence intervals; failures are not diagnostic FN/FP""}}","{""measured_patients"": 0, ""missing_patients"": 1, ""measured_subtotal"": null, ""total"": null}"
evaluation,CT,B,primary,gpt-6-luna,repeat1,consolidation,3,"{""numerator"": 3, ""denominator"": 3, ""estimate"": 1.0, ""ci95"": [0.4385029682449546, 1.0], ""method"": ""Wilson two-sided 95%""}","{""unscorable"": 2}",0,1,1,"{""completed"": 1}",1,"{""numerator"": 1, ""denominator"": 1, ""estimate"": 1.0, ""ci95"": [0.20654931437723745, 1.0], ""method"": ""Wilson two-sided 95%""}","{""numerator"": 1, ""denominator"": 1, ""estimate"": 1.0, ""ci95"": [0.20654931437723745, 1.0], ""method"": ""Wilson two-sided 95%""}","{""numerator"": 1, ""denominator"": 1, ""estimate"": 1.0, ""ci95"": [0.20654931437723745, 1.0], ""method"": ""Wilson two-sided 95%""}","{""numerator"": 0, ""denominator"": 0, ""estimate"": null, ""ci95"": null}","{""numerator"": 1, ""denominator"": 1, ""estimate"": 1.0, ""ci95"": [0.20654931437723745, 1.0], ""method"": ""Wilson two-sided 95%""}","{""numerator"": 0, ""denominator"": 0, ""estimate"": null, ""ci95"": null}","{""numerator"": 0, ""denominator"": 1, ""estimate"": 0.0, ""ci95"": [0.0, 0.7934506856227626], ""method"": ""Wilson two-sided 95%""}","{""TP"": 0, ""FN"": 0, ""TN"": 1, ""FP"": 0}","{""sensitivity"": {""assigned_class_count"": 0, ""unscored_class_count"": 0, ""identification_bounds"": null, ""meaning"": ""Best/worst missing-outcome bounds, not confidence intervals; failures are not diagnostic FN/FP""}, ""specificity"": {""assigned_class_count"": 1, ""unscored_class_count"": 0, ""identification_bounds"": [1.0, 1.0], ""meaning"": ""Best/worst missing-outcome bounds, not confidence intervals; failures are not diagnostic FN/FP""}}","{""measured_patients"": 0, ""missing_patients"": 1, ""measured_subtotal"": null, ""total"": null}"
evaluation,CT,B,primary,gpt-6-luna,repeat1,emphysema,3,"{""numerator"": 3, ""denominator"": 3, ""estimate"": 1.0, ""ci95"": [0.4385029682449546, 1.0], ""method"": ""Wilson two-sided 95%""}","{""unscorable"": 2}",1,0,1,"{""completed"": 1}",1,"{""numerator"": 1, ""denominator"": 1, ""estimate"": 1.0, ""ci95"": [0.20654931437723745, 1.0], ""method"": ""Wilson two-sided 95%""}","{""numerator"": 0, ""denominator"": 1, ""estimate"": 0.0, ""ci95"": [0.0, 0.7934506856227626], ""method"": ""Wilson two-sided 95%""}","{""numerator"": 0, ""denominator"": 1, ""estimate"": 0.0, ""ci95"": [0.0, 0.7934506856227626], ""method"": ""Wilson two-sided 95%""}","{""numerator"": 0, ""denominator"": 1, ""estimate"": 0.0, ""ci95"": [0.0, 0.7934506856227626], ""method"": ""Wilson two-sided 95%""}","{""numerator"": 0, ""denominator"": 0, ""estimate"": null, ""ci95"": null}","{""numerator"": 1, ""denominator"": 1, ""estimate"": 1.0, ""ci95"": [0.20654931437723745, 1.0], ""method"": ""Wilson two-sided 95%""}","{""numerator"": 0, ""denominator"": 0, ""estimate"": null, ""ci95"": null}","{""TP"": 0, ""FN"": 1, ""TN"": 0, ""FP"": 0}","{""sensitivity"": {""assigned_class_count"": 1, ""unscored_class_count"": 0, ""identification_bounds"": [0.0, 0.0], ""meaning"": ""Best/worst missing-outcome bounds, not confidence intervals; failures are not diagnostic FN/FP""}, ""specificity"": {""assigned_class_count"": 0, ""unscored_class_count"": 0, ""identification_bounds"": null, ""meaning"": ""Best/worst missing-outcome bounds, not confidence intervals; failures are not diagnostic FN/FP""}}","{""measured_patients"": 0, ""missing_patients"": 1, ""measured_subtotal"": null, ""total"": null}"
evaluation,CT,B,primary,gpt-6.1-sol,,pleural_effusion,40,"{""numerator"": 40, ""denominator"": 40, ""estimate"": 1.0, ""ci95"": [0.9123783988027135, 1.0], ""method"": ""Wilson two-sided 95%""}","{""unscorable"": 13, ""ambiguous"": 3}",3,21,24,"{""completed"": 24}",24,"{""numerator"": 24, ""denominator"": 24, ""estimate"": 1.0, ""ci95"": [0.8620237953250198, 1.0], ""method"": ""Wilson two-sided 95%""}","{""numerator"": 24, ""denominator"": 24, ""estimate"": 1.0, ""ci95"": [0.8620237953250198, 1.0], ""method"": ""Wilson two-sided 95%""}","{""numerator"": 24, ""denominator"": 24, ""estimate"": 1.0, ""ci95"": [0.8620237953250198, 1.0], ""method"": ""Wilson two-sided 95%""}","{""numerator"": 3, ""denominator"": 3, ""estimate"": 1.0, ""ci95"": [0.4385029682449546, 1.0], ""method"": ""Wilson two-sided 95%""}","{""numerator"": 21, ""denominator"": 21, ""estimate"": 1.0, ""ci95"": [0.8453609810751531, 1.0], ""method"": ""Wilson two-sided 95%""}","{""numerator"": 0, ""denominator"": 3, ""estimate"": 0.0, ""ci95"": [5.551115123125783e-17, 0.5614970317550454], ""method"": ""Wilson two-sided 95%""}","{""numerator"": 0, ""denominator"": 21, ""estimate"": 0.0, ""ci95"": [0.0, 0.154639018924847], ""method"": ""Wilson two-sided 95%""}","{""TP"": 3, ""FN"": 0, ""TN"": 21, ""FP"": 0}","{""sensitivity"": {""assigned_class_count"": 3, ""unscored_class_count"": 0, ""identification_bounds"": [1.0, 1.0], ""meaning"": ""Best/worst missing-outcome bounds, not confidence intervals; failures are not diagnostic FN/FP""}, ""specificity"": {""assigned_class_count"": 21, ""unscored_class_count"": 0, ""identification_bounds"": [1.0, 1.0], ""meaning"": ""Best/worst missing-outcome bounds, not confidence intervals; failures are not diagnostic FN/FP""}}","{""measured_patients"": 0, ""missing_patients"": 24, ""measured_subtotal"": null, ""total"": null}"
evaluation,CT,B,primary,gpt-6.1-sol,,pulmonary_nodule,40,"{""numerator"": 40, ""denominator"": 40, ""estimate"": 1.0, ""ci95"": [0.9123783988027135, 1.0], ""method"": ""Wilson two-sided 95%""}","{""ambiguous"": 4, ""unscorable"": 17}",19,0,19,"{""abstained"": 4, ""completed"": 13, ""input_insufficient"": 2}",13,"{""numerator"": 13, ""denominator"": 19, ""estimate"": 0.6842105263157895, ""ci95"": [0.46010407675327475, 0.8463562091220773], ""method"": ""Wilson two-sided 95%""}","{""numerator"": 2, ""denominator"": 19, ""estimate"": 0.10526315789473684, ""ci95"": [0.02935856029887013, 0.31394082711109006], ""method"": ""Wilson two-sided 95%""}","{""numerator"": 2, ""denominator"": 13, ""estimate"": 0.15384615384615385, ""ci95"": [0.043258178358081184, 0.4223463101948254], ""method"": ""Wilson two-sided 95%""}","{""numerator"": 2, ""denominator"": 13, ""estimate"": 0.15384615384615385, ""ci95"": [0.043258178358081184, 0.4223463101948254], ""method"": ""Wilson two-sided 95%""}","{""numerator"": 0, ""denominator"": 0, ""estimate"": null, ""ci95"": null}","{""numerator"": 11, ""denominator"": 13, ""estimate"": 0.8461538461538461, ""ci95"": [0.5776536898051745, 0.9567418216419186], ""method"": ""Wilson two-sided 95%""}","{""numerator"": 0, ""denominator"": 0, ""estimate"": null, ""ci95"": null}","{""TP"": 2, ""FN"": 11, ""TN"": 0, ""FP"": 0}","{""sensitivity"": {""assigned_class_count"": 19, ""unscored_class_count"": 6, ""identification_bounds"": [0.10526315789473684, 0.42105263157894735], ""meaning"": ""Best/worst missing-outcome bounds, not confidence intervals; failures are not diagnostic FN/FP""}, ""specificity"": {""assigned_class_count"": 0, ""unscored_class_count"": 0, ""identification_bounds"": null, ""meaning"": ""Best/worst missing-outcome bounds, not confidence intervals; failures are not diagnostic FN/FP""}}","{""measured_patients"": 0, ""missing_patients"": 19, ""measured_subtotal"": null, ""total"": null}"
evaluation,CT,B,primary,gpt-6.1-sol,,consolidation,40,"{""numerator"": 40, ""denominator"": 40, ""estimate"": 1.0, ""ci95"": [0.9123783988027135, 1.0], ""method"": ""Wilson two-sided 95%""}","{""unscorable"": 32}",5,3,8,"{""completed"": 6, ""abstained"": 2}",6,"{""numerator"": 6, ""denominator"": 8, ""estimate"": 0.75, ""ci95"": [0.40927543031016883, 0.9285207872478909], ""method"": ""Wilson two-sided 95%""}","{""numerator"": 6, ""denominator"": 8, ""estimate"": 0.75, ""ci95"": [0.40927543031016883, 0.9285207872478909], ""method"": ""Wilson two-sided 95%""}","{""numerator"": 6, ""denominator"": 6, ""estimate"": 1.0, ""ci95"": [0.6096657120978346, 1.0], ""method"": ""Wilson two-sided 95%""}","{""numerator"": 3, ""denominator"": 3, ""estimate"": 1.0, ""ci95"": [0.4385029682449546, 1.0], ""method"": ""Wilson two-sided 95%""}","{""numerator"": 3, ""denominator"": 3, ""estimate"": 1.0, ""ci95"": [0.4385029682449546, 1.0], ""method"": ""Wilson two-sided 95%""}","{""numerator"": 0, ""denominator"": 3, ""estimate"": 0.0, ""ci95"": [5.551115123125783e-17, 0.5614970317550454], ""method"": ""Wilson two-sided 95%""}","{""numerator"": 0, ""denominator"": 3, ""estimate"": 0.0, ""ci95"": [5.551115123125783e-17, 0.5614970317550454], ""method"": ""Wilson two-sided 95%""}","{""TP"": 3, ""FN"": 0, ""TN"": 3, ""FP"": 0}","{""sensitivity"": {""assigned_class_count"": 5, ""unscored_class_count"": 2, ""identification_bounds"": [0.6, 1.0], ""meaning"": ""Best/worst missing-outcome bounds, not confidence intervals; failures are not diagnostic FN/FP""}, ""specificity"": {""assigned_class_count"": 3, ""unscored_class_count"": 0, ""identification_bounds"": [1.0, 1.0], ""meaning"": ""Best/worst missing-outcome bounds, not confidence intervals; failures are not diagnostic FN/FP""}}","{""measured_patients"": 0, ""missing_patients"": 8, ""measured_subtotal"": null, ""total"": null}"
evaluation,CT,B,primary,gpt-6.1-sol,,emphysema,40,"{""numerator"": 40, ""denominator"": 40, ""estimate"": 1.0, ""ci95"": [0.9123783988027135, 1.0], ""method"": ""Wilson two-sided 95%""}","{""unscorable"": 28}",12,0,12,"{""completed"": 12}",12,"{""numerator"": 12, ""denominator"": 12, ""estimate"": 1.0, ""ci95"": [0.7575059933447592, 1.0], ""method"": ""Wilson two-sided 95%""}","{""numerator"": 3, ""denominator"": 12, ""estimate"": 0.25, ""ci95"": [0.08894166839405471, 0.5323053349335657], ""method"": ""Wilson two-sided 95%""}","{""numerator"": 3, ""denominator"": 12, ""estimate"": 0.25, ""ci95"": [0.08894166839405471, 0.5323053349335657], ""method"": ""Wilson two-sided 95%""}","{""numerator"": 3, ""denominator"": 12, ""estimate"": 0.25, ""ci95"": [0.08894166839405471, 0.5323053349335657], ""method"": ""Wilson two-sided 95%""}","{""numerator"": 0, ""denominator"": 0, ""estimate"": null, ""ci95"": null}","{""numerator"": 9, ""denominator"": 12, ""estimate"": 0.75, ""ci95"": [0.46769466506643426, 0.9110583316059453], ""method"": ""Wilson two-sided 95%""}","{""numerator"": 0, ""denominator"": 0, ""estimate"": null, ""ci95"": null}","{""TP"": 3, ""FN"": 9, ""TN"": 0, ""FP"": 0}","{""sensitivity"": {""assigned_class_count"": 12, ""unscored_class_count"": 0, ""identification_bounds"": [0.25, 0.25], ""meaning"": ""Best/worst missing-outcome bounds, not confidence intervals; failures are not diagnostic FN/FP""}, ""specificity"": {""assigned_class_count"": 0, ""unscored_class_count"": 0, ""identification_bounds"": null, ""meaning"": ""Best/worst missing-outcome bounds, not confidence intervals; failures are not diagnostic FN/FP""}}","{""measured_patients"": 0, ""missing_patients"": 12, ""measured_subtotal"": null, ""total"": null}"
evaluation,CT,B,primary,gpt-6.1-sol,repeat1,pleural_effusion,3,"{""numerator"": 3, ""denominator"": 3, ""estimate"": 1.0, ""ci95"": [0.4385029682449546, 1.0], ""method"": ""Wilson two-sided 95%""}","{""unscorable"": 1}",0,2,2,"{""completed"": 2}",2,"{""numerator"": 2, ""denominator"": 2, ""estimate"": 1.0, ""ci95"": [0.34238022750665303, 1.0], ""method"": ""Wilson two-sided 95%""}","{""numerator"": 2, ""denominator"": 2, ""estimate"": 1.0, ""ci95"": [0.34238022750665303, 1.0], ""method"": ""Wilson two-sided 95%""}","{""numerator"": 2, ""denominator"": 2, ""estimate"": 1.0, ""ci95"": [0.34238022750665303, 1.0], ""method"": ""Wilson two-sided 95%""}","{""numerator"": 0, ""denominator"": 0, ""estimate"": null, ""ci95"": null}","{""numerator"": 2, ""denominator"": 2, ""estimate"": 1.0, ""ci95"": [0.34238022750665303, 1.0], ""method"": ""Wilson two-sided 95%""}","{""numerator"": 0, ""denominator"": 0, ""estimate"": null, ""ci95"": null}","{""numerator"": 0, ""denominator"": 2, ""estimate"": 0.0, ""ci95"": [0.0, 0.6576197724933469], ""method"": ""Wilson two-sided 95%""}","{""TP"": 0, ""FN"": 0, ""TN"": 2, ""FP"": 0}","{""sensitivity"": {""assigned_class_count"": 0, ""unscored_class_count"": 0, ""identification_bounds"": null, ""meaning"": ""Best/worst missing-outcome bounds, not confidence intervals; failures are not diagnostic FN/FP""}, ""specificity"": {""assigned_class_count"": 2, ""unscored_class_count"": 0, ""identification_bounds"": [1.0, 1.0], ""meaning"": ""Best/worst missing-outcome bounds, not confidence intervals; failures are not diagnostic FN/FP""}}","{""measured_patients"": 0, ""missing_patients"": 2, ""measured_subtotal"": null, ""total"": null}"
evaluation,CT,B,primary,gpt-6.1-sol,repeat1,pulmonary_nodule,3,"{""numerator"": 3, ""denominator"": 3, ""estimate"": 1.0, ""ci95"": [0.4385029682449546, 1.0], ""method"": ""Wilson two-sided 95%""}","{""ambiguous"": 1, ""unscorable"": 1}",1,0,1,"{""input_insufficient"": 1}",0,"{""numerator"": 0, ""denominator"": 1, ""estimate"": 0.0, ""ci95"": [0.0, 0.7934506856227626], ""method"": ""Wilson two-sided 95%""}","{""numerator"": 0, ""denominator"": 1, ""estimate"": 0.0, ""ci95"": [0.0, 0.7934506856227626], ""method"": ""Wilson two-sided 95%""}","{""numerator"": 0, ""denominator"": 0, ""estimate"": null, ""ci95"": null}","{""numerator"": 0, ""denominator"": 0, ""estimate"": null, ""ci95"": null}","{""numerator"": 0, ""denominator"": 0, ""estimate"": null, ""ci95"": null}","{""numerator"": 0, ""denominator"": 0, ""estimate"": null, ""ci95"": null}","{""numerator"": 0, ""denominator"": 0, ""estimate"": null, ""ci95"": null}","{""TP"": 0, ""FN"": 0, ""TN"": 0, ""FP"": 0}","{""sensitivity"": {""assigned_class_count"": 1, ""unscored_class_count"": 1, ""identification_bounds"": [0.0, 1.0], ""meaning"": ""Best/worst missing-outcome bounds, not confidence intervals; failures are not diagnostic FN/FP""}, ""specificity"": {""assigned_class_count"": 0, ""unscored_class_count"": 0, ""identification_bounds"": null, ""meaning"": ""Best/worst missing-outcome bounds, not confidence intervals; failures are not diagnostic FN/FP""}}","{""measured_patients"": 0, ""missing_patients"": 1, ""measured_subtotal"": null, ""total"": null}"
evaluation,CT,B,primary,gpt-6.1-sol,repeat1,consolidation,3,"{""numerator"": 3, ""denominator"": 3, ""estimate"": 1.0, ""ci95"": [0.4385029682449546, 1.0], ""method"": ""Wilson two-sided 95%""}","{""unscorable"": 2}",0,1,1,"{""completed"": 1}",1,"{""numerator"": 1, ""denominator"": 1, ""estimate"": 1.0, ""ci95"": [0.20654931437723745, 1.0], ""method"": ""Wilson two-sided 95%""}","{""numerator"": 1, ""denominator"": 1, ""estimate"": 1.0, ""ci95"": [0.20654931437723745, 1.0], ""method"": ""Wilson two-sided 95%""}","{""numerator"": 1, ""denominator"": 1, ""estimate"": 1.0, ""ci95"": [0.20654931437723745, 1.0], ""method"": ""Wilson two-sided 95%""}","{""numerator"": 0, ""denominator"": 0, ""estimate"": null, ""ci95"": null}","{""numerator"": 1, ""denominator"": 1, ""estimate"": 1.0, ""ci95"": [0.20654931437723745, 1.0], ""method"": ""Wilson two-sided 95%""}","{""numerator"": 0, ""denominator"": 0, ""estimate"": null, ""ci95"": null}","{""numerator"": 0, ""denominator"": 1, ""estimate"": 0.0, ""ci95"": [0.0, 0.7934506856227626], ""method"": ""Wilson two-sided 95%""}","{""TP"": 0, ""FN"": 0, ""TN"": 1, ""FP"": 0}","{""sensitivity"": {""assigned_class_count"": 0, ""unscored_class_count"": 0, ""identification_bounds"": null, ""meaning"": ""Best/worst missing-outcome bounds, not confidence intervals; failures are not diagnostic FN/FP""}, ""specificity"": {""assigned_class_count"": 1, ""unscored_class_count"": 0, ""identification_bounds"": [1.0, 1.0], ""meaning"": ""Best/worst missing-outcome bounds, not confidence intervals; failures are not diagnostic FN/FP""}}","{""measured_patients"": 0, ""missing_patients"": 1, ""measured_subtotal"": null, ""total"": null}"
evaluation,CT,B,primary,gpt-6.1-sol,repeat1,emphysema,3,"{""numerator"": 3, ""denominator"": 3, ""estimate"": 1.0, ""ci95"": [0.4385029682449546, 1.0], ""method"": ""Wilson two-sided 95%""}","{""unscorable"": 2}",1,0,1,"{""completed"": 1}",1,"{""numerator"": 1, ""denominator"": 1, ""estimate"": 1.0, ""ci95"": [0.20654931437723745, 1.0], ""method"": ""Wilson two-sided 95%""}","{""numerator"": 1, ""denominator"": 1, ""estimate"": 1.0, ""ci95"": [0.20654931437723745, 1.0], ""method"": ""Wilson two-sided 95%""}","{""numerator"": 1, ""denominator"": 1, ""estimate"": 1.0, ""ci95"": [0.20654931437723745, 1.0], ""method"": ""Wilson two-sided 95%""}","{""numerator"": 1, ""denominator"": 1, ""estimate"": 1.0, ""ci95"": [0.20654931437723745, 1.0], ""method"": ""Wilson two-sided 95%""}","{""numerator"": 0, ""denominator"": 0, ""estimate"": null, ""ci95"": null}","{""numerator"": 0, ""denominator"": 1, ""estimate"": 0.0, ""ci95"": [0.0, 0.7934506856227626], ""method"": ""Wilson two-sided 95%""}","{""numerator"": 0, ""denominator"": 0, ""estimate"": null, ""ci95"": null}","{""TP"": 1, ""FN"": 0, ""TN"": 0, ""FP"": 0}","{""sensitivity"": {""assigned_class_count"": 1, ""unscored_class_count"": 0, ""identification_bounds"": [1.0, 1.0], ""meaning"": ""Best/worst missing-outcome bounds, not confidence intervals; failures are not diagnostic FN/FP""}, ""specificity"": {""assigned_class_count"": 0, ""unscored_class_count"": 0, ""identification_bounds"": null, ""meaning"": ""Best/worst missing-outcome bounds, not confidence intervals; failures are not diagnostic FN/FP""}}","{""measured_patients"": 0, ""missing_patients"": 1, ""measured_subtotal"": null, ""total"": null}"
evaluation,CT,B,second-reader,gpt-6-astra,,pleural_effusion,10,"{""numerator"": 10, ""denominator"": 10, ""estimate"": 1.0, ""ci95"": [0.7224672001371107, 0.9999999999999999], ""method"": ""Wilson two-sided 95%""}","{""unscorable"": 4}",1,5,6,"{""completed"": 6}",6,"{""numerator"": 6, ""denominator"": 6, ""estimate"": 1.0, ""ci95"": [0.6096657120978346, 1.0], ""method"": ""Wilson two-sided 95%""}","{""numerator"": 6, ""denominator"": 6, ""estimate"": 1.0, ""ci95"": [0.6096657120978346, 1.0], ""method"": ""Wilson two-sided 95%""}","{""numerator"": 6, ""denominator"": 6, ""estimate"": 1.0, ""ci95"": [0.6096657120978346, 1.0], ""method"": ""Wilson two-sided 95%""}","{""numerator"": 1, ""denominator"": 1, ""estimate"": 1.0, ""ci95"": [0.20654931437723745, 1.0], ""method"": ""Wilson two-sided 95%""}","{""numerator"": 5, ""denominator"": 5, ""estimate"": 1.0, ""ci95"": [0.5655175352168251, 1.0], ""method"": ""Wilson two-sided 95%""}","{""numerator"": 0, ""denominator"": 1, ""estimate"": 0.0, ""ci95"": [0.0, 0.7934506856227626], ""method"": ""Wilson two-sided 95%""}","{""numerator"": 0, ""denominator"": 5, ""estimate"": 0.0, ""ci95"": [0.0, 0.43448246478317476], ""method"": ""Wilson two-sided 95%""}","{""TP"": 1, ""FN"": 0, ""TN"": 5, ""FP"": 0}","{""sensitivity"": {""assigned_class_count"": 1, ""unscored_class_count"": 0, ""identification_bounds"": [1.0, 1.0], ""meaning"": ""Best/worst missing-outcome bounds, not confidence intervals; failures are not diagnostic FN/FP""}, ""specificity"": {""assigned_class_count"": 5, ""unscored_class_count"": 0, ""identification_bounds"": [1.0, 1.0], ""meaning"": ""Best/worst missing-outcome bounds, not confidence intervals; failures are not diagnostic FN/FP""}}","{""measured_patients"": 0, ""missing_patients"": 6, ""measured_subtotal"": null, ""total"": null}"
evaluation,CT,B,second-reader,gpt-6-astra,,pulmonary_nodule,10,"{""numerator"": 10, ""denominator"": 10, ""estimate"": 1.0, ""ci95"": [0.7224672001371107, 0.9999999999999999], ""method"": ""Wilson two-sided 95%""}","{""ambiguous"": 1, ""unscorable"": 4}",5,0,5,"{""input_insufficient"": 3, ""completed"": 2}",2,"{""numerator"": 2, ""denominator"": 5, ""estimate"": 0.4, ""ci95"": [0.11762077423264783, 0.769275718723987], ""method"": ""Wilson two-sided 95%""}","{""numerator"": 1, ""denominator"": 5, ""estimate"": 0.2, ""ci95"": [0.03622410863243014, 0.6244653702374747], ""method"": ""Wilson two-sided 95%""}","{""numerator"": 1, ""denominator"": 2, ""estimate"": 0.5, ""ci95"": [0.09453120573423074, 0.9054687942657693], ""method"": ""Wilson two-sided 95%""}","{""numerator"": 1, ""denominator"": 2, ""estimate"": 0.5, ""ci95"": [0.09453120573423074, 0.9054687942657693], ""method"": ""Wilson two-sided 95%""}","{""numerator"": 0, ""denominator"": 0, ""estimate"": null, ""ci95"": null}","{""numerator"": 1, ""denominator"": 2, ""estimate"": 0.5, ""ci95"": [0.09453120573423074, 0.9054687942657693], ""method"": ""Wilson two-sided 95%""}","{""numerator"": 0, ""denominator"": 0, ""estimate"": null, ""ci95"": null}","{""TP"": 1, ""FN"": 1, ""TN"": 0, ""FP"": 0}","{""sensitivity"": {""assigned_class_count"": 5, ""unscored_class_count"": 3, ""identification_bounds"": [0.2, 0.8], ""meaning"": ""Best/worst missing-outcome bounds, not confidence intervals; failures are not diagnostic FN/FP""}, ""specificity"": {""assigned_class_count"": 0, ""unscored_class_count"": 0, ""identification_bounds"": null, ""meaning"": ""Best/worst missing-outcome bounds, not confidence intervals; failures are not diagnostic FN/FP""}}","{""measured_patients"": 0, ""missing_patients"": 5, ""measured_subtotal"": null, ""total"": null}"
evaluation,CT,B,second-reader,gpt-6-astra,,consolidation,10,"{""numerator"": 10, ""denominator"": 10, ""estimate"": 1.0, ""ci95"": [0.7224672001371107, 0.9999999999999999], ""method"": ""Wilson two-sided 95%""}","{""unscorable"": 8}",0,2,2,"{""completed"": 2}",2,"{""numerator"": 2, ""denominator"": 2, ""estimate"": 1.0, ""ci95"": [0.34238022750665303, 1.0], ""method"": ""Wilson two-sided 95%""}","{""numerator"": 2, ""denominator"": 2, ""estimate"": 1.0, ""ci95"": [0.34238022750665303, 1.0], ""method"": ""Wilson two-sided 95%""}","{""numerator"": 2, ""denominator"": 2, ""estimate"": 1.0, ""ci95"": [0.34238022750665303, 1.0], ""method"": ""Wilson two-sided 95%""}","{""numerator"": 0, ""denominator"": 0, ""estimate"": null, ""ci95"": null}","{""numerator"": 2, ""denominator"": 2, ""estimate"": 1.0, ""ci95"": [0.34238022750665303, 1.0], ""method"": ""Wilson two-sided 95%""}","{""numerator"": 0, ""denominator"": 0, ""estimate"": null, ""ci95"": null}","{""numerator"": 0, ""denominator"": 2, ""estimate"": 0.0, ""ci95"": [0.0, 0.6576197724933469], ""method"": ""Wilson two-sided 95%""}","{""TP"": 0, ""FN"": 0, ""TN"": 2, ""FP"": 0}","{""sensitivity"": {""assigned_class_count"": 0, ""unscored_class_count"": 0, ""identification_bounds"": null, ""meaning"": ""Best/worst missing-outcome bounds, not confidence intervals; failures are not diagnostic FN/FP""}, ""specificity"": {""assigned_class_count"": 2, ""unscored_class_count"": 0, ""identification_bounds"": [1.0, 1.0], ""meaning"": ""Best/worst missing-outcome bounds, not confidence intervals; failures are not diagnostic FN/FP""}}","{""measured_patients"": 0, ""missing_patients"": 2, ""measured_subtotal"": null, ""total"": null}"
evaluation,CT,B,second-reader,gpt-6-astra,,emphysema,10,"{""numerator"": 10, ""denominator"": 10, ""estimate"": 1.0, ""ci95"": [0.7224672001371107, 0.9999999999999999], ""method"": ""Wilson two-sided 95%""}","{""unscorable"": 9}",1,0,1,"{""completed"": 1}",1,"{""numerator"": 1, ""denominator"": 1, ""estimate"": 1.0, ""ci95"": [0.20654931437723745, 1.0], ""method"": ""Wilson two-sided 95%""}","{""numerator"": 1, ""denominator"": 1, ""estimate"": 1.0, ""ci95"": [0.20654931437723745, 1.0], ""method"": ""Wilson two-sided 95%""}","{""numerator"": 1, ""denominator"": 1, ""estimate"": 1.0, ""ci95"": [0.20654931437723745, 1.0], ""method"": ""Wilson two-sided 95%""}","{""numerator"": 1, ""denominator"": 1, ""estimate"": 1.0, ""ci95"": [0.20654931437723745, 1.0], ""method"": ""Wilson two-sided 95%""}","{""numerator"": 0, ""denominator"": 0, ""estimate"": null, ""ci95"": null}","{""numerator"": 0, ""denominator"": 1, ""estimate"": 0.0, ""ci95"": [0.0, 0.7934506856227626], ""method"": ""Wilson two-sided 95%""}","{""numerator"": 0, ""denominator"": 0, ""estimate"": null, ""ci95"": null}","{""TP"": 1, ""FN"": 0, ""TN"": 0, ""FP"": 0}","{""sensitivity"": {""assigned_class_count"": 1, ""unscored_class_count"": 0, ""identification_bounds"": [1.0, 1.0], ""meaning"": ""Best/worst missing-outcome bounds, not confidence intervals; failures are not diagnostic FN/FP""}, ""specificity"": {""assigned_class_count"": 0, ""unscored_class_count"": 0, ""identification_bounds"": null, ""meaning"": ""Best/worst missing-outcome bounds, not confidence intervals; failures are not diagnostic FN/FP""}}","{""measured_patients"": 0, ""missing_patients"": 1, ""measured_subtotal"": null, ""total"": null}"
evaluation,CT,B,second-reader,gpt-6-luna,,pleural_effusion,10,"{""numerator"": 10, ""denominator"": 10, ""estimate"": 1.0, ""ci95"": [0.7224672001371107, 0.9999999999999999], ""method"": ""Wilson two-sided 95%""}","{""unscorable"": 4}",1,5,6,"{""completed"": 6}",6,"{""numerator"": 6, ""denominator"": 6, ""estimate"": 1.0, ""ci95"": [0.6096657120978346, 1.0], ""method"": ""Wilson two-sided 95%""}","{""numerator"": 6, ""denominator"": 6, ""estimate"": 1.0, ""ci95"": [0.6096657120978346, 1.0], ""method"": ""Wilson two-sided 95%""}","{""numerator"": 6, ""denominator"": 6, ""estimate"": 1.0, ""ci95"": [0.6096657120978346, 1.0], ""method"": ""Wilson two-sided 95%""}","{""numerator"": 1, ""denominator"": 1, ""estimate"": 1.0, ""ci95"": [0.20654931437723745, 1.0], ""method"": ""Wilson two-sided 95%""}","{""numerator"": 5, ""denominator"": 5, ""estimate"": 1.0, ""ci95"": [0.5655175352168251, 1.0], ""method"": ""Wilson two-sided 95%""}","{""numerator"": 0, ""denominator"": 1, ""estimate"": 0.0, ""ci95"": [0.0, 0.7934506856227626], ""method"": ""Wilson two-sided 95%""}","{""numerator"": 0, ""denominator"": 5, ""estimate"": 0.0, ""ci95"": [0.0, 0.43448246478317476], ""method"": ""Wilson two-sided 95%""}","{""TP"": 1, ""FN"": 0, ""TN"": 5, ""FP"": 0}","{""sensitivity"": {""assigned_class_count"": 1, ""unscored_class_count"": 0, ""identification_bounds"": [1.0, 1.0], ""meaning"": ""Best/worst missing-outcome bounds, not confidence intervals; failures are not diagnostic FN/FP""}, ""specificity"": {""assigned_class_count"": 5, ""unscored_class_count"": 0, ""identification_bounds"": [1.0, 1.0], ""meaning"": ""Best/worst missing-outcome bounds, not confidence intervals; failures are not diagnostic FN/FP""}}","{""measured_patients"": 0, ""missing_patients"": 6, ""measured_subtotal"": null, ""total"": null}"
evaluation,CT,B,second-reader,gpt-6-luna,,pulmonary_nodule,10,"{""numerator"": 10, ""denominator"": 10, ""estimate"": 1.0, ""ci95"": [0.7224672001371107, 0.9999999999999999], ""method"": ""Wilson two-sided 95%""}","{""ambiguous"": 1, ""unscorable"": 4}",5,0,5,"{""input_insufficient"": 3, ""abstained"": 1, ""completed"": 1}",1,"{""numerator"": 1, ""denominator"": 5, ""estimate"": 0.2, ""ci95"": [0.03622410863243014, 0.6244653702374747], ""method"": ""Wilson two-sided 95%""}","{""numerator"": 0, ""denominator"": 5, ""estimate"": 0.0, ""ci95"": [0.0, 0.43448246478317476], ""method"": ""Wilson two-sided 95%""}","{""numerator"": 0, ""denominator"": 1, ""estimate"": 0.0, ""ci95"": [0.0, 0.7934506856227626], ""method"": ""Wilson two-sided 95%""}","{""numerator"": 0, ""denominator"": 1, ""estimate"": 0.0, ""ci95"": [0.0, 0.7934506856227626], ""method"": ""Wilson two-sided 95%""}","{""numerator"": 0, ""denominator"": 0, ""estimate"": null, ""ci95"": null}","{""numerator"": 1, ""denominator"": 1, ""estimate"": 1.0, ""ci95"": [0.20654931437723745, 1.0], ""method"": ""Wilson two-sided 95%""}","{""numerator"": 0, ""denominator"": 0, ""estimate"": null, ""ci95"": null}","{""TP"": 0, ""FN"": 1, ""TN"": 0, ""FP"": 0}","{""sensitivity"": {""assigned_class_count"": 5, ""unscored_class_count"": 4, ""identification_bounds"": [0.0, 0.8], ""meaning"": ""Best/worst missing-outcome bounds, not confidence intervals; failures are not diagnostic FN/FP""}, ""specificity"": {""assigned_class_count"": 0, ""unscored_class_count"": 0, ""identification_bounds"": null, ""meaning"": ""Best/worst missing-outcome bounds, not confidence intervals; failures are not diagnostic FN/FP""}}","{""measured_patients"": 0, ""missing_patients"": 5, ""measured_subtotal"": null, ""total"": null}"
evaluation,CT,B,second-reader,gpt-6-luna,,consolidation,10,"{""numerator"": 10, ""denominator"": 10, ""estimate"": 1.0, ""ci95"": [0.7224672001371107, 0.9999999999999999], ""method"": ""Wilson two-sided 95%""}","{""unscorable"": 8}",0,2,2,"{""completed"": 2}",2,"{""numerator"": 2, ""denominator"": 2, ""estimate"": 1.0, ""ci95"": [0.34238022750665303, 1.0], ""method"": ""Wilson two-sided 95%""}","{""numerator"": 2, ""denominator"": 2, ""estimate"": 1.0, ""ci95"": [0.34238022750665303, 1.0], ""method"": ""Wilson two-sided 95%""}","{""numerator"": 2, ""denominator"": 2, ""estimate"": 1.0, ""ci95"": [0.34238022750665303, 1.0], ""method"": ""Wilson two-sided 95%""}","{""numerator"": 0, ""denominator"": 0, ""estimate"": null, ""ci95"": null}","{""numerator"": 2, ""denominator"": 2, ""estimate"": 1.0, ""ci95"": [0.34238022750665303, 1.0], ""method"": ""Wilson two-sided 95%""}","{""numerator"": 0, ""denominator"": 0, ""estimate"": null, ""ci95"": null}","{""numerator"": 0, ""denominator"": 2, ""estimate"": 0.0, ""ci95"": [0.0, 0.6576197724933469], ""method"": ""Wilson two-sided 95%""}","{""TP"": 0, ""FN"": 0, ""TN"": 2, ""FP"": 0}","{""sensitivity"": {""assigned_class_count"": 0, ""unscored_class_count"": 0, ""identification_bounds"": null, ""meaning"": ""Best/worst missing-outcome bounds, not confidence intervals; failures are not diagnostic FN/FP""}, ""specificity"": {""assigned_class_count"": 2, ""unscored_class_count"": 0, ""identification_bounds"": [1.0, 1.0], ""meaning"": ""Best/worst missing-outcome bounds, not confidence intervals; failures are not diagnostic FN/FP""}}","{""measured_patients"": 0, ""missing_patients"": 2, ""measured_subtotal"": null, ""total"": null}"
evaluation,CT,B,second-reader,gpt-6-luna,,emphysema,10,"{""numerator"": 10, ""denominator"": 10, ""estimate"": 1.0, ""ci95"": [0.7224672001371107, 0.9999999999999999], ""method"": ""Wilson two-sided 95%""}","{""unscorable"": 9}",1,0,1,"{""completed"": 1}",1,"{""numerator"": 1, ""denominator"": 1, ""estimate"": 1.0, ""ci95"": [0.20654931437723745, 1.0], ""method"": ""Wilson two-sided 95%""}","{""numerator"": 0, ""denominator"": 1, ""estimate"": 0.0, ""ci95"": [0.0, 0.7934506856227626], ""method"": ""Wilson two-sided 95%""}","{""numerator"": 0, ""denominator"": 1, ""estimate"": 0.0, ""ci95"": [0.0, 0.7934506856227626], ""method"": ""Wilson two-sided 95%""}","{""numerator"": 0, ""denominator"": 1, ""estimate"": 0.0, ""ci95"": [0.0, 0.7934506856227626], ""method"": ""Wilson two-sided 95%""}","{""numerator"": 0, ""denominator"": 0, ""estimate"": null, ""ci95"": null}","{""numerator"": 1, ""denominator"": 1, ""estimate"": 1.0, ""ci95"": [0.20654931437723745, 1.0], ""method"": ""Wilson two-sided 95%""}","{""numerator"": 0, ""denominator"": 0, ""estimate"": null, ""ci95"": null}","{""TP"": 0, ""FN"": 1, ""TN"": 0, ""FP"": 0}","{""sensitivity"": {""assigned_class_count"": 1, ""unscored_class_count"": 0, ""identification_bounds"": [0.0, 0.0], ""meaning"": ""Best/worst missing-outcome bounds, not confidence intervals; failures are not diagnostic FN/FP""}, ""specificity"": {""assigned_class_count"": 0, ""unscored_class_count"": 0, ""identification_bounds"": null, ""meaning"": ""Best/worst missing-outcome bounds, not confidence intervals; failures are not diagnostic FN/FP""}}","{""measured_patients"": 0, ""missing_patients"": 1, ""measured_subtotal"": null, ""total"": null}"
evaluation,CT,B,second-reader,gpt-6.1-sol,,pleural_effusion,10,"{""numerator"": 10, ""denominator"": 10, ""estimate"": 1.0, ""ci95"": [0.7224672001371107, 0.9999999999999999], ""method"": ""Wilson two-sided 95%""}","{""unscorable"": 4}",1,5,6,"{""completed"": 6}",6,"{""numerator"": 6, ""denominator"": 6, ""estimate"": 1.0, ""ci95"": [0.6096657120978346, 1.0], ""method"": ""Wilson two-sided 95%""}","{""numerator"": 6, ""denominator"": 6, ""estimate"": 1.0, ""ci95"": [0.6096657120978346, 1.0], ""method"": ""Wilson two-sided 95%""}","{""numerator"": 6, ""denominator"": 6, ""estimate"": 1.0, ""ci95"": [0.6096657120978346, 1.0], ""method"": ""Wilson two-sided 95%""}","{""numerator"": 1, ""denominator"": 1, ""estimate"": 1.0, ""ci95"": [0.20654931437723745, 1.0], ""method"": ""Wilson two-sided 95%""}","{""numerator"": 5, ""denominator"": 5, ""estimate"": 1.0, ""ci95"": [0.5655175352168251, 1.0], ""method"": ""Wilson two-sided 95%""}","{""numerator"": 0, ""denominator"": 1, ""estimate"": 0.0, ""ci95"": [0.0, 0.7934506856227626], ""method"": ""Wilson two-sided 95%""}","{""numerator"": 0, ""denominator"": 5, ""estimate"": 0.0, ""ci95"": [0.0, 0.43448246478317476], ""method"": ""Wilson two-sided 95%""}","{""TP"": 1, ""FN"": 0, ""TN"": 5, ""FP"": 0}","{""sensitivity"": {""assigned_class_count"": 1, ""unscored_class_count"": 0, ""identification_bounds"": [1.0, 1.0], ""meaning"": ""Best/worst missing-outcome bounds, not confidence intervals; failures are not diagnostic FN/FP""}, ""specificity"": {""assigned_class_count"": 5, ""unscored_class_count"": 0, ""identification_bounds"": [1.0, 1.0], ""meaning"": ""Best/worst missing-outcome bounds, not confidence intervals; failures are not diagnostic FN/FP""}}","{""measured_patients"": 0, ""missing_patients"": 6, ""measured_subtotal"": null, ""total"": null}"
evaluation,CT,B,second-reader,gpt-6.1-sol,,pulmonary_nodule,10,"{""numerator"": 10, ""denominator"": 10, ""estimate"": 1.0, ""ci95"": [0.7224672001371107, 0.9999999999999999], ""method"": ""Wilson two-sided 95%""}","{""ambiguous"": 1, ""unscorable"": 4}",5,0,5,"{""input_insufficient"": 2, ""completed"": 3}",3,"{""numerator"": 3, ""denominator"": 5, ""estimate"": 0.6, ""ci95"": [0.2307242812760128, 0.882379225767352], ""method"": ""Wilson two-sided 95%""}","{""numerator"": 1, ""denominator"": 5, ""estimate"": 0.2, ""ci95"": [0.03622410863243014, 0.6244653702374747], ""method"": ""Wilson two-sided 95%""}","{""numerator"": 1, ""denominator"": 3, ""estimate"": 0.3333333333333333, ""ci95"": [0.06149194472039621, 0.7923403991979522], ""method"": ""Wilson two-sided 95%""}","{""numerator"": 1, ""denominator"": 3, ""estimate"": 0.3333333333333333, ""ci95"": [0.06149194472039621, 0.7923403991979522], ""method"": ""Wilson two-sided 95%""}","{""numerator"": 0, ""denominator"": 0, ""estimate"": null, ""ci95"": null}","{""numerator"": 2, ""denominator"": 3, ""estimate"": 0.6666666666666666, ""ci95"": [0.2076596008020477, 0.9385080552796037], ""method"": ""Wilson two-sided 95%""}","{""numerator"": 0, ""denominator"": 0, ""estimate"": null, ""ci95"": null}","{""TP"": 1, ""FN"": 2, ""TN"": 0, ""FP"": 0}","{""sensitivity"": {""assigned_class_count"": 5, ""unscored_class_count"": 2, ""identification_bounds"": [0.2, 0.6], ""meaning"": ""Best/worst missing-outcome bounds, not confidence intervals; failures are not diagnostic FN/FP""}, ""specificity"": {""assigned_class_count"": 0, ""unscored_class_count"": 0, ""identification_bounds"": null, ""meaning"": ""Best/worst missing-outcome bounds, not confidence intervals; failures are not diagnostic FN/FP""}}","{""measured_patients"": 0, ""missing_patients"": 5, ""measured_subtotal"": null, ""total"": null}"
evaluation,CT,B,second-reader,gpt-6.1-sol,,consolidation,10,"{""numerator"": 10, ""denominator"": 10, ""estimate"": 1.0, ""ci95"": [0.7224672001371107, 0.9999999999999999], ""method"": ""Wilson two-sided 95%""}","{""unscorable"": 8}",0,2,2,"{""completed"": 2}",2,"{""numerator"": 2, ""denominator"": 2, ""estimate"": 1.0, ""ci95"": [0.34238022750665303, 1.0], ""method"": ""Wilson two-sided 95%""}","{""numerator"": 2, ""denominator"": 2, ""estimate"": 1.0, ""ci95"": [0.34238022750665303, 1.0], ""method"": ""Wilson two-sided 95%""}","{""numerator"": 2, ""denominator"": 2, ""estimate"": 1.0, ""ci95"": [0.34238022750665303, 1.0], ""method"": ""Wilson two-sided 95%""}","{""numerator"": 0, ""denominator"": 0, ""estimate"": null, ""ci95"": null}","{""numerator"": 2, ""denominator"": 2, ""estimate"": 1.0, ""ci95"": [0.34238022750665303, 1.0], ""method"": ""Wilson two-sided 95%""}","{""numerator"": 0, ""denominator"": 0, ""estimate"": null, ""ci95"": null}","{""numerator"": 0, ""denominator"": 2, ""estimate"": 0.0, ""ci95"": [0.0, 0.6576197724933469], ""method"": ""Wilson two-sided 95%""}","{""TP"": 0, ""FN"": 0, ""TN"": 2, ""FP"": 0}","{""sensitivity"": {""assigned_class_count"": 0, ""unscored_class_count"": 0, ""identification_bounds"": null, ""meaning"": ""Best/worst missing-outcome bounds, not confidence intervals; failures are not diagnostic FN/FP""}, ""specificity"": {""assigned_class_count"": 2, ""unscored_class_count"": 0, ""identification_bounds"": [1.0, 1.0], ""meaning"": ""Best/worst missing-outcome bounds, not confidence intervals; failures are not diagnostic FN/FP""}}","{""measured_patients"": 0, ""missing_patients"": 2, ""measured_subtotal"": null, ""total"": null}"
evaluation,CT,B,second-reader,gpt-6.1-sol,,emphysema,10,"{""numerator"": 10, ""denominator"": 10, ""estimate"": 1.0, ""ci95"": [0.7224672001371107, 0.9999999999999999], ""method"": ""Wilson two-sided 95%""}","{""unscorable"": 9}",1,0,1,"{""completed"": 1}",1,"{""numerator"": 1, ""denominator"": 1, ""estimate"": 1.0, ""ci95"": [0.20654931437723745, 1.0], ""method"": ""Wilson two-sided 95%""}","{""numerator"": 1, ""denominator"": 1, ""estimate"": 1.0, ""ci95"": [0.20654931437723745, 1.0], ""method"": ""Wilson two-sided 95%""}","{""numerator"": 1, ""denominator"": 1, ""estimate"": 1.0, ""ci95"": [0.20654931437723745, 1.0], ""method"": ""Wilson two-sided 95%""}","{""numerator"": 1, ""denominator"": 1, ""estimate"": 1.0, ""ci95"": [0.20654931437723745, 1.0], ""method"": ""Wilson two-sided 95%""}","{""numerator"": 0, ""denominator"": 0, ""estimate"": null, ""ci95"": null}","{""numerator"": 0, ""denominator"": 1, ""estimate"": 0.0, ""ci95"": [0.0, 0.7934506856227626], ""method"": ""Wilson two-sided 95%""}","{""numerator"": 0, ""denominator"": 0, ""estimate"": null, ""ci95"": null}","{""TP"": 1, ""FN"": 0, ""TN"": 0, ""FP"": 0}","{""sensitivity"": {""assigned_class_count"": 1, ""unscored_class_count"": 0, ""identification_bounds"": [1.0, 1.0], ""meaning"": ""Best/worst missing-outcome bounds, not confidence intervals; failures are not diagnostic FN/FP""}, ""specificity"": {""assigned_class_count"": 0, ""unscored_class_count"": 0, ""identification_bounds"": null, ""meaning"": ""Best/worst missing-outcome bounds, not confidence intervals; failures are not diagnostic FN/FP""}}","{""measured_patients"": 0, ""missing_patients"": 1, ""measured_subtotal"": null, ""total"": null}"
evaluation,CT,B,self-review,gpt-6-astra,,pleural_effusion,3,"{""numerator"": 3, ""denominator"": 3, ""estimate"": 1.0, ""ci95"": [0.4385029682449546, 1.0], ""method"": ""Wilson two-sided 95%""}","{""unscorable"": 1}",0,2,2,"{""completed"": 2}",2,"{""numerator"": 2, ""denominator"": 2, ""estimate"": 1.0, ""ci95"": [0.34238022750665303, 1.0], ""method"": ""Wilson two-sided 95%""}","{""numerator"": 2, ""denominator"": 2, ""estimate"": 1.0, ""ci95"": [0.34238022750665303, 1.0], ""method"": ""Wilson two-sided 95%""}","{""numerator"": 2, ""denominator"": 2, ""estimate"": 1.0, ""ci95"": [0.34238022750665303, 1.0], ""method"": ""Wilson two-sided 95%""}","{""numerator"": 0, ""denominator"": 0, ""estimate"": null, ""ci95"": null}","{""numerator"": 2, ""denominator"": 2, ""estimate"": 1.0, ""ci95"": [0.34238022750665303, 1.0], ""method"": ""Wilson two-sided 95%""}","{""numerator"": 0, ""denominator"": 0, ""estimate"": null, ""ci95"": null}","{""numerator"": 0, ""denominator"": 2, ""estimate"": 0.0, ""ci95"": [0.0, 0.6576197724933469], ""method"": ""Wilson two-sided 95%""}","{""TP"": 0, ""FN"": 0, ""TN"": 2, ""FP"": 0}","{""sensitivity"": {""assigned_class_count"": 0, ""unscored_class_count"": 0, ""identification_bounds"": null, ""meaning"": ""Best/worst missing-outcome bounds, not confidence intervals; failures are not diagnostic FN/FP""}, ""specificity"": {""assigned_class_count"": 2, ""unscored_class_count"": 0, ""identification_bounds"": [1.0, 1.0], ""meaning"": ""Best/worst missing-outcome bounds, not confidence intervals; failures are not diagnostic FN/FP""}}","{""measured_patients"": 0, ""missing_patients"": 2, ""measured_subtotal"": null, ""total"": null}"
evaluation,CT,B,self-review,gpt-6-astra,,pulmonary_nodule,3,"{""numerator"": 3, ""denominator"": 3, ""estimate"": 1.0, ""ci95"": [0.4385029682449546, 1.0], ""method"": ""Wilson two-sided 95%""}","{""ambiguous"": 1, ""unscorable"": 1}",1,0,1,"{""input_insufficient"": 1}",0,"{""numerator"": 0, ""denominator"": 1, ""estimate"": 0.0, ""ci95"": [0.0, 0.7934506856227626], ""method"": ""Wilson two-sided 95%""}","{""numerator"": 0, ""denominator"": 1, ""estimate"": 0.0, ""ci95"": [0.0, 0.7934506856227626], ""method"": ""Wilson two-sided 95%""}","{""numerator"": 0, ""denominator"": 0, ""estimate"": null, ""ci95"": null}","{""numerator"": 0, ""denominator"": 0, ""estimate"": null, ""ci95"": null}","{""numerator"": 0, ""denominator"": 0, ""estimate"": null, ""ci95"": null}","{""numerator"": 0, ""denominator"": 0, ""estimate"": null, ""ci95"": null}","{""numerator"": 0, ""denominator"": 0, ""estimate"": null, ""ci95"": null}","{""TP"": 0, ""FN"": 0, ""TN"": 0, ""FP"": 0}","{""sensitivity"": {""assigned_class_count"": 1, ""unscored_class_count"": 1, ""identification_bounds"": [0.0, 1.0], ""meaning"": ""Best/worst missing-outcome bounds, not confidence intervals; failures are not diagnostic FN/FP""}, ""specificity"": {""assigned_class_count"": 0, ""unscored_class_count"": 0, ""identification_bounds"": null, ""meaning"": ""Best/worst missing-outcome bounds, not confidence intervals; failures are not diagnostic FN/FP""}}","{""measured_patients"": 0, ""missing_patients"": 1, ""measured_subtotal"": null, ""total"": null}"
evaluation,CT,B,self-review,gpt-6-astra,,consolidation,3,"{""numerator"": 3, ""denominator"": 3, ""estimate"": 1.0, ""ci95"": [0.4385029682449546, 1.0], ""method"": ""Wilson two-sided 95%""}","{""unscorable"": 2}",0,1,1,"{""completed"": 1}",1,"{""numerator"": 1, ""denominator"": 1, ""estimate"": 1.0, ""ci95"": [0.20654931437723745, 1.0], ""method"": ""Wilson two-sided 95%""}","{""numerator"": 1, ""denominator"": 1, ""estimate"": 1.0, ""ci95"": [0.20654931437723745, 1.0], ""method"": ""Wilson two-sided 95%""}","{""numerator"": 1, ""denominator"": 1, ""estimate"": 1.0, ""ci95"": [0.20654931437723745, 1.0], ""method"": ""Wilson two-sided 95%""}","{""numerator"": 0, ""denominator"": 0, ""estimate"": null, ""ci95"": null}","{""numerator"": 1, ""denominator"": 1, ""estimate"": 1.0, ""ci95"": [0.20654931437723745, 1.0], ""method"": ""Wilson two-sided 95%""}","{""numerator"": 0, ""denominator"": 0, ""estimate"": null, ""ci95"": null}","{""numerator"": 0, ""denominator"": 1, ""estimate"": 0.0, ""ci95"": [0.0, 0.7934506856227626], ""method"": ""Wilson two-sided 95%""}","{""TP"": 0, ""FN"": 0, ""TN"": 1, ""FP"": 0}","{""sensitivity"": {""assigned_class_count"": 0, ""unscored_class_count"": 0, ""identification_bounds"": null, ""meaning"": ""Best/worst missing-outcome bounds, not confidence intervals; failures are not diagnostic FN/FP""}, ""specificity"": {""assigned_class_count"": 1, ""unscored_class_count"": 0, ""identification_bounds"": [1.0, 1.0], ""meaning"": ""Best/worst missing-outcome bounds, not confidence intervals; failures are not diagnostic FN/FP""}}","{""measured_patients"": 0, ""missing_patients"": 1, ""measured_subtotal"": null, ""total"": null}"
evaluation,CT,B,self-review,gpt-6-astra,,emphysema,3,"{""numerator"": 3, ""denominator"": 3, ""estimate"": 1.0, ""ci95"": [0.4385029682449546, 1.0], ""method"": ""Wilson two-sided 95%""}","{""unscorable"": 2}",1,0,1,"{""completed"": 1}",1,"{""numerator"": 1, ""denominator"": 1, ""estimate"": 1.0, ""ci95"": [0.20654931437723745, 1.0], ""method"": ""Wilson two-sided 95%""}","{""numerator"": 1, ""denominator"": 1, ""estimate"": 1.0, ""ci95"": [0.20654931437723745, 1.0], ""method"": ""Wilson two-sided 95%""}","{""numerator"": 1, ""denominator"": 1, ""estimate"": 1.0, ""ci95"": [0.20654931437723745, 1.0], ""method"": ""Wilson two-sided 95%""}","{""numerator"": 1, ""denominator"": 1, ""estimate"": 1.0, ""ci95"": [0.20654931437723745, 1.0], ""method"": ""Wilson two-sided 95%""}","{""numerator"": 0, ""denominator"": 0, ""estimate"": null, ""ci95"": null}","{""numerator"": 0, ""denominator"": 1, ""estimate"": 0.0, ""ci95"": [0.0, 0.7934506856227626], ""method"": ""Wilson two-sided 95%""}","{""numerator"": 0, ""denominator"": 0, ""estimate"": null, ""ci95"": null}","{""TP"": 1, ""FN"": 0, ""TN"": 0, ""FP"": 0}","{""sensitivity"": {""assigned_class_count"": 1, ""unscored_class_count"": 0, ""identification_bounds"": [1.0, 1.0], ""meaning"": ""Best/worst missing-outcome bounds, not confidence intervals; failures are not diagnostic FN/FP""}, ""specificity"": {""assigned_class_count"": 0, ""unscored_class_count"": 0, ""identification_bounds"": null, ""meaning"": ""Best/worst missing-outcome bounds, not confidence intervals; failures are not diagnostic FN/FP""}}","{""measured_patients"": 0, ""missing_patients"": 1, ""measured_subtotal"": null, ""total"": null}"
evaluation,CT,B,self-review,gpt-6-luna,,pleural_effusion,3,"{""numerator"": 3, ""denominator"": 3, ""estimate"": 1.0, ""ci95"": [0.4385029682449546, 1.0], ""method"": ""Wilson two-sided 95%""}","{""unscorable"": 1}",0,2,2,"{""completed"": 2}",2,"{""numerator"": 2, ""denominator"": 2, ""estimate"": 1.0, ""ci95"": [0.34238022750665303, 1.0], ""method"": ""Wilson two-sided 95%""}","{""numerator"": 2, ""denominator"": 2, ""estimate"": 1.0, ""ci95"": [0.34238022750665303, 1.0], ""method"": ""Wilson two-sided 95%""}","{""numerator"": 2, ""denominator"": 2, ""estimate"": 1.0, ""ci95"": [0.34238022750665303, 1.0], ""method"": ""Wilson two-sided 95%""}","{""numerator"": 0, ""denominator"": 0, ""estimate"": null, ""ci95"": null}","{""numerator"": 2, ""denominator"": 2, ""estimate"": 1.0, ""ci95"": [0.34238022750665303, 1.0], ""method"": ""Wilson two-sided 95%""}","{""numerator"": 0, ""denominator"": 0, ""estimate"": null, ""ci95"": null}","{""numerator"": 0, ""denominator"": 2, ""estimate"": 0.0, ""ci95"": [0.0, 0.6576197724933469], ""method"": ""Wilson two-sided 95%""}","{""TP"": 0, ""FN"": 0, ""TN"": 2, ""FP"": 0}","{""sensitivity"": {""assigned_class_count"": 0, ""unscored_class_count"": 0, ""identification_bounds"": null, ""meaning"": ""Best/worst missing-outcome bounds, not confidence intervals; failures are not diagnostic FN/FP""}, ""specificity"": {""assigned_class_count"": 2, ""unscored_class_count"": 0, ""identification_bounds"": [1.0, 1.0], ""meaning"": ""Best/worst missing-outcome bounds, not confidence intervals; failures are not diagnostic FN/FP""}}","{""measured_patients"": 0, ""missing_patients"": 2, ""measured_subtotal"": null, ""total"": null}"
evaluation,CT,B,self-review,gpt-6-luna,,pulmonary_nodule,3,"{""numerator"": 3, ""denominator"": 3, ""estimate"": 1.0, ""ci95"": [0.4385029682449546, 1.0], ""method"": ""Wilson two-sided 95%""}","{""ambiguous"": 1, ""unscorable"": 1}",1,0,1,"{""input_insufficient"": 1}",0,"{""numerator"": 0, ""denominator"": 1, ""estimate"": 0.0, ""ci95"": [0.0, 0.7934506856227626], ""method"": ""Wilson two-sided 95%""}","{""numerator"": 0, ""denominator"": 1, ""estimate"": 0.0, ""ci95"": [0.0, 0.7934506856227626], ""method"": ""Wilson two-sided 95%""}","{""numerator"": 0, ""denominator"": 0, ""estimate"": null, ""ci95"": null}","{""numerator"": 0, ""denominator"": 0, ""estimate"": null, ""ci95"": null}","{""numerator"": 0, ""denominator"": 0, ""estimate"": null, ""ci95"": null}","{""numerator"": 0, ""denominator"": 0, ""estimate"": null, ""ci95"": null}","{""numerator"": 0, ""denominator"": 0, ""estimate"": null, ""ci95"": null}","{""TP"": 0, ""FN"": 0, ""TN"": 0, ""FP"": 0}","{""sensitivity"": {""assigned_class_count"": 1, ""unscored_class_count"": 1, ""identification_bounds"": [0.0, 1.0], ""meaning"": ""Best/worst missing-outcome bounds, not confidence intervals; failures are not diagnostic FN/FP""}, ""specificity"": {""assigned_class_count"": 0, ""unscored_class_count"": 0, ""identification_bounds"": null, ""meaning"": ""Best/worst missing-outcome bounds, not confidence intervals; failures are not diagnostic FN/FP""}}","{""measured_patients"": 0, ""missing_patients"": 1, ""measured_subtotal"": null, ""total"": null}"
evaluation,CT,B,self-review,gpt-6-luna,,consolidation,3,"{""numerator"": 3, ""denominator"": 3, ""estimate"": 1.0, ""ci95"": [0.4385029682449546, 1.0], ""method"": ""Wilson two-sided 95%""}","{""unscorable"": 2}",0,1,1,"{""completed"": 1}",1,"{""numerator"": 1, ""denominator"": 1, ""estimate"": 1.0, ""ci95"": [0.20654931437723745, 1.0], ""method"": ""Wilson two-sided 95%""}","{""numerator"": 1, ""denominator"": 1, ""estimate"": 1.0, ""ci95"": [0.20654931437723745, 1.0], ""method"": ""Wilson two-sided 95%""}","{""numerator"": 1, ""denominator"": 1, ""estimate"": 1.0, ""ci95"": [0.20654931437723745, 1.0], ""method"": ""Wilson two-sided 95%""}","{""numerator"": 0, ""denominator"": 0, ""estimate"": null, ""ci95"": null}","{""numerator"": 1, ""denominator"": 1, ""estimate"": 1.0, ""ci95"": [0.20654931437723745, 1.0], ""method"": ""Wilson two-sided 95%""}","{""numerator"": 0, ""denominator"": 0, ""estimate"": null, ""ci95"": null}","{""numerator"": 0, ""denominator"": 1, ""estimate"": 0.0, ""ci95"": [0.0, 0.7934506856227626], ""method"": ""Wilson two-sided 95%""}","{""TP"": 0, ""FN"": 0, ""TN"": 1, ""FP"": 0}","{""sensitivity"": {""assigned_class_count"": 0, ""unscored_class_count"": 0, ""identification_bounds"": null, ""meaning"": ""Best/worst missing-outcome bounds, not confidence intervals; failures are not diagnostic FN/FP""}, ""specificity"": {""assigned_class_count"": 1, ""unscored_class_count"": 0, ""identification_bounds"": [1.0, 1.0], ""meaning"": ""Best/worst missing-outcome bounds, not confidence intervals; failures are not diagnostic FN/FP""}}","{""measured_patients"": 0, ""missing_patients"": 1, ""measured_subtotal"": null, ""total"": null}"
evaluation,CT,B,self-review,gpt-6-luna,,emphysema,3,"{""numerator"": 3, ""denominator"": 3, ""estimate"": 1.0, ""ci95"": [0.4385029682449546, 1.0], ""method"": ""Wilson two-sided 95%""}","{""unscorable"": 2}",1,0,1,"{""completed"": 1}",1,"{""numerator"": 1, ""denominator"": 1, ""estimate"": 1.0, ""ci95"": [0.20654931437723745, 1.0], ""method"": ""Wilson two-sided 95%""}","{""numerator"": 0, ""denominator"": 1, ""estimate"": 0.0, ""ci95"": [0.0, 0.7934506856227626], ""method"": ""Wilson two-sided 95%""}","{""numerator"": 0, ""denominator"": 1, ""estimate"": 0.0, ""ci95"": [0.0, 0.7934506856227626], ""method"": ""Wilson two-sided 95%""}","{""numerator"": 0, ""denominator"": 1, ""estimate"": 0.0, ""ci95"": [0.0, 0.7934506856227626], ""method"": ""Wilson two-sided 95%""}","{""numerator"": 0, ""denominator"": 0, ""estimate"": null, ""ci95"": null}","{""numerator"": 1, ""denominator"": 1, ""estimate"": 1.0, ""ci95"": [0.20654931437723745, 1.0], ""method"": ""Wilson two-sided 95%""}","{""numerator"": 0, ""denominator"": 0, ""estimate"": null, ""ci95"": null}","{""TP"": 0, ""FN"": 1, ""TN"": 0, ""FP"": 0}","{""sensitivity"": {""assigned_class_count"": 1, ""unscored_class_count"": 0, ""identification_bounds"": [0.0, 0.0], ""meaning"": ""Best/worst missing-outcome bounds, not confidence intervals; failures are not diagnostic FN/FP""}, ""specificity"": {""assigned_class_count"": 0, ""unscored_class_count"": 0, ""identification_bounds"": null, ""meaning"": ""Best/worst missing-outcome bounds, not confidence intervals; failures are not diagnostic FN/FP""}}","{""measured_patients"": 0, ""missing_patients"": 1, ""measured_subtotal"": null, ""total"": null}"
evaluation,CT,B,self-review,gpt-6.1-sol,,pleural_effusion,3,"{""numerator"": 3, ""denominator"": 3, ""estimate"": 1.0, ""ci95"": [0.4385029682449546, 1.0], ""method"": ""Wilson two-sided 95%""}","{""unscorable"": 1}",0,2,2,"{""completed"": 2}",2,"{""numerator"": 2, ""denominator"": 2, ""estimate"": 1.0, ""ci95"": [0.34238022750665303, 1.0], ""method"": ""Wilson two-sided 95%""}","{""numerator"": 2, ""denominator"": 2, ""estimate"": 1.0, ""ci95"": [0.34238022750665303, 1.0], ""method"": ""Wilson two-sided 95%""}","{""numerator"": 2, ""denominator"": 2, ""estimate"": 1.0, ""ci95"": [0.34238022750665303, 1.0], ""method"": ""Wilson two-sided 95%""}","{""numerator"": 0, ""denominator"": 0, ""estimate"": null, ""ci95"": null}","{""numerator"": 2, ""denominator"": 2, ""estimate"": 1.0, ""ci95"": [0.34238022750665303, 1.0], ""method"": ""Wilson two-sided 95%""}","{""numerator"": 0, ""denominator"": 0, ""estimate"": null, ""ci95"": null}","{""numerator"": 0, ""denominator"": 2, ""estimate"": 0.0, ""ci95"": [0.0, 0.6576197724933469], ""method"": ""Wilson two-sided 95%""}","{""TP"": 0, ""FN"": 0, ""TN"": 2, ""FP"": 0}","{""sensitivity"": {""assigned_class_count"": 0, ""unscored_class_count"": 0, ""identification_bounds"": null, ""meaning"": ""Best/worst missing-outcome bounds, not confidence intervals; failures are not diagnostic FN/FP""}, ""specificity"": {""assigned_class_count"": 2, ""unscored_class_count"": 0, ""identification_bounds"": [1.0, 1.0], ""meaning"": ""Best/worst missing-outcome bounds, not confidence intervals; failures are not diagnostic FN/FP""}}","{""measured_patients"": 0, ""missing_patients"": 2, ""measured_subtotal"": null, ""total"": null}"
evaluation,CT,B,self-review,gpt-6.1-sol,,pulmonary_nodule,3,"{""numerator"": 3, ""denominator"": 3, ""estimate"": 1.0, ""ci95"": [0.4385029682449546, 1.0], ""method"": ""Wilson two-sided 95%""}","{""ambiguous"": 1, ""unscorable"": 1}",1,0,1,"{""abstained"": 1}",0,"{""numerator"": 0, ""denominator"": 1, ""estimate"": 0.0, ""ci95"": [0.0, 0.7934506856227626], ""method"": ""Wilson two-sided 95%""}","{""numerator"": 0, ""denominator"": 1, ""estimate"": 0.0, ""ci95"": [0.0, 0.7934506856227626], ""method"": ""Wilson two-sided 95%""}","{""numerator"": 0, ""denominator"": 0, ""estimate"": null, ""ci95"": null}","{""numerator"": 0, ""denominator"": 0, ""estimate"": null, ""ci95"": null}","{""numerator"": 0, ""denominator"": 0, ""estimate"": null, ""ci95"": null}","{""numerator"": 0, ""denominator"": 0, ""estimate"": null, ""ci95"": null}","{""numerator"": 0, ""denominator"": 0, ""estimate"": null, ""ci95"": null}","{""TP"": 0, ""FN"": 0, ""TN"": 0, ""FP"": 0}","{""sensitivity"": {""assigned_class_count"": 1, ""unscored_class_count"": 1, ""identification_bounds"": [0.0, 1.0], ""meaning"": ""Best/worst missing-outcome bounds, not confidence intervals; failures are not diagnostic FN/FP""}, ""specificity"": {""assigned_class_count"": 0, ""unscored_class_count"": 0, ""identification_bounds"": null, ""meaning"": ""Best/worst missing-outcome bounds, not confidence intervals; failures are not diagnostic FN/FP""}}","{""measured_patients"": 0, ""missing_patients"": 1, ""measured_subtotal"": null, ""total"": null}"
evaluation,CT,B,self-review,gpt-6.1-sol,,consolidation,3,"{""numerator"": 3, ""denominator"": 3, ""estimate"": 1.0, ""ci95"": [0.4385029682449546, 1.0], ""method"": ""Wilson two-sided 95%""}","{""unscorable"": 2}",0,1,1,"{""completed"": 1}",1,"{""numerator"": 1, ""denominator"": 1, ""estimate"": 1.0, ""ci95"": [0.20654931437723745, 1.0], ""method"": ""Wilson two-sided 95%""}","{""numerator"": 1, ""denominator"": 1, ""estimate"": 1.0, ""ci95"": [0.20654931437723745, 1.0], ""method"": ""Wilson two-sided 95%""}","{""numerator"": 1, ""denominator"": 1, ""estimate"": 1.0, ""ci95"": [0.20654931437723745, 1.0], ""method"": ""Wilson two-sided 95%""}","{""numerator"": 0, ""denominator"": 0, ""estimate"": null, ""ci95"": null}","{""numerator"": 1, ""denominator"": 1, ""estimate"": 1.0, ""ci95"": [0.20654931437723745, 1.0], ""method"": ""Wilson two-sided 95%""}","{""numerator"": 0, ""denominator"": 0, ""estimate"": null, ""ci95"": null}","{""numerator"": 0, ""denominator"": 1, ""estimate"": 0.0, ""ci95"": [0.0, 0.7934506856227626], ""method"": ""Wilson two-sided 95%""}","{""TP"": 0, ""FN"": 0, ""TN"": 1, ""FP"": 0}","{""sensitivity"": {""assigned_class_count"": 0, ""unscored_class_count"": 0, ""identification_bounds"": null, ""meaning"": ""Best/worst missing-outcome bounds, not confidence intervals; failures are not diagnostic FN/FP""}, ""specificity"": {""assigned_class_count"": 1, ""unscored_class_count"": 0, ""identification_bounds"": [1.0, 1.0], ""meaning"": ""Best/worst missing-outcome bounds, not confidence intervals; failures are not diagnostic FN/FP""}}","{""measured_patients"": 0, ""missing_patients"": 1, ""measured_subtotal"": null, ""total"": null}"
evaluation,CT,B,self-review,gpt-6.1-sol,,emphysema,3,"{""numerator"": 3, ""denominator"": 3, ""estimate"": 1.0, ""ci95"": [0.4385029682449546, 1.0], ""method"": ""Wilson two-sided 95%""}","{""unscorable"": 2}",1,0,1,"{""completed"": 1}",1,"{""numerator"": 1, ""denominator"": 1, ""estimate"": 1.0, ""ci95"": [0.20654931437723745, 1.0], ""method"": ""Wilson two-sided 95%""}","{""numerator"": 1, ""denominator"": 1, ""estimate"": 1.0, ""ci95"": [0.20654931437723745, 1.0], ""method"": ""Wilson two-sided 95%""}","{""numerator"": 1, ""denominator"": 1, ""estimate"": 1.0, ""ci95"": [0.20654931437723745, 1.0], ""method"": ""Wilson two-sided 95%""}","{""numerator"": 1, ""denominator"": 1, ""estimate"": 1.0, ""ci95"": [0.20654931437723745, 1.0], ""method"": ""Wilson two-sided 95%""}","{""numerator"": 0, ""denominator"": 0, ""estimate"": null, ""ci95"": null}","{""numerator"": 0, ""denominator"": 1, ""estimate"": 0.0, ""ci95"": [0.0, 0.7934506856227626], ""method"": ""Wilson two-sided 95%""}","{""numerator"": 0, ""denominator"": 0, ""estimate"": null, ""ci95"": null}","{""TP"": 1, ""FN"": 0, ""TN"": 0, ""FP"": 0}","{""sensitivity"": {""assigned_class_count"": 1, ""unscored_class_count"": 0, ""identification_bounds"": [1.0, 1.0], ""meaning"": ""Best/worst missing-outcome bounds, not confidence intervals; failures are not diagnostic FN/FP""}, ""specificity"": {""assigned_class_count"": 0, ""unscored_class_count"": 0, ""identification_bounds"": null, ""meaning"": ""Best/worst missing-outcome bounds, not confidence intervals; failures are not diagnostic FN/FP""}}","{""measured_patients"": 0, ""missing_patients"": 1, ""measured_subtotal"": null, ""total"": null}"
evaluation,CXR,A,primary,gpt-6-astra,,pleural_effusion,20,"{""numerator"": 20, ""denominator"": 20, ""estimate"": 1.0, ""ci95"": [0.8388748419471806, 1.0], ""method"": ""Wilson two-sided 95%""}","{""ambiguous"": 1, ""unscorable"": 3}",3,13,16,"{""completed"": 15, ""abstained"": 1}",15,"{""numerator"": 15, ""denominator"": 16, ""estimate"": 0.9375, ""ci95"": [0.7167126242970107, 0.9888806552353576], ""method"": ""Wilson two-sided 95%""}","{""numerator"": 15, ""denominator"": 16, ""estimate"": 0.9375, ""ci95"": [0.7167126242970107, 0.9888806552353576], ""method"": ""Wilson two-sided 95%""}","{""numerator"": 15, ""denominator"": 15, ""estimate"": 1.0, ""ci95"": [0.7961166989641515, 1.0], ""method"": ""Wilson two-sided 95%""}","{""numerator"": 2, ""denominator"": 2, ""estimate"": 1.0, ""ci95"": [0.34238022750665303, 1.0], ""method"": ""Wilson two-sided 95%""}","{""numerator"": 13, ""denominator"": 13, ""estimate"": 1.0, ""ci95"": [0.7719046276458016, 0.9999999999999999], ""method"": ""Wilson two-sided 95%""}","{""numerator"": 0, ""denominator"": 2, ""estimate"": 0.0, ""ci95"": [0.0, 0.6576197724933469], ""method"": ""Wilson two-sided 95%""}","{""numerator"": 0, ""denominator"": 13, ""estimate"": 0.0, ""ci95"": [0.0, 0.22809537235419838], ""method"": ""Wilson two-sided 95%""}","{""TP"": 2, ""FN"": 0, ""TN"": 13, ""FP"": 0}","{""sensitivity"": {""assigned_class_count"": 3, ""unscored_class_count"": 1, ""identification_bounds"": [0.6666666666666666, 1.0], ""meaning"": ""Best/worst missing-outcome bounds, not confidence intervals; failures are not diagnostic FN/FP""}, ""specificity"": {""assigned_class_count"": 13, ""unscored_class_count"": 0, ""identification_bounds"": [1.0, 1.0], ""meaning"": ""Best/worst missing-outcome bounds, not confidence intervals; failures are not diagnostic FN/FP""}}","{""measured_patients"": 0, ""missing_patients"": 16, ""measured_subtotal"": null, ""total"": null}"
evaluation,CXR,A,primary,gpt-6-astra,,pneumothorax,20,"{""numerator"": 20, ""denominator"": 20, ""estimate"": 1.0, ""ci95"": [0.8388748419471806, 1.0], ""method"": ""Wilson two-sided 95%""}","{""ambiguous"": 1, ""unscorable"": 1}",3,15,18,"{""completed"": 17, ""input_insufficient"": 1}",17,"{""numerator"": 17, ""denominator"": 18, ""estimate"": 0.9444444444444444, ""ci95"": [0.7424269921812741, 0.990124809021697], ""method"": ""Wilson two-sided 95%""}","{""numerator"": 15, ""denominator"": 18, ""estimate"": 0.8333333333333334, ""ci95"": [0.6077796189608428, 0.9416342319413856], ""method"": ""Wilson two-sided 95%""}","{""numerator"": 15, ""denominator"": 17, ""estimate"": 0.8823529411764706, ""ci95"": [0.6566364940511412, 0.9671202262362074], ""method"": ""Wilson two-sided 95%""}","{""numerator"": 1, ""denominator"": 3, ""estimate"": 0.3333333333333333, ""ci95"": [0.06149194472039621, 0.7923403991979522], ""method"": ""Wilson two-sided 95%""}","{""numerator"": 14, ""denominator"": 14, ""estimate"": 1.0, ""ci95"": [0.7846891972623643, 1.0], ""method"": ""Wilson two-sided 95%""}","{""numerator"": 2, ""denominator"": 3, ""estimate"": 0.6666666666666666, ""ci95"": [0.2076596008020477, 0.9385080552796037], ""method"": ""Wilson two-sided 95%""}","{""numerator"": 0, ""denominator"": 14, ""estimate"": 0.0, ""ci95"": [1.3877787807814457e-17, 0.2153108027376358], ""method"": ""Wilson two-sided 95%""}","{""TP"": 1, ""FN"": 2, ""TN"": 14, ""FP"": 0}","{""sensitivity"": {""assigned_class_count"": 3, ""unscored_class_count"": 0, ""identification_bounds"": [0.3333333333333333, 0.3333333333333333], ""meaning"": ""Best/worst missing-outcome bounds, not confidence intervals; failures are not diagnostic FN/FP""}, ""specificity"": {""assigned_class_count"": 15, ""unscored_class_count"": 1, ""identification_bounds"": [0.9333333333333333, 1.0], ""meaning"": ""Best/worst missing-outcome bounds, not confidence intervals; failures are not diagnostic FN/FP""}}","{""measured_patients"": 0, ""missing_patients"": 18, ""measured_subtotal"": null, ""total"": null}"
evaluation,CXR,A,primary,gpt-6-astra,,cardiomegaly,20,"{""numerator"": 20, ""denominator"": 20, ""estimate"": 1.0, ""ci95"": [0.8388748419471806, 1.0], ""method"": ""Wilson two-sided 95%""}","{""ambiguous"": 1, ""unscorable"": 3}",4,12,16,"{""completed"": 15, ""input_insufficient"": 1}",15,"{""numerator"": 15, ""denominator"": 16, ""estimate"": 0.9375, ""ci95"": [0.7167126242970107, 0.9888806552353576], ""method"": ""Wilson two-sided 95%""}","{""numerator"": 12, ""denominator"": 16, ""estimate"": 0.75, ""ci95"": [0.5050168346449122, 0.8981793250878696], ""method"": ""Wilson two-sided 95%""}","{""numerator"": 12, ""denominator"": 15, ""estimate"": 0.8, ""ci95"": [0.5481455128483065, 0.9295245065301844], ""method"": ""Wilson two-sided 95%""}","{""numerator"": 1, ""denominator"": 4, ""estimate"": 0.25, ""ci95"": [0.04558726080970055, 0.6993581574175981], ""method"": ""Wilson two-sided 95%""}","{""numerator"": 11, ""denominator"": 11, ""estimate"": 1.0, ""ci95"": [0.7411670330319684, 1.0], ""method"": ""Wilson two-sided 95%""}","{""numerator"": 3, ""denominator"": 4, ""estimate"": 0.75, ""ci95"": [0.30064184258240184, 0.9544127391902995], ""method"": ""Wilson two-sided 95%""}","{""numerator"": 0, ""denominator"": 11, ""estimate"": 0.0, ""ci95"": [0.0, 0.2588329669680317], ""method"": ""Wilson two-sided 95%""}","{""TP"": 1, ""FN"": 3, ""TN"": 11, ""FP"": 0}","{""sensitivity"": {""assigned_class_count"": 4, ""unscored_class_count"": 0, ""identification_bounds"": [0.25, 0.25], ""meaning"": ""Best/worst missing-outcome bounds, not confidence intervals; failures are not diagnostic FN/FP""}, ""specificity"": {""assigned_class_count"": 12, ""unscored_class_count"": 1, ""identification_bounds"": [0.9166666666666666, 1.0], ""meaning"": ""Best/worst missing-outcome bounds, not confidence intervals; failures are not diagnostic FN/FP""}}","{""measured_patients"": 0, ""missing_patients"": 16, ""measured_subtotal"": null, ""total"": null}"
evaluation,CXR,A,primary,gpt-6-astra,,focal_consolidation,20,"{""numerator"": 20, ""denominator"": 20, ""estimate"": 1.0, ""ci95"": [0.8388748419471806, 1.0], ""method"": ""Wilson two-sided 95%""}","{""unscorable"": 5}",2,13,15,"{""completed"": 15}",15,"{""numerator"": 15, ""denominator"": 15, ""estimate"": 1.0, ""ci95"": [0.7961166989641515, 1.0], ""method"": ""Wilson two-sided 95%""}","{""numerator"": 14, ""denominator"": 15, ""estimate"": 0.9333333333333333, ""ci95"": [0.7018347012621998, 0.9881331045067315], ""method"": ""Wilson two-sided 95%""}","{""numerator"": 14, ""denominator"": 15, ""estimate"": 0.9333333333333333, ""ci95"": [0.7018347012621998, 0.9881331045067315], ""method"": ""Wilson two-sided 95%""}","{""numerator"": 1, ""denominator"": 2, ""estimate"": 0.5, ""ci95"": [0.09453120573423074, 0.9054687942657693], ""method"": ""Wilson two-sided 95%""}","{""numerator"": 13, ""denominator"": 13, ""estimate"": 1.0, ""ci95"": [0.7719046276458016, 0.9999999999999999], ""method"": ""Wilson two-sided 95%""}","{""numerator"": 1, ""denominator"": 2, ""estimate"": 0.5, ""ci95"": [0.09453120573423074, 0.9054687942657693], ""method"": ""Wilson two-sided 95%""}","{""numerator"": 0, ""denominator"": 13, ""estimate"": 0.0, ""ci95"": [0.0, 0.22809537235419838], ""method"": ""Wilson two-sided 95%""}","{""TP"": 1, ""FN"": 1, ""TN"": 13, ""FP"": 0}","{""sensitivity"": {""assigned_class_count"": 2, ""unscored_class_count"": 0, ""identification_bounds"": [0.5, 0.5], ""meaning"": ""Best/worst missing-outcome bounds, not confidence intervals; failures are not diagnostic FN/FP""}, ""specificity"": {""assigned_class_count"": 13, ""unscored_class_count"": 0, ""identification_bounds"": [1.0, 1.0], ""meaning"": ""Best/worst missing-outcome bounds, not confidence intervals; failures are not diagnostic FN/FP""}}","{""measured_patients"": 0, ""missing_patients"": 15, ""measured_subtotal"": null, ""total"": null}"
evaluation,CXR,A,primary,gpt-6-luna,,pleural_effusion,20,"{""numerator"": 20, ""denominator"": 20, ""estimate"": 1.0, ""ci95"": [0.8388748419471806, 1.0], ""method"": ""Wilson two-sided 95%""}","{""ambiguous"": 1, ""unscorable"": 3}",3,13,16,"{""abstained"": 1, ""completed"": 15}",15,"{""numerator"": 15, ""denominator"": 16, ""estimate"": 0.9375, ""ci95"": [0.7167126242970107, 0.9888806552353576], ""method"": ""Wilson two-sided 95%""}","{""numerator"": 14, ""denominator"": 16, ""estimate"": 0.875, ""ci95"": [0.639771727342413, 0.9650225122567595], ""method"": ""Wilson two-sided 95%""}","{""numerator"": 14, ""denominator"": 15, ""estimate"": 0.9333333333333333, ""ci95"": [0.7018347012621998, 0.9881331045067315], ""method"": ""Wilson two-sided 95%""}","{""numerator"": 1, ""denominator"": 2, ""estimate"": 0.5, ""ci95"": [0.09453120573423074, 0.9054687942657693], ""method"": ""Wilson two-sided 95%""}","{""numerator"": 13, ""denominator"": 13, ""estimate"": 1.0, ""ci95"": [0.7719046276458016, 0.9999999999999999], ""method"": ""Wilson two-sided 95%""}","{""numerator"": 1, ""denominator"": 2, ""estimate"": 0.5, ""ci95"": [0.09453120573423074, 0.9054687942657693], ""method"": ""Wilson two-sided 95%""}","{""numerator"": 0, ""denominator"": 13, ""estimate"": 0.0, ""ci95"": [0.0, 0.22809537235419838], ""method"": ""Wilson two-sided 95%""}","{""TP"": 1, ""FN"": 1, ""TN"": 13, ""FP"": 0}","{""sensitivity"": {""assigned_class_count"": 3, ""unscored_class_count"": 1, ""identification_bounds"": [0.3333333333333333, 0.6666666666666666], ""meaning"": ""Best/worst missing-outcome bounds, not confidence intervals; failures are not diagnostic FN/FP""}, ""specificity"": {""assigned_class_count"": 13, ""unscored_class_count"": 0, ""identification_bounds"": [1.0, 1.0], ""meaning"": ""Best/worst missing-outcome bounds, not confidence intervals; failures are not diagnostic FN/FP""}}","{""measured_patients"": 0, ""missing_patients"": 16, ""measured_subtotal"": null, ""total"": null}"
evaluation,CXR,A,primary,gpt-6-luna,,pneumothorax,20,"{""numerator"": 20, ""denominator"": 20, ""estimate"": 1.0, ""ci95"": [0.8388748419471806, 1.0], ""method"": ""Wilson two-sided 95%""}","{""ambiguous"": 1, ""unscorable"": 1}",3,15,18,"{""completed"": 17, ""input_insufficient"": 1}",17,"{""numerator"": 17, ""denominator"": 18, ""estimate"": 0.9444444444444444, ""ci95"": [0.7424269921812741, 0.990124809021697], ""method"": ""Wilson two-sided 95%""}","{""numerator"": 14, ""denominator"": 18, ""estimate"": 0.7777777777777778, ""ci95"": [0.5478541568378739, 0.9099907189139831], ""method"": ""Wilson two-sided 95%""}","{""numerator"": 14, ""denominator"": 17, ""estimate"": 0.8235294117647058, ""ci95"": [0.5897054143116588, 0.9380887336237901], ""method"": ""Wilson two-sided 95%""}","{""numerator"": 0, ""denominator"": 3, ""estimate"": 0.0, ""ci95"": [5.551115123125783e-17, 0.5614970317550454], ""method"": ""Wilson two-sided 95%""}","{""numerator"": 14, ""denominator"": 14, ""estimate"": 1.0, ""ci95"": [0.7846891972623643, 1.0], ""method"": ""Wilson two-sided 95%""}","{""numerator"": 3, ""denominator"": 3, ""estimate"": 1.0, ""ci95"": [0.4385029682449546, 1.0], ""method"": ""Wilson two-sided 95%""}","{""numerator"": 0, ""denominator"": 14, ""estimate"": 0.0, ""ci95"": [1.3877787807814457e-17, 0.2153108027376358], ""method"": ""Wilson two-sided 95%""}","{""TP"": 0, ""FN"": 3, ""TN"": 14, ""FP"": 0}","{""sensitivity"": {""assigned_class_count"": 3, ""unscored_class_count"": 0, ""identification_bounds"": [0.0, 0.0], ""meaning"": ""Best/worst missing-outcome bounds, not confidence intervals; failures are not diagnostic FN/FP""}, ""specificity"": {""assigned_class_count"": 15, ""unscored_class_count"": 1, ""identification_bounds"": [0.9333333333333333, 1.0], ""meaning"": ""Best/worst missing-outcome bounds, not confidence intervals; failures are not diagnostic FN/FP""}}","{""measured_patients"": 0, ""missing_patients"": 18, ""measured_subtotal"": null, ""total"": null}"
evaluation,CXR,A,primary,gpt-6-luna,,cardiomegaly,20,"{""numerator"": 20, ""denominator"": 20, ""estimate"": 1.0, ""ci95"": [0.8388748419471806, 1.0], ""method"": ""Wilson two-sided 95%""}","{""ambiguous"": 1, ""unscorable"": 3}",4,12,16,"{""abstained"": 3, ""completed"": 12, ""input_insufficient"": 1}",12,"{""numerator"": 12, ""denominator"": 16, ""estimate"": 0.75, ""ci95"": [0.5050168346449122, 0.8981793250878696], ""method"": ""Wilson two-sided 95%""}","{""numerator"": 11, ""denominator"": 16, ""estimate"": 0.6875, ""ci95"": [0.44404355834740666, 0.8583535614521796], ""method"": ""Wilson two-sided 95%""}","{""numerator"": 11, ""denominator"": 12, ""estimate"": 0.9166666666666666, ""ci95"": [0.646120088858883, 0.9851349055950829], ""method"": ""Wilson two-sided 95%""}","{""numerator"": 0, ""denominator"": 1, ""estimate"": 0.0, ""ci95"": [0.0, 0.7934506856227626], ""method"": ""Wilson two-sided 95%""}","{""numerator"": 11, ""denominator"": 11, ""estimate"": 1.0, ""ci95"": [0.7411670330319684, 1.0], ""method"": ""Wilson two-sided 95%""}","{""numerator"": 1, ""denominator"": 1, ""estimate"": 1.0, ""ci95"": [0.20654931437723745, 1.0], ""method"": ""Wilson two-sided 95%""}","{""numerator"": 0, ""denominator"": 11, ""estimate"": 0.0, ""ci95"": [0.0, 0.2588329669680317], ""method"": ""Wilson two-sided 95%""}","{""TP"": 0, ""FN"": 1, ""TN"": 11, ""FP"": 0}","{""sensitivity"": {""assigned_class_count"": 4, ""unscored_class_count"": 3, ""identification_bounds"": [0.0, 0.75], ""meaning"": ""Best/worst missing-outcome bounds, not confidence intervals; failures are not diagnostic FN/FP""}, ""specificity"": {""assigned_class_count"": 12, ""unscored_class_count"": 1, ""identification_bounds"": [0.9166666666666666, 1.0], ""meaning"": ""Best/worst missing-outcome bounds, not confidence intervals; failures are not diagnostic FN/FP""}}","{""measured_patients"": 0, ""missing_patients"": 16, ""measured_subtotal"": null, ""total"": null}"
evaluation,CXR,A,primary,gpt-6-luna,,focal_consolidation,20,"{""numerator"": 20, ""denominator"": 20, ""estimate"": 1.0, ""ci95"": [0.8388748419471806, 1.0], ""method"": ""Wilson two-sided 95%""}","{""unscorable"": 5}",2,13,15,"{""completed"": 15}",15,"{""numerator"": 15, ""denominator"": 15, ""estimate"": 1.0, ""ci95"": [0.7961166989641515, 1.0], ""method"": ""Wilson two-sided 95%""}","{""numerator"": 14, ""denominator"": 15, ""estimate"": 0.9333333333333333, ""ci95"": [0.7018347012621998, 0.9881331045067315], ""method"": ""Wilson two-sided 95%""}","{""numerator"": 14, ""denominator"": 15, ""estimate"": 0.9333333333333333, ""ci95"": [0.7018347012621998, 0.9881331045067315], ""method"": ""Wilson two-sided 95%""}","{""numerator"": 1, ""denominator"": 2, ""estimate"": 0.5, ""ci95"": [0.09453120573423074, 0.9054687942657693], ""method"": ""Wilson two-sided 95%""}","{""numerator"": 13, ""denominator"": 13, ""estimate"": 1.0, ""ci95"": [0.7719046276458016, 0.9999999999999999], ""method"": ""Wilson two-sided 95%""}","{""numerator"": 1, ""denominator"": 2, ""estimate"": 0.5, ""ci95"": [0.09453120573423074, 0.9054687942657693], ""method"": ""Wilson two-sided 95%""}","{""numerator"": 0, ""denominator"": 13, ""estimate"": 0.0, ""ci95"": [0.0, 0.22809537235419838], ""method"": ""Wilson two-sided 95%""}","{""TP"": 1, ""FN"": 1, ""TN"": 13, ""FP"": 0}","{""sensitivity"": {""assigned_class_count"": 2, ""unscored_class_count"": 0, ""identification_bounds"": [0.5, 0.5], ""meaning"": ""Best/worst missing-outcome bounds, not confidence intervals; failures are not diagnostic FN/FP""}, ""specificity"": {""assigned_class_count"": 13, ""unscored_class_count"": 0, ""identification_bounds"": [1.0, 1.0], ""meaning"": ""Best/worst missing-outcome bounds, not confidence intervals; failures are not diagnostic FN/FP""}}","{""measured_patients"": 0, ""missing_patients"": 15, ""measured_subtotal"": null, ""total"": null}"
evaluation,CXR,A,primary,gpt-6.1-sol,,pleural_effusion,20,"{""numerator"": 19, ""denominator"": 20, ""estimate"": 0.95, ""ci95"": [0.763868806553258, 0.9911185511992047], ""method"": ""Wilson two-sided 95%""}","{""ambiguous"": 1, ""unscorable"": 3}",3,13,16,"{""completed"": 14, ""abstained"": 1, ""timeout"": 1}",14,"{""numerator"": 14, ""denominator"": 16, ""estimate"": 0.875, ""ci95"": [0.639771727342413, 0.9650225122567595], ""method"": ""Wilson two-sided 95%""}","{""numerator"": 14, ""denominator"": 16, ""estimate"": 0.875, ""ci95"": [0.639771727342413, 0.9650225122567595], ""method"": ""Wilson two-sided 95%""}","{""numerator"": 14, ""denominator"": 14, ""estimate"": 1.0, ""ci95"": [0.7846891972623643, 1.0], ""method"": ""Wilson two-sided 95%""}","{""numerator"": 1, ""denominator"": 1, ""estimate"": 1.0, ""ci95"": [0.20654931437723745, 1.0], ""method"": ""Wilson two-sided 95%""}","{""numerator"": 13, ""denominator"": 13, ""estimate"": 1.0, ""ci95"": [0.7719046276458016, 0.9999999999999999], ""method"": ""Wilson two-sided 95%""}","{""numerator"": 0, ""denominator"": 1, ""estimate"": 0.0, ""ci95"": [0.0, 0.7934506856227626], ""method"": ""Wilson two-sided 95%""}","{""numerator"": 0, ""denominator"": 13, ""estimate"": 0.0, ""ci95"": [0.0, 0.22809537235419838], ""method"": ""Wilson two-sided 95%""}","{""TP"": 1, ""FN"": 0, ""TN"": 13, ""FP"": 0}","{""sensitivity"": {""assigned_class_count"": 3, ""unscored_class_count"": 2, ""identification_bounds"": [0.3333333333333333, 1.0], ""meaning"": ""Best/worst missing-outcome bounds, not confidence intervals; failures are not diagnostic FN/FP""}, ""specificity"": {""assigned_class_count"": 13, ""unscored_class_count"": 0, ""identification_bounds"": [1.0, 1.0], ""meaning"": ""Best/worst missing-outcome bounds, not confidence intervals; failures are not diagnostic FN/FP""}}","{""measured_patients"": 0, ""missing_patients"": 16, ""measured_subtotal"": null, ""total"": null}"
evaluation,CXR,A,primary,gpt-6.1-sol,,pneumothorax,20,"{""numerator"": 19, ""denominator"": 20, ""estimate"": 0.95, ""ci95"": [0.763868806553258, 0.9911185511992047], ""method"": ""Wilson two-sided 95%""}","{""ambiguous"": 1, ""unscorable"": 1}",3,15,18,"{""completed"": 17, ""timeout"": 1}",17,"{""numerator"": 17, ""denominator"": 18, ""estimate"": 0.9444444444444444, ""ci95"": [0.7424269921812741, 0.990124809021697], ""method"": ""Wilson two-sided 95%""}","{""numerator"": 14, ""denominator"": 18, ""estimate"": 0.7777777777777778, ""ci95"": [0.5478541568378739, 0.9099907189139831], ""method"": ""Wilson two-sided 95%""}","{""numerator"": 14, ""denominator"": 17, ""estimate"": 0.8235294117647058, ""ci95"": [0.5897054143116588, 0.9380887336237901], ""method"": ""Wilson two-sided 95%""}","{""numerator"": 0, ""denominator"": 3, ""estimate"": 0.0, ""ci95"": [5.551115123125783e-17, 0.5614970317550454], ""method"": ""Wilson two-sided 95%""}","{""numerator"": 14, ""denominator"": 14, ""estimate"": 1.0, ""ci95"": [0.7846891972623643, 1.0], ""method"": ""Wilson two-sided 95%""}","{""numerator"": 3, ""denominator"": 3, ""estimate"": 1.0, ""ci95"": [0.4385029682449546, 1.0], ""method"": ""Wilson two-sided 95%""}","{""numerator"": 0, ""denominator"": 14, ""estimate"": 0.0, ""ci95"": [1.3877787807814457e-17, 0.2153108027376358], ""method"": ""Wilson two-sided 95%""}","{""TP"": 0, ""FN"": 3, ""TN"": 14, ""FP"": 0}","{""sensitivity"": {""assigned_class_count"": 3, ""unscored_class_count"": 0, ""identification_bounds"": [0.0, 0.0], ""meaning"": ""Best/worst missing-outcome bounds, not confidence intervals; failures are not diagnostic FN/FP""}, ""specificity"": {""assigned_class_count"": 15, ""unscored_class_count"": 1, ""identification_bounds"": [0.9333333333333333, 1.0], ""meaning"": ""Best/worst missing-outcome bounds, not confidence intervals; failures are not diagnostic FN/FP""}}","{""measured_patients"": 0, ""missing_patients"": 18, ""measured_subtotal"": null, ""total"": null}"
evaluation,CXR,A,primary,gpt-6.1-sol,,cardiomegaly,20,"{""numerator"": 19, ""denominator"": 20, ""estimate"": 0.95, ""ci95"": [0.763868806553258, 0.9911185511992047], ""method"": ""Wilson two-sided 95%""}","{""ambiguous"": 1, ""unscorable"": 3}",4,12,16,"{""completed"": 14, ""timeout"": 1, ""input_insufficient"": 1}",14,"{""numerator"": 14, ""denominator"": 16, ""estimate"": 0.875, ""ci95"": [0.639771727342413, 0.9650225122567595], ""method"": ""Wilson two-sided 95%""}","{""numerator"": 11, ""denominator"": 16, ""estimate"": 0.6875, ""ci95"": [0.44404355834740666, 0.8583535614521796], ""method"": ""Wilson two-sided 95%""}","{""numerator"": 11, ""denominator"": 14, ""estimate"": 0.7857142857142857, ""ci95"": [0.524107694133997, 0.9242861328730683], ""method"": ""Wilson two-sided 95%""}","{""numerator"": 0, ""denominator"": 3, ""estimate"": 0.0, ""ci95"": [5.551115123125783e-17, 0.5614970317550454], ""method"": ""Wilson two-sided 95%""}","{""numerator"": 11, ""denominator"": 11, ""estimate"": 1.0, ""ci95"": [0.7411670330319684, 1.0], ""method"": ""Wilson two-sided 95%""}","{""numerator"": 3, ""denominator"": 3, ""estimate"": 1.0, ""ci95"": [0.4385029682449546, 1.0], ""method"": ""Wilson two-sided 95%""}","{""numerator"": 0, ""denominator"": 11, ""estimate"": 0.0, ""ci95"": [0.0, 0.2588329669680317], ""method"": ""Wilson two-sided 95%""}","{""TP"": 0, ""FN"": 3, ""TN"": 11, ""FP"": 0}","{""sensitivity"": {""assigned_class_count"": 4, ""unscored_class_count"": 1, ""identification_bounds"": [0.0, 0.25], ""meaning"": ""Best/worst missing-outcome bounds, not confidence intervals; failures are not diagnostic FN/FP""}, ""specificity"": {""assigned_class_count"": 12, ""unscored_class_count"": 1, ""identification_bounds"": [0.9166666666666666, 1.0], ""meaning"": ""Best/worst missing-outcome bounds, not confidence intervals; failures are not diagnostic FN/FP""}}","{""measured_patients"": 0, ""missing_patients"": 16, ""measured_subtotal"": null, ""total"": null}"
evaluation,CXR,A,primary,gpt-6.1-sol,,focal_consolidation,20,"{""numerator"": 19, ""denominator"": 20, ""estimate"": 0.95, ""ci95"": [0.763868806553258, 0.9911185511992047], ""method"": ""Wilson two-sided 95%""}","{""unscorable"": 5}",2,13,15,"{""completed"": 15}",15,"{""numerator"": 15, ""denominator"": 15, ""estimate"": 1.0, ""ci95"": [0.7961166989641515, 1.0], ""method"": ""Wilson two-sided 95%""}","{""numerator"": 14, ""denominator"": 15, ""estimate"": 0.9333333333333333, ""ci95"": [0.7018347012621998, 0.9881331045067315], ""method"": ""Wilson two-sided 95%""}","{""numerator"": 14, ""denominator"": 15, ""estimate"": 0.9333333333333333, ""ci95"": [0.7018347012621998, 0.9881331045067315], ""method"": ""Wilson two-sided 95%""}","{""numerator"": 1, ""denominator"": 2, ""estimate"": 0.5, ""ci95"": [0.09453120573423074, 0.9054687942657693], ""method"": ""Wilson two-sided 95%""}","{""numerator"": 13, ""denominator"": 13, ""estimate"": 1.0, ""ci95"": [0.7719046276458016, 0.9999999999999999], ""method"": ""Wilson two-sided 95%""}","{""numerator"": 1, ""denominator"": 2, ""estimate"": 0.5, ""ci95"": [0.09453120573423074, 0.9054687942657693], ""method"": ""Wilson two-sided 95%""}","{""numerator"": 0, ""denominator"": 13, ""estimate"": 0.0, ""ci95"": [0.0, 0.22809537235419838], ""method"": ""Wilson two-sided 95%""}","{""TP"": 1, ""FN"": 1, ""TN"": 13, ""FP"": 0}","{""sensitivity"": {""assigned_class_count"": 2, ""unscored_class_count"": 0, ""identification_bounds"": [0.5, 0.5], ""meaning"": ""Best/worst missing-outcome bounds, not confidence intervals; failures are not diagnostic FN/FP""}, ""specificity"": {""assigned_class_count"": 13, ""unscored_class_count"": 0, ""identification_bounds"": [1.0, 1.0], ""meaning"": ""Best/worst missing-outcome bounds, not confidence intervals; failures are not diagnostic FN/FP""}}","{""measured_patients"": 0, ""missing_patients"": 15, ""measured_subtotal"": null, ""total"": null}"
evaluation,CXR,B,delegated,gpt-6-astra,,pleural_effusion,20,"{""numerator"": 20, ""denominator"": 20, ""estimate"": 1.0, ""ci95"": [0.8388748419471806, 1.0], ""method"": ""Wilson two-sided 95%""}","{""ambiguous"": 1, ""unscorable"": 3}",3,13,16,"{""completed"": 16}",16,"{""numerator"": 16, ""denominator"": 16, ""estimate"": 1.0, ""ci95"": [0.8063923194655637, 1.0], ""method"": ""Wilson two-sided 95%""}","{""numerator"": 15, ""denominator"": 16, ""estimate"": 0.9375, ""ci95"": [0.7167126242970107, 0.9888806552353576], ""method"": ""Wilson two-sided 95%""}","{""numerator"": 15, ""denominator"": 16, ""estimate"": 0.9375, ""ci95"": [0.7167126242970107, 0.9888806552353576], ""method"": ""Wilson two-sided 95%""}","{""numerator"": 2, ""denominator"": 3, ""estimate"": 0.6666666666666666, ""ci95"": [0.2076596008020477, 0.9385080552796037], ""method"": ""Wilson two-sided 95%""}","{""numerator"": 13, ""denominator"": 13, ""estimate"": 1.0, ""ci95"": [0.7719046276458016, 0.9999999999999999], ""method"": ""Wilson two-sided 95%""}","{""numerator"": 1, ""denominator"": 3, ""estimate"": 0.3333333333333333, ""ci95"": [0.06149194472039621, 0.7923403991979522], ""method"": ""Wilson two-sided 95%""}","{""numerator"": 0, ""denominator"": 13, ""estimate"": 0.0, ""ci95"": [0.0, 0.22809537235419838], ""method"": ""Wilson two-sided 95%""}","{""TP"": 2, ""FN"": 1, ""TN"": 13, ""FP"": 0}","{""sensitivity"": {""assigned_class_count"": 3, ""unscored_class_count"": 0, ""identification_bounds"": [0.6666666666666666, 0.6666666666666666], ""meaning"": ""Best/worst missing-outcome bounds, not confidence intervals; failures are not diagnostic FN/FP""}, ""specificity"": {""assigned_class_count"": 13, ""unscored_class_count"": 0, ""identification_bounds"": [1.0, 1.0], ""meaning"": ""Best/worst missing-outcome bounds, not confidence intervals; failures are not diagnostic FN/FP""}}","{""measured_patients"": 0, ""missing_patients"": 16, ""measured_subtotal"": null, ""total"": null}"
evaluation,CXR,B,delegated,gpt-6-astra,,pneumothorax,20,"{""numerator"": 20, ""denominator"": 20, ""estimate"": 1.0, ""ci95"": [0.8388748419471806, 1.0], ""method"": ""Wilson two-sided 95%""}","{""ambiguous"": 1, ""unscorable"": 1}",3,15,18,"{""completed"": 18}",18,"{""numerator"": 18, ""denominator"": 18, ""estimate"": 1.0, ""ci95"": [0.8241207763533425, 1.0], ""method"": ""Wilson two-sided 95%""}","{""numerator"": 15, ""denominator"": 18, ""estimate"": 0.8333333333333334, ""ci95"": [0.6077796189608428, 0.9416342319413856], ""method"": ""Wilson two-sided 95%""}","{""numerator"": 15, ""denominator"": 18, ""estimate"": 0.8333333333333334, ""ci95"": [0.6077796189608428, 0.9416342319413856], ""method"": ""Wilson two-sided 95%""}","{""numerator"": 0, ""denominator"": 3, ""estimate"": 0.0, ""ci95"": [5.551115123125783e-17, 0.5614970317550454], ""method"": ""Wilson two-sided 95%""}","{""numerator"": 15, ""denominator"": 15, ""estimate"": 1.0, ""ci95"": [0.7961166989641515, 1.0], ""method"": ""Wilson two-sided 95%""}","{""numerator"": 3, ""denominator"": 3, ""estimate"": 1.0, ""ci95"": [0.4385029682449546, 1.0], ""method"": ""Wilson two-sided 95%""}","{""numerator"": 0, ""denominator"": 15, ""estimate"": 0.0, ""ci95"": [0.0, 0.20388330103584862], ""method"": ""Wilson two-sided 95%""}","{""TP"": 0, ""FN"": 3, ""TN"": 15, ""FP"": 0}","{""sensitivity"": {""assigned_class_count"": 3, ""unscored_class_count"": 0, ""identification_bounds"": [0.0, 0.0], ""meaning"": ""Best/worst missing-outcome bounds, not confidence intervals; failures are not diagnostic FN/FP""}, ""specificity"": {""assigned_class_count"": 15, ""unscored_class_count"": 0, ""identification_bounds"": [1.0, 1.0], ""meaning"": ""Best/worst missing-outcome bounds, not confidence intervals; failures are not diagnostic FN/FP""}}","{""measured_patients"": 0, ""missing_patients"": 18, ""measured_subtotal"": null, ""total"": null}"
evaluation,CXR,B,delegated,gpt-6-astra,,cardiomegaly,20,"{""numerator"": 20, ""denominator"": 20, ""estimate"": 1.0, ""ci95"": [0.8388748419471806, 1.0], ""method"": ""Wilson two-sided 95%""}","{""ambiguous"": 1, ""unscorable"": 3}",4,12,16,"{""completed"": 15, ""input_insufficient"": 1}",15,"{""numerator"": 15, ""denominator"": 16, ""estimate"": 0.9375, ""ci95"": [0.7167126242970107, 0.9888806552353576], ""method"": ""Wilson two-sided 95%""}","{""numerator"": 12, ""denominator"": 16, ""estimate"": 0.75, ""ci95"": [0.5050168346449122, 0.8981793250878696], ""method"": ""Wilson two-sided 95%""}","{""numerator"": 12, ""denominator"": 15, ""estimate"": 0.8, ""ci95"": [0.5481455128483065, 0.9295245065301844], ""method"": ""Wilson two-sided 95%""}","{""numerator"": 1, ""denominator"": 4, ""estimate"": 0.25, ""ci95"": [0.04558726080970055, 0.6993581574175981], ""method"": ""Wilson two-sided 95%""}","{""numerator"": 11, ""denominator"": 11, ""estimate"": 1.0, ""ci95"": [0.7411670330319684, 1.0], ""method"": ""Wilson two-sided 95%""}","{""numerator"": 3, ""denominator"": 4, ""estimate"": 0.75, ""ci95"": [0.30064184258240184, 0.9544127391902995], ""method"": ""Wilson two-sided 95%""}","{""numerator"": 0, ""denominator"": 11, ""estimate"": 0.0, ""ci95"": [0.0, 0.2588329669680317], ""method"": ""Wilson two-sided 95%""}","{""TP"": 1, ""FN"": 3, ""TN"": 11, ""FP"": 0}","{""sensitivity"": {""assigned_class_count"": 4, ""unscored_class_count"": 0, ""identification_bounds"": [0.25, 0.25], ""meaning"": ""Best/worst missing-outcome bounds, not confidence intervals; failures are not diagnostic FN/FP""}, ""specificity"": {""assigned_class_count"": 12, ""unscored_class_count"": 1, ""identification_bounds"": [0.9166666666666666, 1.0], ""meaning"": ""Best/worst missing-outcome bounds, not confidence intervals; failures are not diagnostic FN/FP""}}","{""measured_patients"": 0, ""missing_patients"": 16, ""measured_subtotal"": null, ""total"": null}"
evaluation,CXR,B,delegated,gpt-6-astra,,focal_consolidation,20,"{""numerator"": 20, ""denominator"": 20, ""estimate"": 1.0, ""ci95"": [0.8388748419471806, 1.0], ""method"": ""Wilson two-sided 95%""}","{""unscorable"": 5}",2,13,15,"{""completed"": 15}",15,"{""numerator"": 15, ""denominator"": 15, ""estimate"": 1.0, ""ci95"": [0.7961166989641515, 1.0], ""method"": ""Wilson two-sided 95%""}","{""numerator"": 14, ""denominator"": 15, ""estimate"": 0.9333333333333333, ""ci95"": [0.7018347012621998, 0.9881331045067315], ""method"": ""Wilson two-sided 95%""}","{""numerator"": 14, ""denominator"": 15, ""estimate"": 0.9333333333333333, ""ci95"": [0.7018347012621998, 0.9881331045067315], ""method"": ""Wilson two-sided 95%""}","{""numerator"": 1, ""denominator"": 2, ""estimate"": 0.5, ""ci95"": [0.09453120573423074, 0.9054687942657693], ""method"": ""Wilson two-sided 95%""}","{""numerator"": 13, ""denominator"": 13, ""estimate"": 1.0, ""ci95"": [0.7719046276458016, 0.9999999999999999], ""method"": ""Wilson two-sided 95%""}","{""numerator"": 1, ""denominator"": 2, ""estimate"": 0.5, ""ci95"": [0.09453120573423074, 0.9054687942657693], ""method"": ""Wilson two-sided 95%""}","{""numerator"": 0, ""denominator"": 13, ""estimate"": 0.0, ""ci95"": [0.0, 0.22809537235419838], ""method"": ""Wilson two-sided 95%""}","{""TP"": 1, ""FN"": 1, ""TN"": 13, ""FP"": 0}","{""sensitivity"": {""assigned_class_count"": 2, ""unscored_class_count"": 0, ""identification_bounds"": [0.5, 0.5], ""meaning"": ""Best/worst missing-outcome bounds, not confidence intervals; failures are not diagnostic FN/FP""}, ""specificity"": {""assigned_class_count"": 13, ""unscored_class_count"": 0, ""identification_bounds"": [1.0, 1.0], ""meaning"": ""Best/worst missing-outcome bounds, not confidence intervals; failures are not diagnostic FN/FP""}}","{""measured_patients"": 0, ""missing_patients"": 15, ""measured_subtotal"": null, ""total"": null}"
evaluation,CXR,B,delegated,gpt-6-luna,,pleural_effusion,20,"{""numerator"": 20, ""denominator"": 20, ""estimate"": 1.0, ""ci95"": [0.8388748419471806, 1.0], ""method"": ""Wilson two-sided 95%""}","{""ambiguous"": 1, ""unscorable"": 3}",3,13,16,"{""completed"": 16}",16,"{""numerator"": 16, ""denominator"": 16, ""estimate"": 1.0, ""ci95"": [0.8063923194655637, 1.0], ""method"": ""Wilson two-sided 95%""}","{""numerator"": 14, ""denominator"": 16, ""estimate"": 0.875, ""ci95"": [0.639771727342413, 0.9650225122567595], ""method"": ""Wilson two-sided 95%""}","{""numerator"": 14, ""denominator"": 16, ""estimate"": 0.875, ""ci95"": [0.639771727342413, 0.9650225122567595], ""method"": ""Wilson two-sided 95%""}","{""numerator"": 1, ""denominator"": 3, ""estimate"": 0.3333333333333333, ""ci95"": [0.06149194472039621, 0.7923403991979522], ""method"": ""Wilson two-sided 95%""}","{""numerator"": 13, ""denominator"": 13, ""estimate"": 1.0, ""ci95"": [0.7719046276458016, 0.9999999999999999], ""method"": ""Wilson two-sided 95%""}","{""numerator"": 2, ""denominator"": 3, ""estimate"": 0.6666666666666666, ""ci95"": [0.2076596008020477, 0.9385080552796037], ""method"": ""Wilson two-sided 95%""}","{""numerator"": 0, ""denominator"": 13, ""estimate"": 0.0, ""ci95"": [0.0, 0.22809537235419838], ""method"": ""Wilson two-sided 95%""}","{""TP"": 1, ""FN"": 2, ""TN"": 13, ""FP"": 0}","{""sensitivity"": {""assigned_class_count"": 3, ""unscored_class_count"": 0, ""identification_bounds"": [0.3333333333333333, 0.3333333333333333], ""meaning"": ""Best/worst missing-outcome bounds, not confidence intervals; failures are not diagnostic FN/FP""}, ""specificity"": {""assigned_class_count"": 13, ""unscored_class_count"": 0, ""identification_bounds"": [1.0, 1.0], ""meaning"": ""Best/worst missing-outcome bounds, not confidence intervals; failures are not diagnostic FN/FP""}}","{""measured_patients"": 0, ""missing_patients"": 16, ""measured_subtotal"": null, ""total"": null}"
evaluation,CXR,B,delegated,gpt-6-luna,,pneumothorax,20,"{""numerator"": 20, ""denominator"": 20, ""estimate"": 1.0, ""ci95"": [0.8388748419471806, 1.0], ""method"": ""Wilson two-sided 95%""}","{""ambiguous"": 1, ""unscorable"": 1}",3,15,18,"{""completed"": 18}",18,"{""numerator"": 18, ""denominator"": 18, ""estimate"": 1.0, ""ci95"": [0.8241207763533425, 1.0], ""method"": ""Wilson two-sided 95%""}","{""numerator"": 15, ""denominator"": 18, ""estimate"": 0.8333333333333334, ""ci95"": [0.6077796189608428, 0.9416342319413856], ""method"": ""Wilson two-sided 95%""}","{""numerator"": 15, ""denominator"": 18, ""estimate"": 0.8333333333333334, ""ci95"": [0.6077796189608428, 0.9416342319413856], ""method"": ""Wilson two-sided 95%""}","{""numerator"": 0, ""denominator"": 3, ""estimate"": 0.0, ""ci95"": [5.551115123125783e-17, 0.5614970317550454], ""method"": ""Wilson two-sided 95%""}","{""numerator"": 15, ""denominator"": 15, ""estimate"": 1.0, ""ci95"": [0.7961166989641515, 1.0], ""method"": ""Wilson two-sided 95%""}","{""numerator"": 3, ""denominator"": 3, ""estimate"": 1.0, ""ci95"": [0.4385029682449546, 1.0], ""method"": ""Wilson two-sided 95%""}","{""numerator"": 0, ""denominator"": 15, ""estimate"": 0.0, ""ci95"": [0.0, 0.20388330103584862], ""method"": ""Wilson two-sided 95%""}","{""TP"": 0, ""FN"": 3, ""TN"": 15, ""FP"": 0}","{""sensitivity"": {""assigned_class_count"": 3, ""unscored_class_count"": 0, ""identification_bounds"": [0.0, 0.0], ""meaning"": ""Best/worst missing-outcome bounds, not confidence intervals; failures are not diagnostic FN/FP""}, ""specificity"": {""assigned_class_count"": 15, ""unscored_class_count"": 0, ""identification_bounds"": [1.0, 1.0], ""meaning"": ""Best/worst missing-outcome bounds, not confidence intervals; failures are not diagnostic FN/FP""}}","{""measured_patients"": 0, ""missing_patients"": 18, ""measured_subtotal"": null, ""total"": null}"
evaluation,CXR,B,delegated,gpt-6-luna,,cardiomegaly,20,"{""numerator"": 20, ""denominator"": 20, ""estimate"": 1.0, ""ci95"": [0.8388748419471806, 1.0], ""method"": ""Wilson two-sided 95%""}","{""ambiguous"": 1, ""unscorable"": 3}",4,12,16,"{""completed"": 13, ""abstained"": 2, ""input_insufficient"": 1}",13,"{""numerator"": 13, ""denominator"": 16, ""estimate"": 0.8125, ""ci95"": [0.5699111903802586, 0.9340840092857187], ""method"": ""Wilson two-sided 95%""}","{""numerator"": 12, ""denominator"": 16, ""estimate"": 0.75, ""ci95"": [0.5050168346449122, 0.8981793250878696], ""method"": ""Wilson two-sided 95%""}","{""numerator"": 12, ""denominator"": 13, ""estimate"": 0.9230769230769231, ""ci95"": [0.6668604907890041, 0.9862895787574435], ""method"": ""Wilson two-sided 95%""}","{""numerator"": 1, ""denominator"": 2, ""estimate"": 0.5, ""ci95"": [0.09453120573423074, 0.9054687942657693], ""method"": ""Wilson two-sided 95%""}","{""numerator"": 11, ""denominator"": 11, ""estimate"": 1.0, ""ci95"": [0.7411670330319684, 1.0], ""method"": ""Wilson two-sided 95%""}","{""numerator"": 1, ""denominator"": 2, ""estimate"": 0.5, ""ci95"": [0.09453120573423074, 0.9054687942657693], ""method"": ""Wilson two-sided 95%""}","{""numerator"": 0, ""denominator"": 11, ""estimate"": 0.0, ""ci95"": [0.0, 0.2588329669680317], ""method"": ""Wilson two-sided 95%""}","{""TP"": 1, ""FN"": 1, ""TN"": 11, ""FP"": 0}","{""sensitivity"": {""assigned_class_count"": 4, ""unscored_class_count"": 2, ""identification_bounds"": [0.25, 0.75], ""meaning"": ""Best/worst missing-outcome bounds, not confidence intervals; failures are not diagnostic FN/FP""}, ""specificity"": {""assigned_class_count"": 12, ""unscored_class_count"": 1, ""identification_bounds"": [0.9166666666666666, 1.0], ""meaning"": ""Best/worst missing-outcome bounds, not confidence intervals; failures are not diagnostic FN/FP""}}","{""measured_patients"": 0, ""missing_patients"": 16, ""measured_subtotal"": null, ""total"": null}"
evaluation,CXR,B,delegated,gpt-6-luna,,focal_consolidation,20,"{""numerator"": 20, ""denominator"": 20, ""estimate"": 1.0, ""ci95"": [0.8388748419471806, 1.0], ""method"": ""Wilson two-sided 95%""}","{""unscorable"": 5}",2,13,15,"{""completed"": 13, ""abstained"": 2}",13,"{""numerator"": 13, ""denominator"": 15, ""estimate"": 0.8666666666666667, ""ci95"": [0.6211801716767764, 0.9626387408969346], ""method"": ""Wilson two-sided 95%""}","{""numerator"": 13, ""denominator"": 15, ""estimate"": 0.8666666666666667, ""ci95"": [0.6211801716767764, 0.9626387408969346], ""method"": ""Wilson two-sided 95%""}","{""numerator"": 13, ""denominator"": 13, ""estimate"": 1.0, ""ci95"": [0.7719046276458016, 0.9999999999999999], ""method"": ""Wilson two-sided 95%""}","{""numerator"": 0, ""denominator"": 0, ""estimate"": null, ""ci95"": null}","{""numerator"": 13, ""denominator"": 13, ""estimate"": 1.0, ""ci95"": [0.7719046276458016, 0.9999999999999999], ""method"": ""Wilson two-sided 95%""}","{""numerator"": 0, ""denominator"": 0, ""estimate"": null, ""ci95"": null}","{""numerator"": 0, ""denominator"": 13, ""estimate"": 0.0, ""ci95"": [0.0, 0.22809537235419838], ""method"": ""Wilson two-sided 95%""}","{""TP"": 0, ""FN"": 0, ""TN"": 13, ""FP"": 0}","{""sensitivity"": {""assigned_class_count"": 2, ""unscored_class_count"": 2, ""identification_bounds"": [0.0, 1.0], ""meaning"": ""Best/worst missing-outcome bounds, not confidence intervals; failures are not diagnostic FN/FP""}, ""specificity"": {""assigned_class_count"": 13, ""unscored_class_count"": 0, ""identification_bounds"": [1.0, 1.0], ""meaning"": ""Best/worst missing-outcome bounds, not confidence intervals; failures are not diagnostic FN/FP""}}","{""measured_patients"": 0, ""missing_patients"": 15, ""measured_subtotal"": null, ""total"": null}"
evaluation,CXR,B,delegated,gpt-6.1-sol,,pleural_effusion,20,"{""numerator"": 20, ""denominator"": 20, ""estimate"": 1.0, ""ci95"": [0.8388748419471806, 1.0], ""method"": ""Wilson two-sided 95%""}","{""ambiguous"": 1, ""unscorable"": 3}",3,13,16,"{""completed"": 16}",16,"{""numerator"": 16, ""denominator"": 16, ""estimate"": 1.0, ""ci95"": [0.8063923194655637, 1.0], ""method"": ""Wilson two-sided 95%""}","{""numerator"": 15, ""denominator"": 16, ""estimate"": 0.9375, ""ci95"": [0.7167126242970107, 0.9888806552353576], ""method"": ""Wilson two-sided 95%""}","{""numerator"": 15, ""denominator"": 16, ""estimate"": 0.9375, ""ci95"": [0.7167126242970107, 0.9888806552353576], ""method"": ""Wilson two-sided 95%""}","{""numerator"": 2, ""denominator"": 3, ""estimate"": 0.6666666666666666, ""ci95"": [0.2076596008020477, 0.9385080552796037], ""method"": ""Wilson two-sided 95%""}","{""numerator"": 13, ""denominator"": 13, ""estimate"": 1.0, ""ci95"": [0.7719046276458016, 0.9999999999999999], ""method"": ""Wilson two-sided 95%""}","{""numerator"": 1, ""denominator"": 3, ""estimate"": 0.3333333333333333, ""ci95"": [0.06149194472039621, 0.7923403991979522], ""method"": ""Wilson two-sided 95%""}","{""numerator"": 0, ""denominator"": 13, ""estimate"": 0.0, ""ci95"": [0.0, 0.22809537235419838], ""method"": ""Wilson two-sided 95%""}","{""TP"": 2, ""FN"": 1, ""TN"": 13, ""FP"": 0}","{""sensitivity"": {""assigned_class_count"": 3, ""unscored_class_count"": 0, ""identification_bounds"": [0.6666666666666666, 0.6666666666666666], ""meaning"": ""Best/worst missing-outcome bounds, not confidence intervals; failures are not diagnostic FN/FP""}, ""specificity"": {""assigned_class_count"": 13, ""unscored_class_count"": 0, ""identification_bounds"": [1.0, 1.0], ""meaning"": ""Best/worst missing-outcome bounds, not confidence intervals; failures are not diagnostic FN/FP""}}","{""measured_patients"": 0, ""missing_patients"": 16, ""measured_subtotal"": null, ""total"": null}"
evaluation,CXR,B,delegated,gpt-6.1-sol,,pneumothorax,20,"{""numerator"": 20, ""denominator"": 20, ""estimate"": 1.0, ""ci95"": [0.8388748419471806, 1.0], ""method"": ""Wilson two-sided 95%""}","{""ambiguous"": 1, ""unscorable"": 1}",3,15,18,"{""completed"": 18}",18,"{""numerator"": 18, ""denominator"": 18, ""estimate"": 1.0, ""ci95"": [0.8241207763533425, 1.0], ""method"": ""Wilson two-sided 95%""}","{""numerator"": 15, ""denominator"": 18, ""estimate"": 0.8333333333333334, ""ci95"": [0.6077796189608428, 0.9416342319413856], ""method"": ""Wilson two-sided 95%""}","{""numerator"": 15, ""denominator"": 18, ""estimate"": 0.8333333333333334, ""ci95"": [0.6077796189608428, 0.9416342319413856], ""method"": ""Wilson two-sided 95%""}","{""numerator"": 0, ""denominator"": 3, ""estimate"": 0.0, ""ci95"": [5.551115123125783e-17, 0.5614970317550454], ""method"": ""Wilson two-sided 95%""}","{""numerator"": 15, ""denominator"": 15, ""estimate"": 1.0, ""ci95"": [0.7961166989641515, 1.0], ""method"": ""Wilson two-sided 95%""}","{""numerator"": 3, ""denominator"": 3, ""estimate"": 1.0, ""ci95"": [0.4385029682449546, 1.0], ""method"": ""Wilson two-sided 95%""}","{""numerator"": 0, ""denominator"": 15, ""estimate"": 0.0, ""ci95"": [0.0, 0.20388330103584862], ""method"": ""Wilson two-sided 95%""}","{""TP"": 0, ""FN"": 3, ""TN"": 15, ""FP"": 0}","{""sensitivity"": {""assigned_class_count"": 3, ""unscored_class_count"": 0, ""identification_bounds"": [0.0, 0.0], ""meaning"": ""Best/worst missing-outcome bounds, not confidence intervals; failures are not diagnostic FN/FP""}, ""specificity"": {""assigned_class_count"": 15, ""unscored_class_count"": 0, ""identification_bounds"": [1.0, 1.0], ""meaning"": ""Best/worst missing-outcome bounds, not confidence intervals; failures are not diagnostic FN/FP""}}","{""measured_patients"": 0, ""missing_patients"": 18, ""measured_subtotal"": null, ""total"": null}"
evaluation,CXR,B,delegated,gpt-6.1-sol,,cardiomegaly,20,"{""numerator"": 20, ""denominator"": 20, ""estimate"": 1.0, ""ci95"": [0.8388748419471806, 1.0], ""method"": ""Wilson two-sided 95%""}","{""ambiguous"": 1, ""unscorable"": 3}",4,12,16,"{""completed"": 15, ""input_insufficient"": 1}",15,"{""numerator"": 15, ""denominator"": 16, ""estimate"": 0.9375, ""ci95"": [0.7167126242970107, 0.9888806552353576], ""method"": ""Wilson two-sided 95%""}","{""numerator"": 12, ""denominator"": 16, ""estimate"": 0.75, ""ci95"": [0.5050168346449122, 0.8981793250878696], ""method"": ""Wilson two-sided 95%""}","{""numerator"": 12, ""denominator"": 15, ""estimate"": 0.8, ""ci95"": [0.5481455128483065, 0.9295245065301844], ""method"": ""Wilson two-sided 95%""}","{""numerator"": 1, ""denominator"": 4, ""estimate"": 0.25, ""ci95"": [0.04558726080970055, 0.6993581574175981], ""method"": ""Wilson two-sided 95%""}","{""numerator"": 11, ""denominator"": 11, ""estimate"": 1.0, ""ci95"": [0.7411670330319684, 1.0], ""method"": ""Wilson two-sided 95%""}","{""numerator"": 3, ""denominator"": 4, ""estimate"": 0.75, ""ci95"": [0.30064184258240184, 0.9544127391902995], ""method"": ""Wilson two-sided 95%""}","{""numerator"": 0, ""denominator"": 11, ""estimate"": 0.0, ""ci95"": [0.0, 0.2588329669680317], ""method"": ""Wilson two-sided 95%""}","{""TP"": 1, ""FN"": 3, ""TN"": 11, ""FP"": 0}","{""sensitivity"": {""assigned_class_count"": 4, ""unscored_class_count"": 0, ""identification_bounds"": [0.25, 0.25], ""meaning"": ""Best/worst missing-outcome bounds, not confidence intervals; failures are not diagnostic FN/FP""}, ""specificity"": {""assigned_class_count"": 12, ""unscored_class_count"": 1, ""identification_bounds"": [0.9166666666666666, 1.0], ""meaning"": ""Best/worst missing-outcome bounds, not confidence intervals; failures are not diagnostic FN/FP""}}","{""measured_patients"": 0, ""missing_patients"": 16, ""measured_subtotal"": null, ""total"": null}"
evaluation,CXR,B,delegated,gpt-6.1-sol,,focal_consolidation,20,"{""numerator"": 20, ""denominator"": 20, ""estimate"": 1.0, ""ci95"": [0.8388748419471806, 1.0], ""method"": ""Wilson two-sided 95%""}","{""unscorable"": 5}",2,13,15,"{""completed"": 15}",15,"{""numerator"": 15, ""denominator"": 15, ""estimate"": 1.0, ""ci95"": [0.7961166989641515, 1.0], ""method"": ""Wilson two-sided 95%""}","{""numerator"": 14, ""denominator"": 15, ""estimate"": 0.9333333333333333, ""ci95"": [0.7018347012621998, 0.9881331045067315], ""method"": ""Wilson two-sided 95%""}","{""numerator"": 14, ""denominator"": 15, ""estimate"": 0.9333333333333333, ""ci95"": [0.7018347012621998, 0.9881331045067315], ""method"": ""Wilson two-sided 95%""}","{""numerator"": 1, ""denominator"": 2, ""estimate"": 0.5, ""ci95"": [0.09453120573423074, 0.9054687942657693], ""method"": ""Wilson two-sided 95%""}","{""numerator"": 13, ""denominator"": 13, ""estimate"": 1.0, ""ci95"": [0.7719046276458016, 0.9999999999999999], ""method"": ""Wilson two-sided 95%""}","{""numerator"": 1, ""denominator"": 2, ""estimate"": 0.5, ""ci95"": [0.09453120573423074, 0.9054687942657693], ""method"": ""Wilson two-sided 95%""}","{""numerator"": 0, ""denominator"": 13, ""estimate"": 0.0, ""ci95"": [0.0, 0.22809537235419838], ""method"": ""Wilson two-sided 95%""}","{""TP"": 1, ""FN"": 1, ""TN"": 13, ""FP"": 0}","{""sensitivity"": {""assigned_class_count"": 2, ""unscored_class_count"": 0, ""identification_bounds"": [0.5, 0.5], ""meaning"": ""Best/worst missing-outcome bounds, not confidence intervals; failures are not diagnostic FN/FP""}, ""specificity"": {""assigned_class_count"": 13, ""unscored_class_count"": 0, ""identification_bounds"": [1.0, 1.0], ""meaning"": ""Best/worst missing-outcome bounds, not confidence intervals; failures are not diagnostic FN/FP""}}","{""measured_patients"": 0, ""missing_patients"": 15, ""measured_subtotal"": null, ""total"": null}"
evaluation,CXR,B,primary,google/medgemma-1.5-4b-it,,pleural_effusion,60,"{""numerator"": 60, ""denominator"": 60, ""estimate"": 1.0, ""ci95"": [0.93982814785791, 0.9999999999999998], ""method"": ""Wilson two-sided 95%""}","{""ambiguous"": 5, ""unscorable"": 10}",16,29,45,"{""completed"": 44, ""input_insufficient"": 1}",44,"{""numerator"": 44, ""denominator"": 45, ""estimate"": 0.9777777777777777, ""ci95"": [0.8843331823158513, 0.9960664011171667], ""method"": ""Wilson two-sided 95%""}","{""numerator"": 39, ""denominator"": 45, ""estimate"": 0.8666666666666667, ""ci95"": [0.7382269817382293, 0.9374285125243192], ""method"": ""Wilson two-sided 95%""}","{""numerator"": 39, ""denominator"": 44, ""estimate"": 0.8863636363636364, ""ci95"": [0.7602084758339172, 0.950472193989075], ""method"": ""Wilson two-sided 95%""}","{""numerator"": 10, ""denominator"": 15, ""estimate"": 0.6666666666666666, ""ci95"": [0.41713547738519774, 0.8482367556028526], ""method"": ""Wilson two-sided 95%""}","{""numerator"": 29, ""denominator"": 29, ""estimate"": 1.0, ""ci95"": [0.8830302015002593, 1.0], ""method"": ""Wilson two-sided 95%""}","{""numerator"": 5, ""denominator"": 15, ""estimate"": 0.3333333333333333, ""ci95"": [0.1517632443971473, 0.5828645226148023], ""method"": ""Wilson two-sided 95%""}","{""numerator"": 0, ""denominator"": 29, ""estimate"": 0.0, ""ci95"": [0.0, 0.11696979849974075], ""method"": ""Wilson two-sided 95%""}","{""TP"": 10, ""FN"": 5, ""TN"": 29, ""FP"": 0}","{""sensitivity"": {""assigned_class_count"": 16, ""unscored_class_count"": 1, ""identification_bounds"": [0.625, 0.6875], ""meaning"": ""Best/worst missing-outcome bounds, not confidence intervals; failures are not diagnostic FN/FP""}, ""specificity"": {""assigned_class_count"": 29, ""unscored_class_count"": 0, ""identification_bounds"": [1.0, 1.0], ""meaning"": ""Best/worst missing-outcome bounds, not confidence intervals; failures are not diagnostic FN/FP""}}","{""measured_patients"": 0, ""missing_patients"": 45, ""measured_subtotal"": null, ""total"": null}"
evaluation,CXR,B,primary,google/medgemma-1.5-4b-it,,pneumothorax,60,"{""numerator"": 60, ""denominator"": 60, ""estimate"": 1.0, ""ci95"": [0.93982814785791, 0.9999999999999998], ""method"": ""Wilson two-sided 95%""}","{""ambiguous"": 5, ""unscorable"": 6}",10,39,49,"{""completed"": 49}",49,"{""numerator"": 49, ""denominator"": 49, ""estimate"": 1.0, ""ci95"": [0.9273021807795035, 0.9999999999999999], ""method"": ""Wilson two-sided 95%""}","{""numerator"": 40, ""denominator"": 49, ""estimate"": 0.8163265306122449, ""ci95"": [0.6864239739710013, 0.9002365893792968], ""method"": ""Wilson two-sided 95%""}","{""numerator"": 40, ""denominator"": 49, ""estimate"": 0.8163265306122449, ""ci95"": [0.6864239739710013, 0.9002365893792968], ""method"": ""Wilson two-sided 95%""}","{""numerator"": 1, ""denominator"": 10, ""estimate"": 0.1, ""ci95"": [0.017876213095072896, 0.4041500267952385], ""method"": ""Wilson two-sided 95%""}","{""numerator"": 39, ""denominator"": 39, ""estimate"": 1.0, ""ci95"": [0.9103331462924287, 1.0], ""method"": ""Wilson two-sided 95%""}","{""numerator"": 9, ""denominator"": 10, ""estimate"": 0.9, ""ci95"": [0.5958499732047615, 0.9821237869049271], ""method"": ""Wilson two-sided 95%""}","{""numerator"": 0, ""denominator"": 39, ""estimate"": 0.0, ""ci95"": [0.0, 0.08966685370757144], ""method"": ""Wilson two-sided 95%""}","{""TP"": 1, ""FN"": 9, ""TN"": 39, ""FP"": 0}","{""sensitivity"": {""assigned_class_count"": 10, ""unscored_class_count"": 0, ""identification_bounds"": [0.1, 0.1], ""meaning"": ""Best/worst missing-outcome bounds, not confidence intervals; failures are not diagnostic FN/FP""}, ""specificity"": {""assigned_class_count"": 39, ""unscored_class_count"": 0, ""identification_bounds"": [1.0, 1.0], ""meaning"": ""Best/worst missing-outcome bounds, not confidence intervals; failures are not diagnostic FN/FP""}}","{""measured_patients"": 0, ""missing_patients"": 49, ""measured_subtotal"": null, ""total"": null}"
evaluation,CXR,B,primary,google/medgemma-1.5-4b-it,,cardiomegaly,60,"{""numerator"": 60, ""denominator"": 60, ""estimate"": 1.0, ""ci95"": [0.93982814785791, 0.9999999999999998], ""method"": ""Wilson two-sided 95%""}","{""ambiguous"": 1, ""unscorable"": 11}",15,33,48,"{""input_insufficient"": 13, ""abstained"": 2, ""completed"": 33}",33,"{""numerator"": 33, ""denominator"": 48, ""estimate"": 0.6875, ""ci95"": [0.5466692858410841, 0.8005431655341219], ""method"": ""Wilson two-sided 95%""}","{""numerator"": 32, ""denominator"": 48, ""estimate"": 0.6666666666666666, ""ci95"": [0.5254010970594798, 0.7832321930518142], ""method"": ""Wilson two-sided 95%""}","{""numerator"": 32, ""denominator"": 33, ""estimate"": 0.9696969696969697, ""ci95"": [0.846812746178811, 0.9946305894631283], ""method"": ""Wilson two-sided 95%""}","{""numerator"": 9, ""denominator"": 10, ""estimate"": 0.9, ""ci95"": [0.5958499732047615, 0.9821237869049271], ""method"": ""Wilson two-sided 95%""}","{""numerator"": 23, ""denominator"": 23, ""estimate"": 1.0, ""ci95"": [0.8568833815495731, 1.0], ""method"": ""Wilson two-sided 95%""}","{""numerator"": 1, ""denominator"": 10, ""estimate"": 0.1, ""ci95"": [0.017876213095072896, 0.4041500267952385], ""method"": ""Wilson two-sided 95%""}","{""numerator"": 0, ""denominator"": 23, ""estimate"": 0.0, ""ci95"": [0.0, 0.14311661845042686], ""method"": ""Wilson two-sided 95%""}","{""TP"": 9, ""FN"": 1, ""TN"": 23, ""FP"": 0}","{""sensitivity"": {""assigned_class_count"": 15, ""unscored_class_count"": 5, ""identification_bounds"": [0.6, 0.9333333333333333], ""meaning"": ""Best/worst missing-outcome bounds, not confidence intervals; failures are not diagnostic FN/FP""}, ""specificity"": {""assigned_class_count"": 33, ""unscored_class_count"": 10, ""identification_bounds"": [0.696969696969697, 1.0], ""meaning"": ""Best/worst missing-outcome bounds, not confidence intervals; failures are not diagnostic FN/FP""}}","{""measured_patients"": 0, ""missing_patients"": 48, ""measured_subtotal"": null, ""total"": null}"
evaluation,CXR,B,primary,google/medgemma-1.5-4b-it,,focal_consolidation,60,"{""numerator"": 60, ""denominator"": 60, ""estimate"": 1.0, ""ci95"": [0.93982814785791, 0.9999999999999998], ""method"": ""Wilson two-sided 95%""}","{""unscorable"": 20, ""ambiguous"": 3}",10,27,37,"{""completed"": 30, ""input_insufficient"": 7}",30,"{""numerator"": 30, ""denominator"": 37, ""estimate"": 0.8108108108108109, ""ci95"": [0.6579530307016159, 0.9052002126968799], ""method"": ""Wilson two-sided 95%""}","{""numerator"": 28, ""denominator"": 37, ""estimate"": 0.7567567567567568, ""ci95"": [0.5988270787855735, 0.8663864701088361], ""method"": ""Wilson two-sided 95%""}","{""numerator"": 28, ""denominator"": 30, ""estimate"": 0.9333333333333333, ""ci95"": [0.7867654163738308, 0.9815229762087295], ""method"": ""Wilson two-sided 95%""}","{""numerator"": 4, ""denominator"": 6, ""estimate"": 0.6666666666666666, ""ci95"": [0.299993315138392, 0.9032285888942195], ""method"": ""Wilson two-sided 95%""}","{""numerator"": 24, ""denominator"": 24, ""estimate"": 1.0, ""ci95"": [0.8620237953250198, 1.0], ""method"": ""Wilson two-sided 95%""}","{""numerator"": 2, ""denominator"": 6, ""estimate"": 0.3333333333333333, ""ci95"": [0.09677141110578041, 0.700006684861608], ""method"": ""Wilson two-sided 95%""}","{""numerator"": 0, ""denominator"": 24, ""estimate"": 0.0, ""ci95"": [1.3877787807814457e-17, 0.13797620467498017], ""method"": ""Wilson two-sided 95%""}","{""TP"": 4, ""FN"": 2, ""TN"": 24, ""FP"": 0}","{""sensitivity"": {""assigned_class_count"": 10, ""unscored_class_count"": 4, ""identification_bounds"": [0.4, 0.8], ""meaning"": ""Best/worst missing-outcome bounds, not confidence intervals; failures are not diagnostic FN/FP""}, ""specificity"": {""assigned_class_count"": 27, ""unscored_class_count"": 3, ""identification_bounds"": [0.8888888888888888, 1.0], ""meaning"": ""Best/worst missing-outcome bounds, not confidence intervals; failures are not diagnostic FN/FP""}}","{""measured_patients"": 0, ""missing_patients"": 37, ""measured_subtotal"": null, ""total"": null}"
evaluation,CXR,B,primary,google/medgemma-1.5-4b-it,repeat1,pleural_effusion,5,"{""numerator"": 5, ""denominator"": 5, ""estimate"": 1.0, ""ci95"": [0.5655175352168251, 1.0], ""method"": ""Wilson two-sided 95%""}","{""ambiguous"": 1}",1,3,4,"{""completed"": 4}",4,"{""numerator"": 4, ""denominator"": 4, ""estimate"": 1.0, ""ci95"": [0.5101091635454027, 1.0], ""method"": ""Wilson two-sided 95%""}","{""numerator"": 3, ""denominator"": 4, ""estimate"": 0.75, ""ci95"": [0.30064184258240184, 0.9544127391902995], ""method"": ""Wilson two-sided 95%""}","{""numerator"": 3, ""denominator"": 4, ""estimate"": 0.75, ""ci95"": [0.30064184258240184, 0.9544127391902995], ""method"": ""Wilson two-sided 95%""}","{""numerator"": 0, ""denominator"": 1, ""estimate"": 0.0, ""ci95"": [0.0, 0.7934506856227626], ""method"": ""Wilson two-sided 95%""}","{""numerator"": 3, ""denominator"": 3, ""estimate"": 1.0, ""ci95"": [0.4385029682449546, 1.0], ""method"": ""Wilson two-sided 95%""}","{""numerator"": 1, ""denominator"": 1, ""estimate"": 1.0, ""ci95"": [0.20654931437723745, 1.0], ""method"": ""Wilson two-sided 95%""}","{""numerator"": 0, ""denominator"": 3, ""estimate"": 0.0, ""ci95"": [5.551115123125783e-17, 0.5614970317550454], ""method"": ""Wilson two-sided 95%""}","{""TP"": 0, ""FN"": 1, ""TN"": 3, ""FP"": 0}","{""sensitivity"": {""assigned_class_count"": 1, ""unscored_class_count"": 0, ""identification_bounds"": [0.0, 0.0], ""meaning"": ""Best/worst missing-outcome bounds, not confidence intervals; failures are not diagnostic FN/FP""}, ""specificity"": {""assigned_class_count"": 3, ""unscored_class_count"": 0, ""identification_bounds"": [1.0, 1.0], ""meaning"": ""Best/worst missing-outcome bounds, not confidence intervals; failures are not diagnostic FN/FP""}}","{""measured_patients"": 0, ""missing_patients"": 4, ""measured_subtotal"": null, ""total"": null}"
evaluation,CXR,B,primary,google/medgemma-1.5-4b-it,repeat1,pneumothorax,5,"{""numerator"": 5, ""denominator"": 5, ""estimate"": 1.0, ""ci95"": [0.5655175352168251, 1.0], ""method"": ""Wilson two-sided 95%""}","{""ambiguous"": 1}",1,3,4,"{""completed"": 4}",4,"{""numerator"": 4, ""denominator"": 4, ""estimate"": 1.0, ""ci95"": [0.5101091635454027, 1.0], ""method"": ""Wilson two-sided 95%""}","{""numerator"": 3, ""denominator"": 4, ""estimate"": 0.75, ""ci95"": [0.30064184258240184, 0.9544127391902995], ""method"": ""Wilson two-sided 95%""}","{""numerator"": 3, ""denominator"": 4, ""estimate"": 0.75, ""ci95"": [0.30064184258240184, 0.9544127391902995], ""method"": ""Wilson two-sided 95%""}","{""numerator"": 0, ""denominator"": 1, ""estimate"": 0.0, ""ci95"": [0.0, 0.7934506856227626], ""method"": ""Wilson two-sided 95%""}","{""numerator"": 3, ""denominator"": 3, ""estimate"": 1.0, ""ci95"": [0.4385029682449546, 1.0], ""method"": ""Wilson two-sided 95%""}","{""numerator"": 1, ""denominator"": 1, ""estimate"": 1.0, ""ci95"": [0.20654931437723745, 1.0], ""method"": ""Wilson two-sided 95%""}","{""numerator"": 0, ""denominator"": 3, ""estimate"": 0.0, ""ci95"": [5.551115123125783e-17, 0.5614970317550454], ""method"": ""Wilson two-sided 95%""}","{""TP"": 0, ""FN"": 1, ""TN"": 3, ""FP"": 0}","{""sensitivity"": {""assigned_class_count"": 1, ""unscored_class_count"": 0, ""identification_bounds"": [0.0, 0.0], ""meaning"": ""Best/worst missing-outcome bounds, not confidence intervals; failures are not diagnostic FN/FP""}, ""specificity"": {""assigned_class_count"": 3, ""unscored_class_count"": 0, ""identification_bounds"": [1.0, 1.0], ""meaning"": ""Best/worst missing-outcome bounds, not confidence intervals; failures are not diagnostic FN/FP""}}","{""measured_patients"": 0, ""missing_patients"": 4, ""measured_subtotal"": null, ""total"": null}"
evaluation,CXR,B,primary,google/medgemma-1.5-4b-it,repeat1,cardiomegaly,5,"{""numerator"": 5, ""denominator"": 5, ""estimate"": 1.0, ""ci95"": [0.5655175352168251, 1.0], ""method"": ""Wilson two-sided 95%""}","{""unscorable"": 1}",2,2,4,"{""input_insufficient"": 1, ""completed"": 3}",3,"{""numerator"": 3, ""denominator"": 4, ""estimate"": 0.75, ""ci95"": [0.30064184258240184, 0.9544127391902995], ""method"": ""Wilson two-sided 95%""}","{""numerator"": 3, ""denominator"": 4, ""estimate"": 0.75, ""ci95"": [0.30064184258240184, 0.9544127391902995], ""method"": ""Wilson two-sided 95%""}","{""numerator"": 3, ""denominator"": 3, ""estimate"": 1.0, ""ci95"": [0.4385029682449546, 1.0], ""method"": ""Wilson two-sided 95%""}","{""numerator"": 1, ""denominator"": 1, ""estimate"": 1.0, ""ci95"": [0.20654931437723745, 1.0], ""method"": ""Wilson two-sided 95%""}","{""numerator"": 2, ""denominator"": 2, ""estimate"": 1.0, ""ci95"": [0.34238022750665303, 1.0], ""method"": ""Wilson two-sided 95%""}","{""numerator"": 0, ""denominator"": 1, ""estimate"": 0.0, ""ci95"": [0.0, 0.7934506856227626], ""method"": ""Wilson two-sided 95%""}","{""numerator"": 0, ""denominator"": 2, ""estimate"": 0.0, ""ci95"": [0.0, 0.6576197724933469], ""method"": ""Wilson two-sided 95%""}","{""TP"": 1, ""FN"": 0, ""TN"": 2, ""FP"": 0}","{""sensitivity"": {""assigned_class_count"": 2, ""unscored_class_count"": 1, ""identification_bounds"": [0.5, 1.0], ""meaning"": ""Best/worst missing-outcome bounds, not confidence intervals; failures are not diagnostic FN/FP""}, ""specificity"": {""assigned_class_count"": 2, ""unscored_class_count"": 0, ""identification_bounds"": [1.0, 1.0], ""meaning"": ""Best/worst missing-outcome bounds, not confidence intervals; failures are not diagnostic FN/FP""}}","{""measured_patients"": 0, ""missing_patients"": 4, ""measured_subtotal"": null, ""total"": null}"
evaluation,CXR,B,primary,google/medgemma-1.5-4b-it,repeat1,focal_consolidation,5,"{""numerator"": 5, ""denominator"": 5, ""estimate"": 1.0, ""ci95"": [0.5655175352168251, 1.0], ""method"": ""Wilson two-sided 95%""}","{""unscorable"": 1}",0,4,4,"{""completed"": 3, ""input_insufficient"": 1}",3,"{""numerator"": 3, ""denominator"": 4, ""estimate"": 0.75, ""ci95"": [0.30064184258240184, 0.9544127391902995], ""method"": ""Wilson two-sided 95%""}","{""numerator"": 3, ""denominator"": 4, ""estimate"": 0.75, ""ci95"": [0.30064184258240184, 0.9544127391902995], ""method"": ""Wilson two-sided 95%""}","{""numerator"": 3, ""denominator"": 3, ""estimate"": 1.0, ""ci95"": [0.4385029682449546, 1.0], ""method"": ""Wilson two-sided 95%""}","{""numerator"": 0, ""denominator"": 0, ""estimate"": null, ""ci95"": null}","{""numerator"": 3, ""denominator"": 3, ""estimate"": 1.0, ""ci95"": [0.4385029682449546, 1.0], ""method"": ""Wilson two-sided 95%""}","{""numerator"": 0, ""denominator"": 0, ""estimate"": null, ""ci95"": null}","{""numerator"": 0, ""denominator"": 3, ""estimate"": 0.0, ""ci95"": [5.551115123125783e-17, 0.5614970317550454], ""method"": ""Wilson two-sided 95%""}","{""TP"": 0, ""FN"": 0, ""TN"": 3, ""FP"": 0}","{""sensitivity"": {""assigned_class_count"": 0, ""unscored_class_count"": 0, ""identification_bounds"": null, ""meaning"": ""Best/worst missing-outcome bounds, not confidence intervals; failures are not diagnostic FN/FP""}, ""specificity"": {""assigned_class_count"": 4, ""unscored_class_count"": 1, ""identification_bounds"": [0.75, 1.0], ""meaning"": ""Best/worst missing-outcome bounds, not confidence intervals; failures are not diagnostic FN/FP""}}","{""measured_patients"": 0, ""missing_patients"": 4, ""measured_subtotal"": null, ""total"": null}"
evaluation,CXR,B,primary,gpt-6-astra,,pleural_effusion,60,"{""numerator"": 60, ""denominator"": 60, ""estimate"": 1.0, ""ci95"": [0.93982814785791, 0.9999999999999998], ""method"": ""Wilson two-sided 95%""}","{""ambiguous"": 5, ""unscorable"": 10}",16,29,45,"{""completed"": 41, ""abstained"": 4}",41,"{""numerator"": 41, ""denominator"": 45, ""estimate"": 0.9111111111111111, ""ci95"": [0.7926642466571064, 0.9648888832736299], ""method"": ""Wilson two-sided 95%""}","{""numerator"": 38, ""denominator"": 45, ""estimate"": 0.8444444444444444, ""ci95"": [0.7121609112760374, 0.9225457651524174], ""method"": ""Wilson two-sided 95%""}","{""numerator"": 38, ""denominator"": 41, ""estimate"": 0.926829268292683, ""ci95"": [0.8057255146228096, 0.9748021693660901], ""method"": ""Wilson two-sided 95%""}","{""numerator"": 10, ""denominator"": 13, ""estimate"": 0.7692307692307693, ""ci95"": [0.49743624053272495, 0.9182047128150143], ""method"": ""Wilson two-sided 95%""}","{""numerator"": 28, ""denominator"": 28, ""estimate"": 1.0, ""ci95"": [0.8793566952341543, 0.9999999999999998], ""method"": ""Wilson two-sided 95%""}","{""numerator"": 3, ""denominator"": 13, ""estimate"": 0.23076923076923078, ""ci95"": [0.08179528718498569, 0.5025637594672749], ""method"": ""Wilson two-sided 95%""}","{""numerator"": 0, ""denominator"": 28, ""estimate"": 0.0, ""ci95"": [1.3877787807814457e-17, 0.12064330476584563], ""method"": ""Wilson two-sided 95%""}","{""TP"": 10, ""FN"": 3, ""TN"": 28, ""FP"": 0}","{""sensitivity"": {""assigned_class_count"": 16, ""unscored_class_count"": 3, ""identification_bounds"": [0.625, 0.8125], ""meaning"": ""Best/worst missing-outcome bounds, not confidence intervals; failures are not diagnostic FN/FP""}, ""specificity"": {""assigned_class_count"": 29, ""unscored_class_count"": 1, ""identification_bounds"": [0.9655172413793104, 1.0], ""meaning"": ""Best/worst missing-outcome bounds, not confidence intervals; failures are not diagnostic FN/FP""}}","{""measured_patients"": 0, ""missing_patients"": 45, ""measured_subtotal"": null, ""total"": null}"
evaluation,CXR,B,primary,gpt-6-astra,,pneumothorax,60,"{""numerator"": 60, ""denominator"": 60, ""estimate"": 1.0, ""ci95"": [0.93982814785791, 0.9999999999999998], ""method"": ""Wilson two-sided 95%""}","{""ambiguous"": 5, ""unscorable"": 6}",10,39,49,"{""completed"": 48, ""abstained"": 1}",48,"{""numerator"": 48, ""denominator"": 49, ""estimate"": 0.9795918367346939, ""ci95"": [0.8930647847660838, 0.9963883274101746], ""method"": ""Wilson two-sided 95%""}","{""numerator"": 39, ""denominator"": 49, ""estimate"": 0.7959183673469388, ""ci95"": [0.6636299908048744, 0.8851815039421786], ""method"": ""Wilson two-sided 95%""}","{""numerator"": 39, ""denominator"": 48, ""estimate"": 0.8125, ""ci95"": [0.680601328507153, 0.8980860904515235], ""method"": ""Wilson two-sided 95%""}","{""numerator"": 0, ""denominator"": 9, ""estimate"": 0.0, ""ci95"": [0.0, 0.2991450484195441], ""method"": ""Wilson two-sided 95%""}","{""numerator"": 39, ""denominator"": 39, ""estimate"": 1.0, ""ci95"": [0.9103331462924287, 1.0], ""method"": ""Wilson two-sided 95%""}","{""numerator"": 9, ""denominator"": 9, ""estimate"": 1.0, ""ci95"": [0.7008549515804559, 1.0], ""method"": ""Wilson two-sided 95%""}","{""numerator"": 0, ""denominator"": 39, ""estimate"": 0.0, ""ci95"": [0.0, 0.08966685370757144], ""method"": ""Wilson two-sided 95%""}","{""TP"": 0, ""FN"": 9, ""TN"": 39, ""FP"": 0}","{""sensitivity"": {""assigned_class_count"": 10, ""unscored_class_count"": 1, ""identification_bounds"": [0.0, 0.1], ""meaning"": ""Best/worst missing-outcome bounds, not confidence intervals; failures are not diagnostic FN/FP""}, ""specificity"": {""assigned_class_count"": 39, ""unscored_class_count"": 0, ""identification_bounds"": [1.0, 1.0], ""meaning"": ""Best/worst missing-outcome bounds, not confidence intervals; failures are not diagnostic FN/FP""}}","{""measured_patients"": 0, ""missing_patients"": 49, ""measured_subtotal"": null, ""total"": null}"
evaluation,CXR,B,primary,gpt-6-astra,,cardiomegaly,60,"{""numerator"": 60, ""denominator"": 60, ""estimate"": 1.0, ""ci95"": [0.93982814785791, 0.9999999999999998], ""method"": ""Wilson two-sided 95%""}","{""ambiguous"": 1, ""unscorable"": 11}",15,33,48,"{""completed"": 44, ""input_insufficient"": 2, ""abstained"": 2}",44,"{""numerator"": 44, ""denominator"": 48, ""estimate"": 0.9166666666666666, ""ci95"": [0.8044669820963272, 0.9671162431819081], ""method"": ""Wilson two-sided 95%""}","{""numerator"": 37, ""denominator"": 48, ""estimate"": 0.7708333333333334, ""ci95"": [0.6346073590999655, 0.8669217373308877], ""method"": ""Wilson two-sided 95%""}","{""numerator"": 37, ""denominator"": 44, ""estimate"": 0.8409090909090909, ""ci95"": [0.7063379493775939, 0.9207332298779876], ""method"": ""Wilson two-sided 95%""}","{""numerator"": 7, ""denominator"": 14, ""estimate"": 0.5, ""ci95"": [0.26799202452413634, 0.7320079754758637], ""method"": ""Wilson two-sided 95%""}","{""numerator"": 30, ""denominator"": 30, ""estimate"": 1.0, ""ci95"": [0.8864866068260312, 0.9999999999999999], ""method"": ""Wilson two-sided 95%""}","{""numerator"": 7, ""denominator"": 14, ""estimate"": 0.5, ""ci95"": [0.26799202452413634, 0.7320079754758637], ""method"": ""Wilson two-sided 95%""}","{""numerator"": 0, ""denominator"": 30, ""estimate"": 0.0, ""ci95"": [0.0, 0.11351339317396876], ""method"": ""Wilson two-sided 95%""}","{""TP"": 7, ""FN"": 7, ""TN"": 30, ""FP"": 0}","{""sensitivity"": {""assigned_class_count"": 15, ""unscored_class_count"": 1, ""identification_bounds"": [0.4666666666666667, 0.5333333333333333], ""meaning"": ""Best/worst missing-outcome bounds, not confidence intervals; failures are not diagnostic FN/FP""}, ""specificity"": {""assigned_class_count"": 33, ""unscored_class_count"": 3, ""identification_bounds"": [0.9090909090909091, 1.0], ""meaning"": ""Best/worst missing-outcome bounds, not confidence intervals; failures are not diagnostic FN/FP""}}","{""measured_patients"": 0, ""missing_patients"": 48, ""measured_subtotal"": null, ""total"": null}"
evaluation,CXR,B,primary,gpt-6-astra,,focal_consolidation,60,"{""numerator"": 60, ""denominator"": 60, ""estimate"": 1.0, ""ci95"": [0.93982814785791, 0.9999999999999998], ""method"": ""Wilson two-sided 95%""}","{""unscorable"": 20, ""ambiguous"": 3}",10,27,37,"{""completed"": 32, ""abstained"": 5}",32,"{""numerator"": 32, ""denominator"": 37, ""estimate"": 0.8648648648648649, ""ci95"": [0.7202258821599021, 0.9408670557426799], ""method"": ""Wilson two-sided 95%""}","{""numerator"": 30, ""denominator"": 37, ""estimate"": 0.8108108108108109, ""ci95"": [0.6579530307016159, 0.9052002126968799], ""method"": ""Wilson two-sided 95%""}","{""numerator"": 30, ""denominator"": 32, ""estimate"": 0.9375, ""ci95"": [0.7985287685584542, 0.982689432968359], ""method"": ""Wilson two-sided 95%""}","{""numerator"": 4, ""denominator"": 6, ""estimate"": 0.6666666666666666, ""ci95"": [0.299993315138392, 0.9032285888942195], ""method"": ""Wilson two-sided 95%""}","{""numerator"": 26, ""denominator"": 26, ""estimate"": 1.0, ""ci95"": [0.8712710781407846, 1.0], ""method"": ""Wilson two-sided 95%""}","{""numerator"": 2, ""denominator"": 6, ""estimate"": 0.3333333333333333, ""ci95"": [0.09677141110578041, 0.700006684861608], ""method"": ""Wilson two-sided 95%""}","{""numerator"": 0, ""denominator"": 26, ""estimate"": 0.0, ""ci95"": [0.0, 0.1287289218592153], ""method"": ""Wilson two-sided 95%""}","{""TP"": 4, ""FN"": 2, ""TN"": 26, ""FP"": 0}","{""sensitivity"": {""assigned_class_count"": 10, ""unscored_class_count"": 4, ""identification_bounds"": [0.4, 0.8], ""meaning"": ""Best/worst missing-outcome bounds, not confidence intervals; failures are not diagnostic FN/FP""}, ""specificity"": {""assigned_class_count"": 27, ""unscored_class_count"": 1, ""identification_bounds"": [0.9629629629629629, 1.0], ""meaning"": ""Best/worst missing-outcome bounds, not confidence intervals; failures are not diagnostic FN/FP""}}","{""measured_patients"": 0, ""missing_patients"": 37, ""measured_subtotal"": null, ""total"": null}"
evaluation,CXR,B,primary,gpt-6-astra,repeat1,pleural_effusion,5,"{""numerator"": 5, ""denominator"": 5, ""estimate"": 1.0, ""ci95"": [0.5655175352168251, 1.0], ""method"": ""Wilson two-sided 95%""}","{""ambiguous"": 1}",1,3,4,"{""completed"": 4}",4,"{""numerator"": 4, ""denominator"": 4, ""estimate"": 1.0, ""ci95"": [0.5101091635454027, 1.0], ""method"": ""Wilson two-sided 95%""}","{""numerator"": 4, ""denominator"": 4, ""estimate"": 1.0, ""ci95"": [0.5101091635454027, 1.0], ""method"": ""Wilson two-sided 95%""}","{""numerator"": 4, ""denominator"": 4, ""estimate"": 1.0, ""ci95"": [0.5101091635454027, 1.0], ""method"": ""Wilson two-sided 95%""}","{""numerator"": 1, ""denominator"": 1, ""estimate"": 1.0, ""ci95"": [0.20654931437723745, 1.0], ""method"": ""Wilson two-sided 95%""}","{""numerator"": 3, ""denominator"": 3, ""estimate"": 1.0, ""ci95"": [0.4385029682449546, 1.0], ""method"": ""Wilson two-sided 95%""}","{""numerator"": 0, ""denominator"": 1, ""estimate"": 0.0, ""ci95"": [0.0, 0.7934506856227626], ""method"": ""Wilson two-sided 95%""}","{""numerator"": 0, ""denominator"": 3, ""estimate"": 0.0, ""ci95"": [5.551115123125783e-17, 0.5614970317550454], ""method"": ""Wilson two-sided 95%""}","{""TP"": 1, ""FN"": 0, ""TN"": 3, ""FP"": 0}","{""sensitivity"": {""assigned_class_count"": 1, ""unscored_class_count"": 0, ""identification_bounds"": [1.0, 1.0], ""meaning"": ""Best/worst missing-outcome bounds, not confidence intervals; failures are not diagnostic FN/FP""}, ""specificity"": {""assigned_class_count"": 3, ""unscored_class_count"": 0, ""identification_bounds"": [1.0, 1.0], ""meaning"": ""Best/worst missing-outcome bounds, not confidence intervals; failures are not diagnostic FN/FP""}}","{""measured_patients"": 0, ""missing_patients"": 4, ""measured_subtotal"": null, ""total"": null}"
evaluation,CXR,B,primary,gpt-6-astra,repeat1,pneumothorax,5,"{""numerator"": 5, ""denominator"": 5, ""estimate"": 1.0, ""ci95"": [0.5655175352168251, 1.0], ""method"": ""Wilson two-sided 95%""}","{""ambiguous"": 1}",1,3,4,"{""completed"": 4}",4,"{""numerator"": 4, ""denominator"": 4, ""estimate"": 1.0, ""ci95"": [0.5101091635454027, 1.0], ""method"": ""Wilson two-sided 95%""}","{""numerator"": 3, ""denominator"": 4, ""estimate"": 0.75, ""ci95"": [0.30064184258240184, 0.9544127391902995], ""method"": ""Wilson two-sided 95%""}","{""numerator"": 3, ""denominator"": 4, ""estimate"": 0.75, ""ci95"": [0.30064184258240184, 0.9544127391902995], ""method"": ""Wilson two-sided 95%""}","{""numerator"": 0, ""denominator"": 1, ""estimate"": 0.0, ""ci95"": [0.0, 0.7934506856227626], ""method"": ""Wilson two-sided 95%""}","{""numerator"": 3, ""denominator"": 3, ""estimate"": 1.0, ""ci95"": [0.4385029682449546, 1.0], ""method"": ""Wilson two-sided 95%""}","{""numerator"": 1, ""denominator"": 1, ""estimate"": 1.0, ""ci95"": [0.20654931437723745, 1.0], ""method"": ""Wilson two-sided 95%""}","{""numerator"": 0, ""denominator"": 3, ""estimate"": 0.0, ""ci95"": [5.551115123125783e-17, 0.5614970317550454], ""method"": ""Wilson two-sided 95%""}","{""TP"": 0, ""FN"": 1, ""TN"": 3, ""FP"": 0}","{""sensitivity"": {""assigned_class_count"": 1, ""unscored_class_count"": 0, ""identification_bounds"": [0.0, 0.0], ""meaning"": ""Best/worst missing-outcome bounds, not confidence intervals; failures are not diagnostic FN/FP""}, ""specificity"": {""assigned_class_count"": 3, ""unscored_class_count"": 0, ""identification_bounds"": [1.0, 1.0], ""meaning"": ""Best/worst missing-outcome bounds, not confidence intervals; failures are not diagnostic FN/FP""}}","{""measured_patients"": 0, ""missing_patients"": 4, ""measured_subtotal"": null, ""total"": null}"
evaluation,CXR,B,primary,gpt-6-astra,repeat1,cardiomegaly,5,"{""numerator"": 5, ""denominator"": 5, ""estimate"": 1.0, ""ci95"": [0.5655175352168251, 1.0], ""method"": ""Wilson two-sided 95%""}","{""unscorable"": 1}",2,2,4,"{""completed"": 4}",4,"{""numerator"": 4, ""denominator"": 4, ""estimate"": 1.0, ""ci95"": [0.5101091635454027, 1.0], ""method"": ""Wilson two-sided 95%""}","{""numerator"": 2, ""denominator"": 4, ""estimate"": 0.5, ""ci95"": [0.15003898915214947, 0.8499610108478506], ""method"": ""Wilson two-sided 95%""}","{""numerator"": 2, ""denominator"": 4, ""estimate"": 0.5, ""ci95"": [0.15003898915214947, 0.8499610108478506], ""method"": ""Wilson two-sided 95%""}","{""numerator"": 0, ""denominator"": 2, ""estimate"": 0.0, ""ci95"": [0.0, 0.6576197724933469], ""method"": ""Wilson two-sided 95%""}","{""numerator"": 2, ""denominator"": 2, ""estimate"": 1.0, ""ci95"": [0.34238022750665303, 1.0], ""method"": ""Wilson two-sided 95%""}","{""numerator"": 2, ""denominator"": 2, ""estimate"": 1.0, ""ci95"": [0.34238022750665303, 1.0], ""method"": ""Wilson two-sided 95%""}","{""numerator"": 0, ""denominator"": 2, ""estimate"": 0.0, ""ci95"": [0.0, 0.6576197724933469], ""method"": ""Wilson two-sided 95%""}","{""TP"": 0, ""FN"": 2, ""TN"": 2, ""FP"": 0}","{""sensitivity"": {""assigned_class_count"": 2, ""unscored_class_count"": 0, ""identification_bounds"": [0.0, 0.0], ""meaning"": ""Best/worst missing-outcome bounds, not confidence intervals; failures are not diagnostic FN/FP""}, ""specificity"": {""assigned_class_count"": 2, ""unscored_class_count"": 0, ""identification_bounds"": [1.0, 1.0], ""meaning"": ""Best/worst missing-outcome bounds, not confidence intervals; failures are not diagnostic FN/FP""}}","{""measured_patients"": 0, ""missing_patients"": 4, ""measured_subtotal"": null, ""total"": null}"
evaluation,CXR,B,primary,gpt-6-astra,repeat1,focal_consolidation,5,"{""numerator"": 5, ""denominator"": 5, ""estimate"": 1.0, ""ci95"": [0.5655175352168251, 1.0], ""method"": ""Wilson two-sided 95%""}","{""unscorable"": 1}",0,4,4,"{""completed"": 4}",4,"{""numerator"": 4, ""denominator"": 4, ""estimate"": 1.0, ""ci95"": [0.5101091635454027, 1.0], ""method"": ""Wilson two-sided 95%""}","{""numerator"": 4, ""denominator"": 4, ""estimate"": 1.0, ""ci95"": [0.5101091635454027, 1.0], ""method"": ""Wilson two-sided 95%""}","{""numerator"": 4, ""denominator"": 4, ""estimate"": 1.0, ""ci95"": [0.5101091635454027, 1.0], ""method"": ""Wilson two-sided 95%""}","{""numerator"": 0, ""denominator"": 0, ""estimate"": null, ""ci95"": null}","{""numerator"": 4, ""denominator"": 4, ""estimate"": 1.0, ""ci95"": [0.5101091635454027, 1.0], ""method"": ""Wilson two-sided 95%""}","{""numerator"": 0, ""denominator"": 0, ""estimate"": null, ""ci95"": null}","{""numerator"": 0, ""denominator"": 4, ""estimate"": 0.0, ""ci95"": [0.0, 0.4898908364545973], ""method"": ""Wilson two-sided 95%""}","{""TP"": 0, ""FN"": 0, ""TN"": 4, ""FP"": 0}","{""sensitivity"": {""assigned_class_count"": 0, ""unscored_class_count"": 0, ""identification_bounds"": null, ""meaning"": ""Best/worst missing-outcome bounds, not confidence intervals; failures are not diagnostic FN/FP""}, ""specificity"": {""assigned_class_count"": 4, ""unscored_class_count"": 0, ""identification_bounds"": [1.0, 1.0], ""meaning"": ""Best/worst missing-outcome bounds, not confidence intervals; failures are not diagnostic FN/FP""}}","{""measured_patients"": 0, ""missing_patients"": 4, ""measured_subtotal"": null, ""total"": null}"
evaluation,CXR,B,primary,gpt-6-luna,,pleural_effusion,60,"{""numerator"": 60, ""denominator"": 60, ""estimate"": 1.0, ""ci95"": [0.93982814785791, 0.9999999999999998], ""method"": ""Wilson two-sided 95%""}","{""ambiguous"": 5, ""unscorable"": 10}",16,29,45,"{""completed"": 40, ""abstained"": 5}",40,"{""numerator"": 40, ""denominator"": 45, ""estimate"": 0.8888888888888888, ""ci95"": [0.7650090300423141, 0.9515952820543282], ""method"": ""Wilson two-sided 95%""}","{""numerator"": 35, ""denominator"": 45, ""estimate"": 0.7777777777777778, ""ci95"": [0.6373070782524372, 0.8745531446737361], ""method"": ""Wilson two-sided 95%""}","{""numerator"": 35, ""denominator"": 40, ""estimate"": 0.875, ""ci95"": [0.738878801611489, 0.945404997490546], ""method"": ""Wilson two-sided 95%""}","{""numerator"": 6, ""denominator"": 11, ""estimate"": 0.5454545454545454, ""ci95"": [0.280091537409322, 0.7872872837754024], ""method"": ""Wilson two-sided 95%""}","{""numerator"": 29, ""denominator"": 29, ""estimate"": 1.0, ""ci95"": [0.8830302015002593, 1.0], ""method"": ""Wilson two-sided 95%""}","{""numerator"": 5, ""denominator"": 11, ""estimate"": 0.45454545454545453, ""ci95"": [0.21271271622459764, 0.719908462590678], ""method"": ""Wilson two-sided 95%""}","{""numerator"": 0, ""denominator"": 29, ""estimate"": 0.0, ""ci95"": [0.0, 0.11696979849974075], ""method"": ""Wilson two-sided 95%""}","{""TP"": 6, ""FN"": 5, ""TN"": 29, ""FP"": 0}","{""sensitivity"": {""assigned_class_count"": 16, ""unscored_class_count"": 5, ""identification_bounds"": [0.375, 0.6875], ""meaning"": ""Best/worst missing-outcome bounds, not confidence intervals; failures are not diagnostic FN/FP""}, ""specificity"": {""assigned_class_count"": 29, ""unscored_class_count"": 0, ""identification_bounds"": [1.0, 1.0], ""meaning"": ""Best/worst missing-outcome bounds, not confidence intervals; failures are not diagnostic FN/FP""}}","{""measured_patients"": 0, ""missing_patients"": 45, ""measured_subtotal"": null, ""total"": null}"
evaluation,CXR,B,primary,gpt-6-luna,,pneumothorax,60,"{""numerator"": 60, ""denominator"": 60, ""estimate"": 1.0, ""ci95"": [0.93982814785791, 0.9999999999999998], ""method"": ""Wilson two-sided 95%""}","{""ambiguous"": 5, ""unscorable"": 6}",10,39,49,"{""completed"": 47, ""input_insufficient"": 1, ""abstained"": 1}",47,"{""numerator"": 47, ""denominator"": 49, ""estimate"": 0.9591836734693877, ""ci95"": [0.8628696769391992, 0.9887343666338142], ""method"": ""Wilson two-sided 95%""}","{""numerator"": 39, ""denominator"": 49, ""estimate"": 0.7959183673469388, ""ci95"": [0.6636299908048744, 0.8851815039421786], ""method"": ""Wilson two-sided 95%""}","{""numerator"": 39, ""denominator"": 47, ""estimate"": 0.8297872340425532, ""ci95"": [0.6986022402737561, 0.9111363612350974], ""method"": ""Wilson two-sided 95%""}","{""numerator"": 1, ""denominator"": 9, ""estimate"": 0.1111111111111111, ""ci95"": [0.019890887638544907, 0.434999705576656], ""method"": ""Wilson two-sided 95%""}","{""numerator"": 38, ""denominator"": 38, ""estimate"": 1.0, ""ci95"": [0.908190131774416, 0.9999999999999999], ""method"": ""Wilson two-sided 95%""}","{""numerator"": 8, ""denominator"": 9, ""estimate"": 0.8888888888888888, ""ci95"": [0.5650002944233439, 0.9801091123614551], ""method"": ""Wilson two-sided 95%""}","{""numerator"": 0, ""denominator"": 38, ""estimate"": 0.0, ""ci95"": [0.0, 0.09180986822558396], ""method"": ""Wilson two-sided 95%""}","{""TP"": 1, ""FN"": 8, ""TN"": 38, ""FP"": 0}","{""sensitivity"": {""assigned_class_count"": 10, ""unscored_class_count"": 1, ""identification_bounds"": [0.1, 0.2], ""meaning"": ""Best/worst missing-outcome bounds, not confidence intervals; failures are not diagnostic FN/FP""}, ""specificity"": {""assigned_class_count"": 39, ""unscored_class_count"": 1, ""identification_bounds"": [0.9743589743589743, 1.0], ""meaning"": ""Best/worst missing-outcome bounds, not confidence intervals; failures are not diagnostic FN/FP""}}","{""measured_patients"": 0, ""missing_patients"": 49, ""measured_subtotal"": null, ""total"": null}"
evaluation,CXR,B,primary,gpt-6-luna,,cardiomegaly,60,"{""numerator"": 60, ""denominator"": 60, ""estimate"": 1.0, ""ci95"": [0.93982814785791, 0.9999999999999998], ""method"": ""Wilson two-sided 95%""}","{""ambiguous"": 1, ""unscorable"": 11}",15,33,48,"{""completed"": 37, ""input_insufficient"": 2, ""abstained"": 9}",37,"{""numerator"": 37, ""denominator"": 48, ""estimate"": 0.7708333333333334, ""ci95"": [0.6346073590999655, 0.8669217373308877], ""method"": ""Wilson two-sided 95%""}","{""numerator"": 35, ""denominator"": 48, ""estimate"": 0.7291666666666666, ""ci95"": [0.5900303501775939, 0.8343404237254355], ""method"": ""Wilson two-sided 95%""}","{""numerator"": 35, ""denominator"": 37, ""estimate"": 0.9459459459459459, ""ci95"": [0.822953456491869, 0.9850490231668423], ""method"": ""Wilson two-sided 95%""}","{""numerator"": 8, ""denominator"": 10, ""estimate"": 0.8, ""ci95"": [0.49016247153664183, 0.9433178485456247], ""method"": ""Wilson two-sided 95%""}","{""numerator"": 27, ""denominator"": 27, ""estimate"": 1.0, ""ci95"": [0.8754449702581328, 0.9999999999999998], ""method"": ""Wilson two-sided 95%""}","{""numerator"": 2, ""denominator"": 10, ""estimate"": 0.2, ""ci95"": [0.05668215145437519, 0.5098375284633583], ""method"": ""Wilson two-sided 95%""}","{""numerator"": 0, ""denominator"": 27, ""estimate"": 0.0, ""ci95"": [0.0, 0.12455502974186705], ""method"": ""Wilson two-sided 95%""}","{""TP"": 8, ""FN"": 2, ""TN"": 27, ""FP"": 0}","{""sensitivity"": {""assigned_class_count"": 15, ""unscored_class_count"": 5, ""identification_bounds"": [0.5333333333333333, 0.8666666666666667], ""meaning"": ""Best/worst missing-outcome bounds, not confidence intervals; failures are not diagnostic FN/FP""}, ""specificity"": {""assigned_class_count"": 33, ""unscored_class_count"": 6, ""identification_bounds"": [0.8181818181818182, 1.0], ""meaning"": ""Best/worst missing-outcome bounds, not confidence intervals; failures are not diagnostic FN/FP""}}","{""measured_patients"": 0, ""missing_patients"": 48, ""measured_subtotal"": null, ""total"": null}"
evaluation,CXR,B,primary,gpt-6-luna,,focal_consolidation,60,"{""numerator"": 60, ""denominator"": 60, ""estimate"": 1.0, ""ci95"": [0.93982814785791, 0.9999999999999998], ""method"": ""Wilson two-sided 95%""}","{""unscorable"": 20, ""ambiguous"": 3}",10,27,37,"{""completed"": 32, ""abstained"": 5}",32,"{""numerator"": 32, ""denominator"": 37, ""estimate"": 0.8648648648648649, ""ci95"": [0.7202258821599021, 0.9408670557426799], ""method"": ""Wilson two-sided 95%""}","{""numerator"": 28, ""denominator"": 37, ""estimate"": 0.7567567567567568, ""ci95"": [0.5988270787855735, 0.8663864701088361], ""method"": ""Wilson two-sided 95%""}","{""numerator"": 28, ""denominator"": 32, ""estimate"": 0.875, ""ci95"": [0.7193169451834978, 0.9502986561251991], ""method"": ""Wilson two-sided 95%""}","{""numerator"": 2, ""denominator"": 6, ""estimate"": 0.3333333333333333, ""ci95"": [0.09677141110578041, 0.700006684861608], ""method"": ""Wilson two-sided 95%""}","{""numerator"": 26, ""denominator"": 26, ""estimate"": 1.0, ""ci95"": [0.8712710781407846, 1.0], ""method"": ""Wilson two-sided 95%""}","{""numerator"": 4, ""denominator"": 6, ""estimate"": 0.6666666666666666, ""ci95"": [0.299993315138392, 0.9032285888942195], ""method"": ""Wilson two-sided 95%""}","{""numerator"": 0, ""denominator"": 26, ""estimate"": 0.0, ""ci95"": [0.0, 0.1287289218592153], ""method"": ""Wilson two-sided 95%""}","{""TP"": 2, ""FN"": 4, ""TN"": 26, ""FP"": 0}","{""sensitivity"": {""assigned_class_count"": 10, ""unscored_class_count"": 4, ""identification_bounds"": [0.2, 0.6], ""meaning"": ""Best/worst missing-outcome bounds, not confidence intervals; failures are not diagnostic FN/FP""}, ""specificity"": {""assigned_class_count"": 27, ""unscored_class_count"": 1, ""identification_bounds"": [0.9629629629629629, 1.0], ""meaning"": ""Best/worst missing-outcome bounds, not confidence intervals; failures are not diagnostic FN/FP""}}","{""measured_patients"": 0, ""missing_patients"": 37, ""measured_subtotal"": null, ""total"": null}"
evaluation,CXR,B,primary,gpt-6-luna,repeat1,pleural_effusion,5,"{""numerator"": 5, ""denominator"": 5, ""estimate"": 1.0, ""ci95"": [0.5655175352168251, 1.0], ""method"": ""Wilson two-sided 95%""}","{""ambiguous"": 1}",1,3,4,"{""completed"": 4}",4,"{""numerator"": 4, ""denominator"": 4, ""estimate"": 1.0, ""ci95"": [0.5101091635454027, 1.0], ""method"": ""Wilson two-sided 95%""}","{""numerator"": 3, ""denominator"": 4, ""estimate"": 0.75, ""ci95"": [0.30064184258240184, 0.9544127391902995], ""method"": ""Wilson two-sided 95%""}","{""numerator"": 3, ""denominator"": 4, ""estimate"": 0.75, ""ci95"": [0.30064184258240184, 0.9544127391902995], ""method"": ""Wilson two-sided 95%""}","{""numerator"": 0, ""denominator"": 1, ""estimate"": 0.0, ""ci95"": [0.0, 0.7934506856227626], ""method"": ""Wilson two-sided 95%""}","{""numerator"": 3, ""denominator"": 3, ""estimate"": 1.0, ""ci95"": [0.4385029682449546, 1.0], ""method"": ""Wilson two-sided 95%""}","{""numerator"": 1, ""denominator"": 1, ""estimate"": 1.0, ""ci95"": [0.20654931437723745, 1.0], ""method"": ""Wilson two-sided 95%""}","{""numerator"": 0, ""denominator"": 3, ""estimate"": 0.0, ""ci95"": [5.551115123125783e-17, 0.5614970317550454], ""method"": ""Wilson two-sided 95%""}","{""TP"": 0, ""FN"": 1, ""TN"": 3, ""FP"": 0}","{""sensitivity"": {""assigned_class_count"": 1, ""unscored_class_count"": 0, ""identification_bounds"": [0.0, 0.0], ""meaning"": ""Best/worst missing-outcome bounds, not confidence intervals; failures are not diagnostic FN/FP""}, ""specificity"": {""assigned_class_count"": 3, ""unscored_class_count"": 0, ""identification_bounds"": [1.0, 1.0], ""meaning"": ""Best/worst missing-outcome bounds, not confidence intervals; failures are not diagnostic FN/FP""}}","{""measured_patients"": 0, ""missing_patients"": 4, ""measured_subtotal"": null, ""total"": null}"
evaluation,CXR,B,primary,gpt-6-luna,repeat1,pneumothorax,5,"{""numerator"": 5, ""denominator"": 5, ""estimate"": 1.0, ""ci95"": [0.5655175352168251, 1.0], ""method"": ""Wilson two-sided 95%""}","{""ambiguous"": 1}",1,3,4,"{""completed"": 4}",4,"{""numerator"": 4, ""denominator"": 4, ""estimate"": 1.0, ""ci95"": [0.5101091635454027, 1.0], ""method"": ""Wilson two-sided 95%""}","{""numerator"": 3, ""denominator"": 4, ""estimate"": 0.75, ""ci95"": [0.30064184258240184, 0.9544127391902995], ""method"": ""Wilson two-sided 95%""}","{""numerator"": 3, ""denominator"": 4, ""estimate"": 0.75, ""ci95"": [0.30064184258240184, 0.9544127391902995], ""method"": ""Wilson two-sided 95%""}","{""numerator"": 0, ""denominator"": 1, ""estimate"": 0.0, ""ci95"": [0.0, 0.7934506856227626], ""method"": ""Wilson two-sided 95%""}","{""numerator"": 3, ""denominator"": 3, ""estimate"": 1.0, ""ci95"": [0.4385029682449546, 1.0], ""method"": ""Wilson two-sided 95%""}","{""numerator"": 1, ""denominator"": 1, ""estimate"": 1.0, ""ci95"": [0.20654931437723745, 1.0], ""method"": ""Wilson two-sided 95%""}","{""numerator"": 0, ""denominator"": 3, ""estimate"": 0.0, ""ci95"": [5.551115123125783e-17, 0.5614970317550454], ""method"": ""Wilson two-sided 95%""}","{""TP"": 0, ""FN"": 1, ""TN"": 3, ""FP"": 0}","{""sensitivity"": {""assigned_class_count"": 1, ""unscored_class_count"": 0, ""identification_bounds"": [0.0, 0.0], ""meaning"": ""Best/worst missing-outcome bounds, not confidence intervals; failures are not diagnostic FN/FP""}, ""specificity"": {""assigned_class_count"": 3, ""unscored_class_count"": 0, ""identification_bounds"": [1.0, 1.0], ""meaning"": ""Best/worst missing-outcome bounds, not confidence intervals; failures are not diagnostic FN/FP""}}","{""measured_patients"": 0, ""missing_patients"": 4, ""measured_subtotal"": null, ""total"": null}"
evaluation,CXR,B,primary,gpt-6-luna,repeat1,cardiomegaly,5,"{""numerator"": 5, ""denominator"": 5, ""estimate"": 1.0, ""ci95"": [0.5655175352168251, 1.0], ""method"": ""Wilson two-sided 95%""}","{""unscorable"": 1}",2,2,4,"{""completed"": 4}",4,"{""numerator"": 4, ""denominator"": 4, ""estimate"": 1.0, ""ci95"": [0.5101091635454027, 1.0], ""method"": ""Wilson two-sided 95%""}","{""numerator"": 2, ""denominator"": 4, ""estimate"": 0.5, ""ci95"": [0.15003898915214947, 0.8499610108478506], ""method"": ""Wilson two-sided 95%""}","{""numerator"": 2, ""denominator"": 4, ""estimate"": 0.5, ""ci95"": [0.15003898915214947, 0.8499610108478506], ""method"": ""Wilson two-sided 95%""}","{""numerator"": 0, ""denominator"": 2, ""estimate"": 0.0, ""ci95"": [0.0, 0.6576197724933469], ""method"": ""Wilson two-sided 95%""}","{""numerator"": 2, ""denominator"": 2, ""estimate"": 1.0, ""ci95"": [0.34238022750665303, 1.0], ""method"": ""Wilson two-sided 95%""}","{""numerator"": 2, ""denominator"": 2, ""estimate"": 1.0, ""ci95"": [0.34238022750665303, 1.0], ""method"": ""Wilson two-sided 95%""}","{""numerator"": 0, ""denominator"": 2, ""estimate"": 0.0, ""ci95"": [0.0, 0.6576197724933469], ""method"": ""Wilson two-sided 95%""}","{""TP"": 0, ""FN"": 2, ""TN"": 2, ""FP"": 0}","{""sensitivity"": {""assigned_class_count"": 2, ""unscored_class_count"": 0, ""identification_bounds"": [0.0, 0.0], ""meaning"": ""Best/worst missing-outcome bounds, not confidence intervals; failures are not diagnostic FN/FP""}, ""specificity"": {""assigned_class_count"": 2, ""unscored_class_count"": 0, ""identification_bounds"": [1.0, 1.0], ""meaning"": ""Best/worst missing-outcome bounds, not confidence intervals; failures are not diagnostic FN/FP""}}","{""measured_patients"": 0, ""missing_patients"": 4, ""measured_subtotal"": null, ""total"": null}"
evaluation,CXR,B,primary,gpt-6-luna,repeat1,focal_consolidation,5,"{""numerator"": 5, ""denominator"": 5, ""estimate"": 1.0, ""ci95"": [0.5655175352168251, 1.0], ""method"": ""Wilson two-sided 95%""}","{""unscorable"": 1}",0,4,4,"{""completed"": 4}",4,"{""numerator"": 4, ""denominator"": 4, ""estimate"": 1.0, ""ci95"": [0.5101091635454027, 1.0], ""method"": ""Wilson two-sided 95%""}","{""numerator"": 4, ""denominator"": 4, ""estimate"": 1.0, ""ci95"": [0.5101091635454027, 1.0], ""method"": ""Wilson two-sided 95%""}","{""numerator"": 4, ""denominator"": 4, ""estimate"": 1.0, ""ci95"": [0.5101091635454027, 1.0], ""method"": ""Wilson two-sided 95%""}","{""numerator"": 0, ""denominator"": 0, ""estimate"": null, ""ci95"": null}","{""numerator"": 4, ""denominator"": 4, ""estimate"": 1.0, ""ci95"": [0.5101091635454027, 1.0], ""method"": ""Wilson two-sided 95%""}","{""numerator"": 0, ""denominator"": 0, ""estimate"": null, ""ci95"": null}","{""numerator"": 0, ""denominator"": 4, ""estimate"": 0.0, ""ci95"": [0.0, 0.4898908364545973], ""method"": ""Wilson two-sided 95%""}","{""TP"": 0, ""FN"": 0, ""TN"": 4, ""FP"": 0}","{""sensitivity"": {""assigned_class_count"": 0, ""unscored_class_count"": 0, ""identification_bounds"": null, ""meaning"": ""Best/worst missing-outcome bounds, not confidence intervals; failures are not diagnostic FN/FP""}, ""specificity"": {""assigned_class_count"": 4, ""unscored_class_count"": 0, ""identification_bounds"": [1.0, 1.0], ""meaning"": ""Best/worst missing-outcome bounds, not confidence intervals; failures are not diagnostic FN/FP""}}","{""measured_patients"": 0, ""missing_patients"": 4, ""measured_subtotal"": null, ""total"": null}"
evaluation,CXR,B,primary,gpt-6.1-sol,,pleural_effusion,60,"{""numerator"": 60, ""denominator"": 60, ""estimate"": 1.0, ""ci95"": [0.93982814785791, 0.9999999999999998], ""method"": ""Wilson two-sided 95%""}","{""ambiguous"": 5, ""unscorable"": 10}",16,29,45,"{""completed"": 41, ""abstained"": 4}",41,"{""numerator"": 41, ""denominator"": 45, ""estimate"": 0.9111111111111111, ""ci95"": [0.7926642466571064, 0.9648888832736299], ""method"": ""Wilson two-sided 95%""}","{""numerator"": 38, ""denominator"": 45, ""estimate"": 0.8444444444444444, ""ci95"": [0.7121609112760374, 0.9225457651524174], ""method"": ""Wilson two-sided 95%""}","{""numerator"": 38, ""denominator"": 41, ""estimate"": 0.926829268292683, ""ci95"": [0.8057255146228096, 0.9748021693660901], ""method"": ""Wilson two-sided 95%""}","{""numerator"": 10, ""denominator"": 13, ""estimate"": 0.7692307692307693, ""ci95"": [0.49743624053272495, 0.9182047128150143], ""method"": ""Wilson two-sided 95%""}","{""numerator"": 28, ""denominator"": 28, ""estimate"": 1.0, ""ci95"": [0.8793566952341543, 0.9999999999999998], ""method"": ""Wilson two-sided 95%""}","{""numerator"": 3, ""denominator"": 13, ""estimate"": 0.23076923076923078, ""ci95"": [0.08179528718498569, 0.5025637594672749], ""method"": ""Wilson two-sided 95%""}","{""numerator"": 0, ""denominator"": 28, ""estimate"": 0.0, ""ci95"": [1.3877787807814457e-17, 0.12064330476584563], ""method"": ""Wilson two-sided 95%""}","{""TP"": 10, ""FN"": 3, ""TN"": 28, ""FP"": 0}","{""sensitivity"": {""assigned_class_count"": 16, ""unscored_class_count"": 3, ""identification_bounds"": [0.625, 0.8125], ""meaning"": ""Best/worst missing-outcome bounds, not confidence intervals; failures are not diagnostic FN/FP""}, ""specificity"": {""assigned_class_count"": 29, ""unscored_class_count"": 1, ""identification_bounds"": [0.9655172413793104, 1.0], ""meaning"": ""Best/worst missing-outcome bounds, not confidence intervals; failures are not diagnostic FN/FP""}}","{""measured_patients"": 0, ""missing_patients"": 45, ""measured_subtotal"": null, ""total"": null}"
evaluation,CXR,B,primary,gpt-6.1-sol,,pneumothorax,60,"{""numerator"": 60, ""denominator"": 60, ""estimate"": 1.0, ""ci95"": [0.93982814785791, 0.9999999999999998], ""method"": ""Wilson two-sided 95%""}","{""ambiguous"": 5, ""unscorable"": 6}",10,39,49,"{""completed"": 49}",49,"{""numerator"": 49, ""denominator"": 49, ""estimate"": 1.0, ""ci95"": [0.9273021807795035, 0.9999999999999999], ""method"": ""Wilson two-sided 95%""}","{""numerator"": 40, ""denominator"": 49, ""estimate"": 0.8163265306122449, ""ci95"": [0.6864239739710013, 0.9002365893792968], ""method"": ""Wilson two-sided 95%""}","{""numerator"": 40, ""denominator"": 49, ""estimate"": 0.8163265306122449, ""ci95"": [0.6864239739710013, 0.9002365893792968], ""method"": ""Wilson two-sided 95%""}","{""numerator"": 1, ""denominator"": 10, ""estimate"": 0.1, ""ci95"": [0.017876213095072896, 0.4041500267952385], ""method"": ""Wilson two-sided 95%""}","{""numerator"": 39, ""denominator"": 39, ""estimate"": 1.0, ""ci95"": [0.9103331462924287, 1.0], ""method"": ""Wilson two-sided 95%""}","{""numerator"": 9, ""denominator"": 10, ""estimate"": 0.9, ""ci95"": [0.5958499732047615, 0.9821237869049271], ""method"": ""Wilson two-sided 95%""}","{""numerator"": 0, ""denominator"": 39, ""estimate"": 0.0, ""ci95"": [0.0, 0.08966685370757144], ""method"": ""Wilson two-sided 95%""}","{""TP"": 1, ""FN"": 9, ""TN"": 39, ""FP"": 0}","{""sensitivity"": {""assigned_class_count"": 10, ""unscored_class_count"": 0, ""identification_bounds"": [0.1, 0.1], ""meaning"": ""Best/worst missing-outcome bounds, not confidence intervals; failures are not diagnostic FN/FP""}, ""specificity"": {""assigned_class_count"": 39, ""unscored_class_count"": 0, ""identification_bounds"": [1.0, 1.0], ""meaning"": ""Best/worst missing-outcome bounds, not confidence intervals; failures are not diagnostic FN/FP""}}","{""measured_patients"": 0, ""missing_patients"": 49, ""measured_subtotal"": null, ""total"": null}"
evaluation,CXR,B,primary,gpt-6.1-sol,,cardiomegaly,60,"{""numerator"": 60, ""denominator"": 60, ""estimate"": 1.0, ""ci95"": [0.93982814785791, 0.9999999999999998], ""method"": ""Wilson two-sided 95%""}","{""ambiguous"": 1, ""unscorable"": 11}",15,33,48,"{""completed"": 44, ""input_insufficient"": 1, ""abstained"": 3}",44,"{""numerator"": 44, ""denominator"": 48, ""estimate"": 0.9166666666666666, ""ci95"": [0.8044669820963272, 0.9671162431819081], ""method"": ""Wilson two-sided 95%""}","{""numerator"": 37, ""denominator"": 48, ""estimate"": 0.7708333333333334, ""ci95"": [0.6346073590999655, 0.8669217373308877], ""method"": ""Wilson two-sided 95%""}","{""numerator"": 37, ""denominator"": 44, ""estimate"": 0.8409090909090909, ""ci95"": [0.7063379493775939, 0.9207332298779876], ""method"": ""Wilson two-sided 95%""}","{""numerator"": 7, ""denominator"": 14, ""estimate"": 0.5, ""ci95"": [0.26799202452413634, 0.7320079754758637], ""method"": ""Wilson two-sided 95%""}","{""numerator"": 30, ""denominator"": 30, ""estimate"": 1.0, ""ci95"": [0.8864866068260312, 0.9999999999999999], ""method"": ""Wilson two-sided 95%""}","{""numerator"": 7, ""denominator"": 14, ""estimate"": 0.5, ""ci95"": [0.26799202452413634, 0.7320079754758637], ""method"": ""Wilson two-sided 95%""}","{""numerator"": 0, ""denominator"": 30, ""estimate"": 0.0, ""ci95"": [0.0, 0.11351339317396876], ""method"": ""Wilson two-sided 95%""}","{""TP"": 7, ""FN"": 7, ""TN"": 30, ""FP"": 0}","{""sensitivity"": {""assigned_class_count"": 15, ""unscored_class_count"": 1, ""identification_bounds"": [0.4666666666666667, 0.5333333333333333], ""meaning"": ""Best/worst missing-outcome bounds, not confidence intervals; failures are not diagnostic FN/FP""}, ""specificity"": {""assigned_class_count"": 33, ""unscored_class_count"": 3, ""identification_bounds"": [0.9090909090909091, 1.0], ""meaning"": ""Best/worst missing-outcome bounds, not confidence intervals; failures are not diagnostic FN/FP""}}","{""measured_patients"": 0, ""missing_patients"": 48, ""measured_subtotal"": null, ""total"": null}"
evaluation,CXR,B,primary,gpt-6.1-sol,,focal_consolidation,60,"{""numerator"": 60, ""denominator"": 60, ""estimate"": 1.0, ""ci95"": [0.93982814785791, 0.9999999999999998], ""method"": ""Wilson two-sided 95%""}","{""unscorable"": 20, ""ambiguous"": 3}",10,27,37,"{""completed"": 30, ""abstained"": 7}",30,"{""numerator"": 30, ""denominator"": 37, ""estimate"": 0.8108108108108109, ""ci95"": [0.6579530307016159, 0.9052002126968799], ""method"": ""Wilson two-sided 95%""}","{""numerator"": 28, ""denominator"": 37, ""estimate"": 0.7567567567567568, ""ci95"": [0.5988270787855735, 0.8663864701088361], ""method"": ""Wilson two-sided 95%""}","{""numerator"": 28, ""denominator"": 30, ""estimate"": 0.9333333333333333, ""ci95"": [0.7867654163738308, 0.9815229762087295], ""method"": ""Wilson two-sided 95%""}","{""numerator"": 2, ""denominator"": 4, ""estimate"": 0.5, ""ci95"": [0.15003898915214947, 0.8499610108478506], ""method"": ""Wilson two-sided 95%""}","{""numerator"": 26, ""denominator"": 26, ""estimate"": 1.0, ""ci95"": [0.8712710781407846, 1.0], ""method"": ""Wilson two-sided 95%""}","{""numerator"": 2, ""denominator"": 4, ""estimate"": 0.5, ""ci95"": [0.15003898915214947, 0.8499610108478506], ""method"": ""Wilson two-sided 95%""}","{""numerator"": 0, ""denominator"": 26, ""estimate"": 0.0, ""ci95"": [0.0, 0.1287289218592153], ""method"": ""Wilson two-sided 95%""}","{""TP"": 2, ""FN"": 2, ""TN"": 26, ""FP"": 0}","{""sensitivity"": {""assigned_class_count"": 10, ""unscored_class_count"": 6, ""identification_bounds"": [0.2, 0.8], ""meaning"": ""Best/worst missing-outcome bounds, not confidence intervals; failures are not diagnostic FN/FP""}, ""specificity"": {""assigned_class_count"": 27, ""unscored_class_count"": 1, ""identification_bounds"": [0.9629629629629629, 1.0], ""meaning"": ""Best/worst missing-outcome bounds, not confidence intervals; failures are not diagnostic FN/FP""}}","{""measured_patients"": 0, ""missing_patients"": 37, ""measured_subtotal"": null, ""total"": null}"
evaluation,CXR,B,primary,gpt-6.1-sol,repeat1,pleural_effusion,5,"{""numerator"": 5, ""denominator"": 5, ""estimate"": 1.0, ""ci95"": [0.5655175352168251, 1.0], ""method"": ""Wilson two-sided 95%""}","{""ambiguous"": 1}",1,3,4,"{""completed"": 4}",4,"{""numerator"": 4, ""denominator"": 4, ""estimate"": 1.0, ""ci95"": [0.5101091635454027, 1.0], ""method"": ""Wilson two-sided 95%""}","{""numerator"": 4, ""denominator"": 4, ""estimate"": 1.0, ""ci95"": [0.5101091635454027, 1.0], ""method"": ""Wilson two-sided 95%""}","{""numerator"": 4, ""denominator"": 4, ""estimate"": 1.0, ""ci95"": [0.5101091635454027, 1.0], ""method"": ""Wilson two-sided 95%""}","{""numerator"": 1, ""denominator"": 1, ""estimate"": 1.0, ""ci95"": [0.20654931437723745, 1.0], ""method"": ""Wilson two-sided 95%""}","{""numerator"": 3, ""denominator"": 3, ""estimate"": 1.0, ""ci95"": [0.4385029682449546, 1.0], ""method"": ""Wilson two-sided 95%""}","{""numerator"": 0, ""denominator"": 1, ""estimate"": 0.0, ""ci95"": [0.0, 0.7934506856227626], ""method"": ""Wilson two-sided 95%""}","{""numerator"": 0, ""denominator"": 3, ""estimate"": 0.0, ""ci95"": [5.551115123125783e-17, 0.5614970317550454], ""method"": ""Wilson two-sided 95%""}","{""TP"": 1, ""FN"": 0, ""TN"": 3, ""FP"": 0}","{""sensitivity"": {""assigned_class_count"": 1, ""unscored_class_count"": 0, ""identification_bounds"": [1.0, 1.0], ""meaning"": ""Best/worst missing-outcome bounds, not confidence intervals; failures are not diagnostic FN/FP""}, ""specificity"": {""assigned_class_count"": 3, ""unscored_class_count"": 0, ""identification_bounds"": [1.0, 1.0], ""meaning"": ""Best/worst missing-outcome bounds, not confidence intervals; failures are not diagnostic FN/FP""}}","{""measured_patients"": 0, ""missing_patients"": 4, ""measured_subtotal"": null, ""total"": null}"
evaluation,CXR,B,primary,gpt-6.1-sol,repeat1,pneumothorax,5,"{""numerator"": 5, ""denominator"": 5, ""estimate"": 1.0, ""ci95"": [0.5655175352168251, 1.0], ""method"": ""Wilson two-sided 95%""}","{""ambiguous"": 1}",1,3,4,"{""completed"": 4}",4,"{""numerator"": 4, ""denominator"": 4, ""estimate"": 1.0, ""ci95"": [0.5101091635454027, 1.0], ""method"": ""Wilson two-sided 95%""}","{""numerator"": 3, ""denominator"": 4, ""estimate"": 0.75, ""ci95"": [0.30064184258240184, 0.9544127391902995], ""method"": ""Wilson two-sided 95%""}","{""numerator"": 3, ""denominator"": 4, ""estimate"": 0.75, ""ci95"": [0.30064184258240184, 0.9544127391902995], ""method"": ""Wilson two-sided 95%""}","{""numerator"": 0, ""denominator"": 1, ""estimate"": 0.0, ""ci95"": [0.0, 0.7934506856227626], ""method"": ""Wilson two-sided 95%""}","{""numerator"": 3, ""denominator"": 3, ""estimate"": 1.0, ""ci95"": [0.4385029682449546, 1.0], ""method"": ""Wilson two-sided 95%""}","{""numerator"": 1, ""denominator"": 1, ""estimate"": 1.0, ""ci95"": [0.20654931437723745, 1.0], ""method"": ""Wilson two-sided 95%""}","{""numerator"": 0, ""denominator"": 3, ""estimate"": 0.0, ""ci95"": [5.551115123125783e-17, 0.5614970317550454], ""method"": ""Wilson two-sided 95%""}","{""TP"": 0, ""FN"": 1, ""TN"": 3, ""FP"": 0}","{""sensitivity"": {""assigned_class_count"": 1, ""unscored_class_count"": 0, ""identification_bounds"": [0.0, 0.0], ""meaning"": ""Best/worst missing-outcome bounds, not confidence intervals; failures are not diagnostic FN/FP""}, ""specificity"": {""assigned_class_count"": 3, ""unscored_class_count"": 0, ""identification_bounds"": [1.0, 1.0], ""meaning"": ""Best/worst missing-outcome bounds, not confidence intervals; failures are not diagnostic FN/FP""}}","{""measured_patients"": 0, ""missing_patients"": 4, ""measured_subtotal"": null, ""total"": null}"
evaluation,CXR,B,primary,gpt-6.1-sol,repeat1,cardiomegaly,5,"{""numerator"": 5, ""denominator"": 5, ""estimate"": 1.0, ""ci95"": [0.5655175352168251, 1.0], ""method"": ""Wilson two-sided 95%""}","{""unscorable"": 1}",2,2,4,"{""completed"": 4}",4,"{""numerator"": 4, ""denominator"": 4, ""estimate"": 1.0, ""ci95"": [0.5101091635454027, 1.0], ""method"": ""Wilson two-sided 95%""}","{""numerator"": 2, ""denominator"": 4, ""estimate"": 0.5, ""ci95"": [0.15003898915214947, 0.8499610108478506], ""method"": ""Wilson two-sided 95%""}","{""numerator"": 2, ""denominator"": 4, ""estimate"": 0.5, ""ci95"": [0.15003898915214947, 0.8499610108478506], ""method"": ""Wilson two-sided 95%""}","{""numerator"": 0, ""denominator"": 2, ""estimate"": 0.0, ""ci95"": [0.0, 0.6576197724933469], ""method"": ""Wilson two-sided 95%""}","{""numerator"": 2, ""denominator"": 2, ""estimate"": 1.0, ""ci95"": [0.34238022750665303, 1.0], ""method"": ""Wilson two-sided 95%""}","{""numerator"": 2, ""denominator"": 2, ""estimate"": 1.0, ""ci95"": [0.34238022750665303, 1.0], ""method"": ""Wilson two-sided 95%""}","{""numerator"": 0, ""denominator"": 2, ""estimate"": 0.0, ""ci95"": [0.0, 0.6576197724933469], ""method"": ""Wilson two-sided 95%""}","{""TP"": 0, ""FN"": 2, ""TN"": 2, ""FP"": 0}","{""sensitivity"": {""assigned_class_count"": 2, ""unscored_class_count"": 0, ""identification_bounds"": [0.0, 0.0], ""meaning"": ""Best/worst missing-outcome bounds, not confidence intervals; failures are not diagnostic FN/FP""}, ""specificity"": {""assigned_class_count"": 2, ""unscored_class_count"": 0, ""identification_bounds"": [1.0, 1.0], ""meaning"": ""Best/worst missing-outcome bounds, not confidence intervals; failures are not diagnostic FN/FP""}}","{""measured_patients"": 0, ""missing_patients"": 4, ""measured_subtotal"": null, ""total"": null}"
evaluation,CXR,B,primary,gpt-6.1-sol,repeat1,focal_consolidation,5,"{""numerator"": 5, ""denominator"": 5, ""estimate"": 1.0, ""ci95"": [0.5655175352168251, 1.0], ""method"": ""Wilson two-sided 95%""}","{""unscorable"": 1}",0,4,4,"{""completed"": 4}",4,"{""numerator"": 4, ""denominator"": 4, ""estimate"": 1.0, ""ci95"": [0.5101091635454027, 1.0], ""method"": ""Wilson two-sided 95%""}","{""numerator"": 4, ""denominator"": 4, ""estimate"": 1.0, ""ci95"": [0.5101091635454027, 1.0], ""method"": ""Wilson two-sided 95%""}","{""numerator"": 4, ""denominator"": 4, ""estimate"": 1.0, ""ci95"": [0.5101091635454027, 1.0], ""method"": ""Wilson two-sided 95%""}","{""numerator"": 0, ""denominator"": 0, ""estimate"": null, ""ci95"": null}","{""numerator"": 4, ""denominator"": 4, ""estimate"": 1.0, ""ci95"": [0.5101091635454027, 1.0], ""method"": ""Wilson two-sided 95%""}","{""numerator"": 0, ""denominator"": 0, ""estimate"": null, ""ci95"": null}","{""numerator"": 0, ""denominator"": 4, ""estimate"": 0.0, ""ci95"": [0.0, 0.4898908364545973], ""method"": ""Wilson two-sided 95%""}","{""TP"": 0, ""FN"": 0, ""TN"": 4, ""FP"": 0}","{""sensitivity"": {""assigned_class_count"": 0, ""unscored_class_count"": 0, ""identification_bounds"": null, ""meaning"": ""Best/worst missing-outcome bounds, not confidence intervals; failures are not diagnostic FN/FP""}, ""specificity"": {""assigned_class_count"": 4, ""unscored_class_count"": 0, ""identification_bounds"": [1.0, 1.0], ""meaning"": ""Best/worst missing-outcome bounds, not confidence intervals; failures are not diagnostic FN/FP""}}","{""measured_patients"": 0, ""missing_patients"": 4, ""measured_subtotal"": null, ""total"": null}"
evaluation,CXR,B,second-reader,gpt-6-astra,,pleural_effusion,20,"{""numerator"": 20, ""denominator"": 20, ""estimate"": 1.0, ""ci95"": [0.8388748419471806, 1.0], ""method"": ""Wilson two-sided 95%""}","{""ambiguous"": 1, ""unscorable"": 3}",3,13,16,"{""completed"": 16}",16,"{""numerator"": 16, ""denominator"": 16, ""estimate"": 1.0, ""ci95"": [0.8063923194655637, 1.0], ""method"": ""Wilson two-sided 95%""}","{""numerator"": 15, ""denominator"": 16, ""estimate"": 0.9375, ""ci95"": [0.7167126242970107, 0.9888806552353576], ""method"": ""Wilson two-sided 95%""}","{""numerator"": 15, ""denominator"": 16, ""estimate"": 0.9375, ""ci95"": [0.7167126242970107, 0.9888806552353576], ""method"": ""Wilson two-sided 95%""}","{""numerator"": 2, ""denominator"": 3, ""estimate"": 0.6666666666666666, ""ci95"": [0.2076596008020477, 0.9385080552796037], ""method"": ""Wilson two-sided 95%""}","{""numerator"": 13, ""denominator"": 13, ""estimate"": 1.0, ""ci95"": [0.7719046276458016, 0.9999999999999999], ""method"": ""Wilson two-sided 95%""}","{""numerator"": 1, ""denominator"": 3, ""estimate"": 0.3333333333333333, ""ci95"": [0.06149194472039621, 0.7923403991979522], ""method"": ""Wilson two-sided 95%""}","{""numerator"": 0, ""denominator"": 13, ""estimate"": 0.0, ""ci95"": [0.0, 0.22809537235419838], ""method"": ""Wilson two-sided 95%""}","{""TP"": 2, ""FN"": 1, ""TN"": 13, ""FP"": 0}","{""sensitivity"": {""assigned_class_count"": 3, ""unscored_class_count"": 0, ""identification_bounds"": [0.6666666666666666, 0.6666666666666666], ""meaning"": ""Best/worst missing-outcome bounds, not confidence intervals; failures are not diagnostic FN/FP""}, ""specificity"": {""assigned_class_count"": 13, ""unscored_class_count"": 0, ""identification_bounds"": [1.0, 1.0], ""meaning"": ""Best/worst missing-outcome bounds, not confidence intervals; failures are not diagnostic FN/FP""}}","{""measured_patients"": 0, ""missing_patients"": 16, ""measured_subtotal"": null, ""total"": null}"
evaluation,CXR,B,second-reader,gpt-6-astra,,pneumothorax,20,"{""numerator"": 20, ""denominator"": 20, ""estimate"": 1.0, ""ci95"": [0.8388748419471806, 1.0], ""method"": ""Wilson two-sided 95%""}","{""ambiguous"": 1, ""unscorable"": 1}",3,15,18,"{""completed"": 18}",18,"{""numerator"": 18, ""denominator"": 18, ""estimate"": 1.0, ""ci95"": [0.8241207763533425, 1.0], ""method"": ""Wilson two-sided 95%""}","{""numerator"": 15, ""denominator"": 18, ""estimate"": 0.8333333333333334, ""ci95"": [0.6077796189608428, 0.9416342319413856], ""method"": ""Wilson two-sided 95%""}","{""numerator"": 15, ""denominator"": 18, ""estimate"": 0.8333333333333334, ""ci95"": [0.6077796189608428, 0.9416342319413856], ""method"": ""Wilson two-sided 95%""}","{""numerator"": 0, ""denominator"": 3, ""estimate"": 0.0, ""ci95"": [5.551115123125783e-17, 0.5614970317550454], ""method"": ""Wilson two-sided 95%""}","{""numerator"": 15, ""denominator"": 15, ""estimate"": 1.0, ""ci95"": [0.7961166989641515, 1.0], ""method"": ""Wilson two-sided 95%""}","{""numerator"": 3, ""denominator"": 3, ""estimate"": 1.0, ""ci95"": [0.4385029682449546, 1.0], ""method"": ""Wilson two-sided 95%""}","{""numerator"": 0, ""denominator"": 15, ""estimate"": 0.0, ""ci95"": [0.0, 0.20388330103584862], ""method"": ""Wilson two-sided 95%""}","{""TP"": 0, ""FN"": 3, ""TN"": 15, ""FP"": 0}","{""sensitivity"": {""assigned_class_count"": 3, ""unscored_class_count"": 0, ""identification_bounds"": [0.0, 0.0], ""meaning"": ""Best/worst missing-outcome bounds, not confidence intervals; failures are not diagnostic FN/FP""}, ""specificity"": {""assigned_class_count"": 15, ""unscored_class_count"": 0, ""identification_bounds"": [1.0, 1.0], ""meaning"": ""Best/worst missing-outcome bounds, not confidence intervals; failures are not diagnostic FN/FP""}}","{""measured_patients"": 0, ""missing_patients"": 18, ""measured_subtotal"": null, ""total"": null}"
evaluation,CXR,B,second-reader,gpt-6-astra,,cardiomegaly,20,"{""numerator"": 20, ""denominator"": 20, ""estimate"": 1.0, ""ci95"": [0.8388748419471806, 1.0], ""method"": ""Wilson two-sided 95%""}","{""ambiguous"": 1, ""unscorable"": 3}",4,12,16,"{""completed"": 15, ""input_insufficient"": 1}",15,"{""numerator"": 15, ""denominator"": 16, ""estimate"": 0.9375, ""ci95"": [0.7167126242970107, 0.9888806552353576], ""method"": ""Wilson two-sided 95%""}","{""numerator"": 12, ""denominator"": 16, ""estimate"": 0.75, ""ci95"": [0.5050168346449122, 0.8981793250878696], ""method"": ""Wilson two-sided 95%""}","{""numerator"": 12, ""denominator"": 15, ""estimate"": 0.8, ""ci95"": [0.5481455128483065, 0.9295245065301844], ""method"": ""Wilson two-sided 95%""}","{""numerator"": 1, ""denominator"": 4, ""estimate"": 0.25, ""ci95"": [0.04558726080970055, 0.6993581574175981], ""method"": ""Wilson two-sided 95%""}","{""numerator"": 11, ""denominator"": 11, ""estimate"": 1.0, ""ci95"": [0.7411670330319684, 1.0], ""method"": ""Wilson two-sided 95%""}","{""numerator"": 3, ""denominator"": 4, ""estimate"": 0.75, ""ci95"": [0.30064184258240184, 0.9544127391902995], ""method"": ""Wilson two-sided 95%""}","{""numerator"": 0, ""denominator"": 11, ""estimate"": 0.0, ""ci95"": [0.0, 0.2588329669680317], ""method"": ""Wilson two-sided 95%""}","{""TP"": 1, ""FN"": 3, ""TN"": 11, ""FP"": 0}","{""sensitivity"": {""assigned_class_count"": 4, ""unscored_class_count"": 0, ""identification_bounds"": [0.25, 0.25], ""meaning"": ""Best/worst missing-outcome bounds, not confidence intervals; failures are not diagnostic FN/FP""}, ""specificity"": {""assigned_class_count"": 12, ""unscored_class_count"": 1, ""identification_bounds"": [0.9166666666666666, 1.0], ""meaning"": ""Best/worst missing-outcome bounds, not confidence intervals; failures are not diagnostic FN/FP""}}","{""measured_patients"": 0, ""missing_patients"": 16, ""measured_subtotal"": null, ""total"": null}"
evaluation,CXR,B,second-reader,gpt-6-astra,,focal_consolidation,20,"{""numerator"": 20, ""denominator"": 20, ""estimate"": 1.0, ""ci95"": [0.8388748419471806, 1.0], ""method"": ""Wilson two-sided 95%""}","{""unscorable"": 5}",2,13,15,"{""completed"": 15}",15,"{""numerator"": 15, ""denominator"": 15, ""estimate"": 1.0, ""ci95"": [0.7961166989641515, 1.0], ""method"": ""Wilson two-sided 95%""}","{""numerator"": 14, ""denominator"": 15, ""estimate"": 0.9333333333333333, ""ci95"": [0.7018347012621998, 0.9881331045067315], ""method"": ""Wilson two-sided 95%""}","{""numerator"": 14, ""denominator"": 15, ""estimate"": 0.9333333333333333, ""ci95"": [0.7018347012621998, 0.9881331045067315], ""method"": ""Wilson two-sided 95%""}","{""numerator"": 1, ""denominator"": 2, ""estimate"": 0.5, ""ci95"": [0.09453120573423074, 0.9054687942657693], ""method"": ""Wilson two-sided 95%""}","{""numerator"": 13, ""denominator"": 13, ""estimate"": 1.0, ""ci95"": [0.7719046276458016, 0.9999999999999999], ""method"": ""Wilson two-sided 95%""}","{""numerator"": 1, ""denominator"": 2, ""estimate"": 0.5, ""ci95"": [0.09453120573423074, 0.9054687942657693], ""method"": ""Wilson two-sided 95%""}","{""numerator"": 0, ""denominator"": 13, ""estimate"": 0.0, ""ci95"": [0.0, 0.22809537235419838], ""method"": ""Wilson two-sided 95%""}","{""TP"": 1, ""FN"": 1, ""TN"": 13, ""FP"": 0}","{""sensitivity"": {""assigned_class_count"": 2, ""unscored_class_count"": 0, ""identification_bounds"": [0.5, 0.5], ""meaning"": ""Best/worst missing-outcome bounds, not confidence intervals; failures are not diagnostic FN/FP""}, ""specificity"": {""assigned_class_count"": 13, ""unscored_class_count"": 0, ""identification_bounds"": [1.0, 1.0], ""meaning"": ""Best/worst missing-outcome bounds, not confidence intervals; failures are not diagnostic FN/FP""}}","{""measured_patients"": 0, ""missing_patients"": 15, ""measured_subtotal"": null, ""total"": null}"
evaluation,CXR,B,second-reader,gpt-6-luna,,pleural_effusion,20,"{""numerator"": 20, ""denominator"": 20, ""estimate"": 1.0, ""ci95"": [0.8388748419471806, 1.0], ""method"": ""Wilson two-sided 95%""}","{""ambiguous"": 1, ""unscorable"": 3}",3,13,16,"{""completed"": 15, ""abstained"": 1}",15,"{""numerator"": 15, ""denominator"": 16, ""estimate"": 0.9375, ""ci95"": [0.7167126242970107, 0.9888806552353576], ""method"": ""Wilson two-sided 95%""}","{""numerator"": 13, ""denominator"": 16, ""estimate"": 0.8125, ""ci95"": [0.5699111903802586, 0.9340840092857187], ""method"": ""Wilson two-sided 95%""}","{""numerator"": 13, ""denominator"": 15, ""estimate"": 0.8666666666666667, ""ci95"": [0.6211801716767764, 0.9626387408969346], ""method"": ""Wilson two-sided 95%""}","{""numerator"": 0, ""denominator"": 2, ""estimate"": 0.0, ""ci95"": [0.0, 0.6576197724933469], ""method"": ""Wilson two-sided 95%""}","{""numerator"": 13, ""denominator"": 13, ""estimate"": 1.0, ""ci95"": [0.7719046276458016, 0.9999999999999999], ""method"": ""Wilson two-sided 95%""}","{""numerator"": 2, ""denominator"": 2, ""estimate"": 1.0, ""ci95"": [0.34238022750665303, 1.0], ""method"": ""Wilson two-sided 95%""}","{""numerator"": 0, ""denominator"": 13, ""estimate"": 0.0, ""ci95"": [0.0, 0.22809537235419838], ""method"": ""Wilson two-sided 95%""}","{""TP"": 0, ""FN"": 2, ""TN"": 13, ""FP"": 0}","{""sensitivity"": {""assigned_class_count"": 3, ""unscored_class_count"": 1, ""identification_bounds"": [0.0, 0.3333333333333333], ""meaning"": ""Best/worst missing-outcome bounds, not confidence intervals; failures are not diagnostic FN/FP""}, ""specificity"": {""assigned_class_count"": 13, ""unscored_class_count"": 0, ""identification_bounds"": [1.0, 1.0], ""meaning"": ""Best/worst missing-outcome bounds, not confidence intervals; failures are not diagnostic FN/FP""}}","{""measured_patients"": 0, ""missing_patients"": 16, ""measured_subtotal"": null, ""total"": null}"
evaluation,CXR,B,second-reader,gpt-6-luna,,pneumothorax,20,"{""numerator"": 20, ""denominator"": 20, ""estimate"": 1.0, ""ci95"": [0.8388748419471806, 1.0], ""method"": ""Wilson two-sided 95%""}","{""ambiguous"": 1, ""unscorable"": 1}",3,15,18,"{""completed"": 18}",18,"{""numerator"": 18, ""denominator"": 18, ""estimate"": 1.0, ""ci95"": [0.8241207763533425, 1.0], ""method"": ""Wilson two-sided 95%""}","{""numerator"": 15, ""denominator"": 18, ""estimate"": 0.8333333333333334, ""ci95"": [0.6077796189608428, 0.9416342319413856], ""method"": ""Wilson two-sided 95%""}","{""numerator"": 15, ""denominator"": 18, ""estimate"": 0.8333333333333334, ""ci95"": [0.6077796189608428, 0.9416342319413856], ""method"": ""Wilson two-sided 95%""}","{""numerator"": 0, ""denominator"": 3, ""estimate"": 0.0, ""ci95"": [5.551115123125783e-17, 0.5614970317550454], ""method"": ""Wilson two-sided 95%""}","{""numerator"": 15, ""denominator"": 15, ""estimate"": 1.0, ""ci95"": [0.7961166989641515, 1.0], ""method"": ""Wilson two-sided 95%""}","{""numerator"": 3, ""denominator"": 3, ""estimate"": 1.0, ""ci95"": [0.4385029682449546, 1.0], ""method"": ""Wilson two-sided 95%""}","{""numerator"": 0, ""denominator"": 15, ""estimate"": 0.0, ""ci95"": [0.0, 0.20388330103584862], ""method"": ""Wilson two-sided 95%""}","{""TP"": 0, ""FN"": 3, ""TN"": 15, ""FP"": 0}","{""sensitivity"": {""assigned_class_count"": 3, ""unscored_class_count"": 0, ""identification_bounds"": [0.0, 0.0], ""meaning"": ""Best/worst missing-outcome bounds, not confidence intervals; failures are not diagnostic FN/FP""}, ""specificity"": {""assigned_class_count"": 15, ""unscored_class_count"": 0, ""identification_bounds"": [1.0, 1.0], ""meaning"": ""Best/worst missing-outcome bounds, not confidence intervals; failures are not diagnostic FN/FP""}}","{""measured_patients"": 0, ""missing_patients"": 18, ""measured_subtotal"": null, ""total"": null}"
evaluation,CXR,B,second-reader,gpt-6-luna,,cardiomegaly,20,"{""numerator"": 20, ""denominator"": 20, ""estimate"": 1.0, ""ci95"": [0.8388748419471806, 1.0], ""method"": ""Wilson two-sided 95%""}","{""ambiguous"": 1, ""unscorable"": 3}",4,12,16,"{""completed"": 14, ""abstained"": 1, ""input_insufficient"": 1}",14,"{""numerator"": 14, ""denominator"": 16, ""estimate"": 0.875, ""ci95"": [0.639771727342413, 0.9650225122567595], ""method"": ""Wilson two-sided 95%""}","{""numerator"": 13, ""denominator"": 16, ""estimate"": 0.8125, ""ci95"": [0.5699111903802586, 0.9340840092857187], ""method"": ""Wilson two-sided 95%""}","{""numerator"": 13, ""denominator"": 14, ""estimate"": 0.9285714285714286, ""ci95"": [0.6853129557584889, 0.9872777847521093], ""method"": ""Wilson two-sided 95%""}","{""numerator"": 2, ""denominator"": 3, ""estimate"": 0.6666666666666666, ""ci95"": [0.2076596008020477, 0.9385080552796037], ""method"": ""Wilson two-sided 95%""}","{""numerator"": 11, ""denominator"": 11, ""estimate"": 1.0, ""ci95"": [0.7411670330319684, 1.0], ""method"": ""Wilson two-sided 95%""}","{""numerator"": 1, ""denominator"": 3, ""estimate"": 0.3333333333333333, ""ci95"": [0.06149194472039621, 0.7923403991979522], ""method"": ""Wilson two-sided 95%""}","{""numerator"": 0, ""denominator"": 11, ""estimate"": 0.0, ""ci95"": [0.0, 0.2588329669680317], ""method"": ""Wilson two-sided 95%""}","{""TP"": 2, ""FN"": 1, ""TN"": 11, ""FP"": 0}","{""sensitivity"": {""assigned_class_count"": 4, ""unscored_class_count"": 1, ""identification_bounds"": [0.5, 0.75], ""meaning"": ""Best/worst missing-outcome bounds, not confidence intervals; failures are not diagnostic FN/FP""}, ""specificity"": {""assigned_class_count"": 12, ""unscored_class_count"": 1, ""identification_bounds"": [0.9166666666666666, 1.0], ""meaning"": ""Best/worst missing-outcome bounds, not confidence intervals; failures are not diagnostic FN/FP""}}","{""measured_patients"": 0, ""missing_patients"": 16, ""measured_subtotal"": null, ""total"": null}"
evaluation,CXR,B,second-reader,gpt-6-luna,,focal_consolidation,20,"{""numerator"": 20, ""denominator"": 20, ""estimate"": 1.0, ""ci95"": [0.8388748419471806, 1.0], ""method"": ""Wilson two-sided 95%""}","{""unscorable"": 5}",2,13,15,"{""completed"": 15}",15,"{""numerator"": 15, ""denominator"": 15, ""estimate"": 1.0, ""ci95"": [0.7961166989641515, 1.0], ""method"": ""Wilson two-sided 95%""}","{""numerator"": 14, ""denominator"": 15, ""estimate"": 0.9333333333333333, ""ci95"": [0.7018347012621998, 0.9881331045067315], ""method"": ""Wilson two-sided 95%""}","{""numerator"": 14, ""denominator"": 15, ""estimate"": 0.9333333333333333, ""ci95"": [0.7018347012621998, 0.9881331045067315], ""method"": ""Wilson two-sided 95%""}","{""numerator"": 1, ""denominator"": 2, ""estimate"": 0.5, ""ci95"": [0.09453120573423074, 0.9054687942657693], ""method"": ""Wilson two-sided 95%""}","{""numerator"": 13, ""denominator"": 13, ""estimate"": 1.0, ""ci95"": [0.7719046276458016, 0.9999999999999999], ""method"": ""Wilson two-sided 95%""}","{""numerator"": 1, ""denominator"": 2, ""estimate"": 0.5, ""ci95"": [0.09453120573423074, 0.9054687942657693], ""method"": ""Wilson two-sided 95%""}","{""numerator"": 0, ""denominator"": 13, ""estimate"": 0.0, ""ci95"": [0.0, 0.22809537235419838], ""method"": ""Wilson two-sided 95%""}","{""TP"": 1, ""FN"": 1, ""TN"": 13, ""FP"": 0}","{""sensitivity"": {""assigned_class_count"": 2, ""unscored_class_count"": 0, ""identification_bounds"": [0.5, 0.5], ""meaning"": ""Best/worst missing-outcome bounds, not confidence intervals; failures are not diagnostic FN/FP""}, ""specificity"": {""assigned_class_count"": 13, ""unscored_class_count"": 0, ""identification_bounds"": [1.0, 1.0], ""meaning"": ""Best/worst missing-outcome bounds, not confidence intervals; failures are not diagnostic FN/FP""}}","{""measured_patients"": 0, ""missing_patients"": 15, ""measured_subtotal"": null, ""total"": null}"
evaluation,CXR,B,second-reader,gpt-6.1-sol,,pleural_effusion,20,"{""numerator"": 20, ""denominator"": 20, ""estimate"": 1.0, ""ci95"": [0.8388748419471806, 1.0], ""method"": ""Wilson two-sided 95%""}","{""ambiguous"": 1, ""unscorable"": 3}",3,13,16,"{""completed"": 16}",16,"{""numerator"": 16, ""denominator"": 16, ""estimate"": 1.0, ""ci95"": [0.8063923194655637, 1.0], ""method"": ""Wilson two-sided 95%""}","{""numerator"": 15, ""denominator"": 16, ""estimate"": 0.9375, ""ci95"": [0.7167126242970107, 0.9888806552353576], ""method"": ""Wilson two-sided 95%""}","{""numerator"": 15, ""denominator"": 16, ""estimate"": 0.9375, ""ci95"": [0.7167126242970107, 0.9888806552353576], ""method"": ""Wilson two-sided 95%""}","{""numerator"": 2, ""denominator"": 3, ""estimate"": 0.6666666666666666, ""ci95"": [0.2076596008020477, 0.9385080552796037], ""method"": ""Wilson two-sided 95%""}","{""numerator"": 13, ""denominator"": 13, ""estimate"": 1.0, ""ci95"": [0.7719046276458016, 0.9999999999999999], ""method"": ""Wilson two-sided 95%""}","{""numerator"": 1, ""denominator"": 3, ""estimate"": 0.3333333333333333, ""ci95"": [0.06149194472039621, 0.7923403991979522], ""method"": ""Wilson two-sided 95%""}","{""numerator"": 0, ""denominator"": 13, ""estimate"": 0.0, ""ci95"": [0.0, 0.22809537235419838], ""method"": ""Wilson two-sided 95%""}","{""TP"": 2, ""FN"": 1, ""TN"": 13, ""FP"": 0}","{""sensitivity"": {""assigned_class_count"": 3, ""unscored_class_count"": 0, ""identification_bounds"": [0.6666666666666666, 0.6666666666666666], ""meaning"": ""Best/worst missing-outcome bounds, not confidence intervals; failures are not diagnostic FN/FP""}, ""specificity"": {""assigned_class_count"": 13, ""unscored_class_count"": 0, ""identification_bounds"": [1.0, 1.0], ""meaning"": ""Best/worst missing-outcome bounds, not confidence intervals; failures are not diagnostic FN/FP""}}","{""measured_patients"": 0, ""missing_patients"": 16, ""measured_subtotal"": null, ""total"": null}"
evaluation,CXR,B,second-reader,gpt-6.1-sol,,pneumothorax,20,"{""numerator"": 20, ""denominator"": 20, ""estimate"": 1.0, ""ci95"": [0.8388748419471806, 1.0], ""method"": ""Wilson two-sided 95%""}","{""ambiguous"": 1, ""unscorable"": 1}",3,15,18,"{""completed"": 18}",18,"{""numerator"": 18, ""denominator"": 18, ""estimate"": 1.0, ""ci95"": [0.8241207763533425, 1.0], ""method"": ""Wilson two-sided 95%""}","{""numerator"": 15, ""denominator"": 18, ""estimate"": 0.8333333333333334, ""ci95"": [0.6077796189608428, 0.9416342319413856], ""method"": ""Wilson two-sided 95%""}","{""numerator"": 15, ""denominator"": 18, ""estimate"": 0.8333333333333334, ""ci95"": [0.6077796189608428, 0.9416342319413856], ""method"": ""Wilson two-sided 95%""}","{""numerator"": 0, ""denominator"": 3, ""estimate"": 0.0, ""ci95"": [5.551115123125783e-17, 0.5614970317550454], ""method"": ""Wilson two-sided 95%""}","{""numerator"": 15, ""denominator"": 15, ""estimate"": 1.0, ""ci95"": [0.7961166989641515, 1.0], ""method"": ""Wilson two-sided 95%""}","{""numerator"": 3, ""denominator"": 3, ""estimate"": 1.0, ""ci95"": [0.4385029682449546, 1.0], ""method"": ""Wilson two-sided 95%""}","{""numerator"": 0, ""denominator"": 15, ""estimate"": 0.0, ""ci95"": [0.0, 0.20388330103584862], ""method"": ""Wilson two-sided 95%""}","{""TP"": 0, ""FN"": 3, ""TN"": 15, ""FP"": 0}","{""sensitivity"": {""assigned_class_count"": 3, ""unscored_class_count"": 0, ""identification_bounds"": [0.0, 0.0], ""meaning"": ""Best/worst missing-outcome bounds, not confidence intervals; failures are not diagnostic FN/FP""}, ""specificity"": {""assigned_class_count"": 15, ""unscored_class_count"": 0, ""identification_bounds"": [1.0, 1.0], ""meaning"": ""Best/worst missing-outcome bounds, not confidence intervals; failures are not diagnostic FN/FP""}}","{""measured_patients"": 0, ""missing_patients"": 18, ""measured_subtotal"": null, ""total"": null}"
evaluation,CXR,B,second-reader,gpt-6.1-sol,,cardiomegaly,20,"{""numerator"": 20, ""denominator"": 20, ""estimate"": 1.0, ""ci95"": [0.8388748419471806, 1.0], ""method"": ""Wilson two-sided 95%""}","{""ambiguous"": 1, ""unscorable"": 3}",4,12,16,"{""completed"": 15, ""abstained"": 1}",15,"{""numerator"": 15, ""denominator"": 16, ""estimate"": 0.9375, ""ci95"": [0.7167126242970107, 0.9888806552353576], ""method"": ""Wilson two-sided 95%""}","{""numerator"": 12, ""denominator"": 16, ""estimate"": 0.75, ""ci95"": [0.5050168346449122, 0.8981793250878696], ""method"": ""Wilson two-sided 95%""}","{""numerator"": 12, ""denominator"": 15, ""estimate"": 0.8, ""ci95"": [0.5481455128483065, 0.9295245065301844], ""method"": ""Wilson two-sided 95%""}","{""numerator"": 1, ""denominator"": 4, ""estimate"": 0.25, ""ci95"": [0.04558726080970055, 0.6993581574175981], ""method"": ""Wilson two-sided 95%""}","{""numerator"": 11, ""denominator"": 11, ""estimate"": 1.0, ""ci95"": [0.7411670330319684, 1.0], ""method"": ""Wilson two-sided 95%""}","{""numerator"": 3, ""denominator"": 4, ""estimate"": 0.75, ""ci95"": [0.30064184258240184, 0.9544127391902995], ""method"": ""Wilson two-sided 95%""}","{""numerator"": 0, ""denominator"": 11, ""estimate"": 0.0, ""ci95"": [0.0, 0.2588329669680317], ""method"": ""Wilson two-sided 95%""}","{""TP"": 1, ""FN"": 3, ""TN"": 11, ""FP"": 0}","{""sensitivity"": {""assigned_class_count"": 4, ""unscored_class_count"": 0, ""identification_bounds"": [0.25, 0.25], ""meaning"": ""Best/worst missing-outcome bounds, not confidence intervals; failures are not diagnostic FN/FP""}, ""specificity"": {""assigned_class_count"": 12, ""unscored_class_count"": 1, ""identification_bounds"": [0.9166666666666666, 1.0], ""meaning"": ""Best/worst missing-outcome bounds, not confidence intervals; failures are not diagnostic FN/FP""}}","{""measured_patients"": 0, ""missing_patients"": 16, ""measured_subtotal"": null, ""total"": null}"
evaluation,CXR,B,second-reader,gpt-6.1-sol,,focal_consolidation,20,"{""numerator"": 20, ""denominator"": 20, ""estimate"": 1.0, ""ci95"": [0.8388748419471806, 1.0], ""method"": ""Wilson two-sided 95%""}","{""unscorable"": 5}",2,13,15,"{""completed"": 15}",15,"{""numerator"": 15, ""denominator"": 15, ""estimate"": 1.0, ""ci95"": [0.7961166989641515, 1.0], ""method"": ""Wilson two-sided 95%""}","{""numerator"": 14, ""denominator"": 15, ""estimate"": 0.9333333333333333, ""ci95"": [0.7018347012621998, 0.9881331045067315], ""method"": ""Wilson two-sided 95%""}","{""numerator"": 14, ""denominator"": 15, ""estimate"": 0.9333333333333333, ""ci95"": [0.7018347012621998, 0.9881331045067315], ""method"": ""Wilson two-sided 95%""}","{""numerator"": 1, ""denominator"": 2, ""estimate"": 0.5, ""ci95"": [0.09453120573423074, 0.9054687942657693], ""method"": ""Wilson two-sided 95%""}","{""numerator"": 13, ""denominator"": 13, ""estimate"": 1.0, ""ci95"": [0.7719046276458016, 0.9999999999999999], ""method"": ""Wilson two-sided 95%""}","{""numerator"": 1, ""denominator"": 2, ""estimate"": 0.5, ""ci95"": [0.09453120573423074, 0.9054687942657693], ""method"": ""Wilson two-sided 95%""}","{""numerator"": 0, ""denominator"": 13, ""estimate"": 0.0, ""ci95"": [0.0, 0.22809537235419838], ""method"": ""Wilson two-sided 95%""}","{""TP"": 1, ""FN"": 1, ""TN"": 13, ""FP"": 0}","{""sensitivity"": {""assigned_class_count"": 2, ""unscored_class_count"": 0, ""identification_bounds"": [0.5, 0.5], ""meaning"": ""Best/worst missing-outcome bounds, not confidence intervals; failures are not diagnostic FN/FP""}, ""specificity"": {""assigned_class_count"": 13, ""unscored_class_count"": 0, ""identification_bounds"": [1.0, 1.0], ""meaning"": ""Best/worst missing-outcome bounds, not confidence intervals; failures are not diagnostic FN/FP""}}","{""measured_patients"": 0, ""missing_patients"": 15, ""measured_subtotal"": null, ""total"": null}"
evaluation,CXR,B,self-review,gpt-6-astra,,pleural_effusion,5,"{""numerator"": 5, ""denominator"": 5, ""estimate"": 1.0, ""ci95"": [0.5655175352168251, 1.0], ""method"": ""Wilson two-sided 95%""}","{""ambiguous"": 1}",1,3,4,"{""completed"": 4}",4,"{""numerator"": 4, ""denominator"": 4, ""estimate"": 1.0, ""ci95"": [0.5101091635454027, 1.0], ""method"": ""Wilson two-sided 95%""}","{""numerator"": 4, ""denominator"": 4, ""estimate"": 1.0, ""ci95"": [0.5101091635454027, 1.0], ""method"": ""Wilson two-sided 95%""}","{""numerator"": 4, ""denominator"": 4, ""estimate"": 1.0, ""ci95"": [0.5101091635454027, 1.0], ""method"": ""Wilson two-sided 95%""}","{""numerator"": 1, ""denominator"": 1, ""estimate"": 1.0, ""ci95"": [0.20654931437723745, 1.0], ""method"": ""Wilson two-sided 95%""}","{""numerator"": 3, ""denominator"": 3, ""estimate"": 1.0, ""ci95"": [0.4385029682449546, 1.0], ""method"": ""Wilson two-sided 95%""}","{""numerator"": 0, ""denominator"": 1, ""estimate"": 0.0, ""ci95"": [0.0, 0.7934506856227626], ""method"": ""Wilson two-sided 95%""}","{""numerator"": 0, ""denominator"": 3, ""estimate"": 0.0, ""ci95"": [5.551115123125783e-17, 0.5614970317550454], ""method"": ""Wilson two-sided 95%""}","{""TP"": 1, ""FN"": 0, ""TN"": 3, ""FP"": 0}","{""sensitivity"": {""assigned_class_count"": 1, ""unscored_class_count"": 0, ""identification_bounds"": [1.0, 1.0], ""meaning"": ""Best/worst missing-outcome bounds, not confidence intervals; failures are not diagnostic FN/FP""}, ""specificity"": {""assigned_class_count"": 3, ""unscored_class_count"": 0, ""identification_bounds"": [1.0, 1.0], ""meaning"": ""Best/worst missing-outcome bounds, not confidence intervals; failures are not diagnostic FN/FP""}}","{""measured_patients"": 0, ""missing_patients"": 4, ""measured_subtotal"": null, ""total"": null}"
evaluation,CXR,B,self-review,gpt-6-astra,,pneumothorax,5,"{""numerator"": 5, ""denominator"": 5, ""estimate"": 1.0, ""ci95"": [0.5655175352168251, 1.0], ""method"": ""Wilson two-sided 95%""}","{""ambiguous"": 1}",1,3,4,"{""completed"": 4}",4,"{""numerator"": 4, ""denominator"": 4, ""estimate"": 1.0, ""ci95"": [0.5101091635454027, 1.0], ""method"": ""Wilson two-sided 95%""}","{""numerator"": 3, ""denominator"": 4, ""estimate"": 0.75, ""ci95"": [0.30064184258240184, 0.9544127391902995], ""method"": ""Wilson two-sided 95%""}","{""numerator"": 3, ""denominator"": 4, ""estimate"": 0.75, ""ci95"": [0.30064184258240184, 0.9544127391902995], ""method"": ""Wilson two-sided 95%""}","{""numerator"": 0, ""denominator"": 1, ""estimate"": 0.0, ""ci95"": [0.0, 0.7934506856227626], ""method"": ""Wilson two-sided 95%""}","{""numerator"": 3, ""denominator"": 3, ""estimate"": 1.0, ""ci95"": [0.4385029682449546, 1.0], ""method"": ""Wilson two-sided 95%""}","{""numerator"": 1, ""denominator"": 1, ""estimate"": 1.0, ""ci95"": [0.20654931437723745, 1.0], ""method"": ""Wilson two-sided 95%""}","{""numerator"": 0, ""denominator"": 3, ""estimate"": 0.0, ""ci95"": [5.551115123125783e-17, 0.5614970317550454], ""method"": ""Wilson two-sided 95%""}","{""TP"": 0, ""FN"": 1, ""TN"": 3, ""FP"": 0}","{""sensitivity"": {""assigned_class_count"": 1, ""unscored_class_count"": 0, ""identification_bounds"": [0.0, 0.0], ""meaning"": ""Best/worst missing-outcome bounds, not confidence intervals; failures are not diagnostic FN/FP""}, ""specificity"": {""assigned_class_count"": 3, ""unscored_class_count"": 0, ""identification_bounds"": [1.0, 1.0], ""meaning"": ""Best/worst missing-outcome bounds, not confidence intervals; failures are not diagnostic FN/FP""}}","{""measured_patients"": 0, ""missing_patients"": 4, ""measured_subtotal"": null, ""total"": null}"
evaluation,CXR,B,self-review,gpt-6-astra,,cardiomegaly,5,"{""numerator"": 5, ""denominator"": 5, ""estimate"": 1.0, ""ci95"": [0.5655175352168251, 1.0], ""method"": ""Wilson two-sided 95%""}","{""unscorable"": 1}",2,2,4,"{""completed"": 4}",4,"{""numerator"": 4, ""denominator"": 4, ""estimate"": 1.0, ""ci95"": [0.5101091635454027, 1.0], ""method"": ""Wilson two-sided 95%""}","{""numerator"": 2, ""denominator"": 4, ""estimate"": 0.5, ""ci95"": [0.15003898915214947, 0.8499610108478506], ""method"": ""Wilson two-sided 95%""}","{""numerator"": 2, ""denominator"": 4, ""estimate"": 0.5, ""ci95"": [0.15003898915214947, 0.8499610108478506], ""method"": ""Wilson two-sided 95%""}","{""numerator"": 0, ""denominator"": 2, ""estimate"": 0.0, ""ci95"": [0.0, 0.6576197724933469], ""method"": ""Wilson two-sided 95%""}","{""numerator"": 2, ""denominator"": 2, ""estimate"": 1.0, ""ci95"": [0.34238022750665303, 1.0], ""method"": ""Wilson two-sided 95%""}","{""numerator"": 2, ""denominator"": 2, ""estimate"": 1.0, ""ci95"": [0.34238022750665303, 1.0], ""method"": ""Wilson two-sided 95%""}","{""numerator"": 0, ""denominator"": 2, ""estimate"": 0.0, ""ci95"": [0.0, 0.6576197724933469], ""method"": ""Wilson two-sided 95%""}","{""TP"": 0, ""FN"": 2, ""TN"": 2, ""FP"": 0}","{""sensitivity"": {""assigned_class_count"": 2, ""unscored_class_count"": 0, ""identification_bounds"": [0.0, 0.0], ""meaning"": ""Best/worst missing-outcome bounds, not confidence intervals; failures are not diagnostic FN/FP""}, ""specificity"": {""assigned_class_count"": 2, ""unscored_class_count"": 0, ""identification_bounds"": [1.0, 1.0], ""meaning"": ""Best/worst missing-outcome bounds, not confidence intervals; failures are not diagnostic FN/FP""}}","{""measured_patients"": 0, ""missing_patients"": 4, ""measured_subtotal"": null, ""total"": null}"
evaluation,CXR,B,self-review,gpt-6-astra,,focal_consolidation,5,"{""numerator"": 5, ""denominator"": 5, ""estimate"": 1.0, ""ci95"": [0.5655175352168251, 1.0], ""method"": ""Wilson two-sided 95%""}","{""unscorable"": 1}",0,4,4,"{""completed"": 4}",4,"{""numerator"": 4, ""denominator"": 4, ""estimate"": 1.0, ""ci95"": [0.5101091635454027, 1.0], ""method"": ""Wilson two-sided 95%""}","{""numerator"": 4, ""denominator"": 4, ""estimate"": 1.0, ""ci95"": [0.5101091635454027, 1.0], ""method"": ""Wilson two-sided 95%""}","{""numerator"": 4, ""denominator"": 4, ""estimate"": 1.0, ""ci95"": [0.5101091635454027, 1.0], ""method"": ""Wilson two-sided 95%""}","{""numerator"": 0, ""denominator"": 0, ""estimate"": null, ""ci95"": null}","{""numerator"": 4, ""denominator"": 4, ""estimate"": 1.0, ""ci95"": [0.5101091635454027, 1.0], ""method"": ""Wilson two-sided 95%""}","{""numerator"": 0, ""denominator"": 0, ""estimate"": null, ""ci95"": null}","{""numerator"": 0, ""denominator"": 4, ""estimate"": 0.0, ""ci95"": [0.0, 0.4898908364545973], ""method"": ""Wilson two-sided 95%""}","{""TP"": 0, ""FN"": 0, ""TN"": 4, ""FP"": 0}","{""sensitivity"": {""assigned_class_count"": 0, ""unscored_class_count"": 0, ""identification_bounds"": null, ""meaning"": ""Best/worst missing-outcome bounds, not confidence intervals; failures are not diagnostic FN/FP""}, ""specificity"": {""assigned_class_count"": 4, ""unscored_class_count"": 0, ""identification_bounds"": [1.0, 1.0], ""meaning"": ""Best/worst missing-outcome bounds, not confidence intervals; failures are not diagnostic FN/FP""}}","{""measured_patients"": 0, ""missing_patients"": 4, ""measured_subtotal"": null, ""total"": null}"
evaluation,CXR,B,self-review,gpt-6-luna,,pleural_effusion,5,"{""numerator"": 5, ""denominator"": 5, ""estimate"": 1.0, ""ci95"": [0.5655175352168251, 1.0], ""method"": ""Wilson two-sided 95%""}","{""ambiguous"": 1}",1,3,4,"{""completed"": 4}",4,"{""numerator"": 4, ""denominator"": 4, ""estimate"": 1.0, ""ci95"": [0.5101091635454027, 1.0], ""method"": ""Wilson two-sided 95%""}","{""numerator"": 3, ""denominator"": 4, ""estimate"": 0.75, ""ci95"": [0.30064184258240184, 0.9544127391902995], ""method"": ""Wilson two-sided 95%""}","{""numerator"": 3, ""denominator"": 4, ""estimate"": 0.75, ""ci95"": [0.30064184258240184, 0.9544127391902995], ""method"": ""Wilson two-sided 95%""}","{""numerator"": 0, ""denominator"": 1, ""estimate"": 0.0, ""ci95"": [0.0, 0.7934506856227626], ""method"": ""Wilson two-sided 95%""}","{""numerator"": 3, ""denominator"": 3, ""estimate"": 1.0, ""ci95"": [0.4385029682449546, 1.0], ""method"": ""Wilson two-sided 95%""}","{""numerator"": 1, ""denominator"": 1, ""estimate"": 1.0, ""ci95"": [0.20654931437723745, 1.0], ""method"": ""Wilson two-sided 95%""}","{""numerator"": 0, ""denominator"": 3, ""estimate"": 0.0, ""ci95"": [5.551115123125783e-17, 0.5614970317550454], ""method"": ""Wilson two-sided 95%""}","{""TP"": 0, ""FN"": 1, ""TN"": 3, ""FP"": 0}","{""sensitivity"": {""assigned_class_count"": 1, ""unscored_class_count"": 0, ""identification_bounds"": [0.0, 0.0], ""meaning"": ""Best/worst missing-outcome bounds, not confidence intervals; failures are not diagnostic FN/FP""}, ""specificity"": {""assigned_class_count"": 3, ""unscored_class_count"": 0, ""identification_bounds"": [1.0, 1.0], ""meaning"": ""Best/worst missing-outcome bounds, not confidence intervals; failures are not diagnostic FN/FP""}}","{""measured_patients"": 0, ""missing_patients"": 4, ""measured_subtotal"": null, ""total"": null}"
evaluation,CXR,B,self-review,gpt-6-luna,,pneumothorax,5,"{""numerator"": 5, ""denominator"": 5, ""estimate"": 1.0, ""ci95"": [0.5655175352168251, 1.0], ""method"": ""Wilson two-sided 95%""}","{""ambiguous"": 1}",1,3,4,"{""completed"": 4}",4,"{""numerator"": 4, ""denominator"": 4, ""estimate"": 1.0, ""ci95"": [0.5101091635454027, 1.0], ""method"": ""Wilson two-sided 95%""}","{""numerator"": 3, ""denominator"": 4, ""estimate"": 0.75, ""ci95"": [0.30064184258240184, 0.9544127391902995], ""method"": ""Wilson two-sided 95%""}","{""numerator"": 3, ""denominator"": 4, ""estimate"": 0.75, ""ci95"": [0.30064184258240184, 0.9544127391902995], ""method"": ""Wilson two-sided 95%""}","{""numerator"": 0, ""denominator"": 1, ""estimate"": 0.0, ""ci95"": [0.0, 0.7934506856227626], ""method"": ""Wilson two-sided 95%""}","{""numerator"": 3, ""denominator"": 3, ""estimate"": 1.0, ""ci95"": [0.4385029682449546, 1.0], ""method"": ""Wilson two-sided 95%""}","{""numerator"": 1, ""denominator"": 1, ""estimate"": 1.0, ""ci95"": [0.20654931437723745, 1.0], ""method"": ""Wilson two-sided 95%""}","{""numerator"": 0, ""denominator"": 3, ""estimate"": 0.0, ""ci95"": [5.551115123125783e-17, 0.5614970317550454], ""method"": ""Wilson two-sided 95%""}","{""TP"": 0, ""FN"": 1, ""TN"": 3, ""FP"": 0}","{""sensitivity"": {""assigned_class_count"": 1, ""unscored_class_count"": 0, ""identification_bounds"": [0.0, 0.0], ""meaning"": ""Best/worst missing-outcome bounds, not confidence intervals; failures are not diagnostic FN/FP""}, ""specificity"": {""assigned_class_count"": 3, ""unscored_class_count"": 0, ""identification_bounds"": [1.0, 1.0], ""meaning"": ""Best/worst missing-outcome bounds, not confidence intervals; failures are not diagnostic FN/FP""}}","{""measured_patients"": 0, ""missing_patients"": 4, ""measured_subtotal"": null, ""total"": null}"
evaluation,CXR,B,self-review,gpt-6-luna,,cardiomegaly,5,"{""numerator"": 5, ""denominator"": 5, ""estimate"": 1.0, ""ci95"": [0.5655175352168251, 1.0], ""method"": ""Wilson two-sided 95%""}","{""unscorable"": 1}",2,2,4,"{""completed"": 3, ""abstained"": 1}",3,"{""numerator"": 3, ""denominator"": 4, ""estimate"": 0.75, ""ci95"": [0.30064184258240184, 0.9544127391902995], ""method"": ""Wilson two-sided 95%""}","{""numerator"": 2, ""denominator"": 4, ""estimate"": 0.5, ""ci95"": [0.15003898915214947, 0.8499610108478506], ""method"": ""Wilson two-sided 95%""}","{""numerator"": 2, ""denominator"": 3, ""estimate"": 0.6666666666666666, ""ci95"": [0.2076596008020477, 0.9385080552796037], ""method"": ""Wilson two-sided 95%""}","{""numerator"": 0, ""denominator"": 1, ""estimate"": 0.0, ""ci95"": [0.0, 0.7934506856227626], ""method"": ""Wilson two-sided 95%""}","{""numerator"": 2, ""denominator"": 2, ""estimate"": 1.0, ""ci95"": [0.34238022750665303, 1.0], ""method"": ""Wilson two-sided 95%""}","{""numerator"": 1, ""denominator"": 1, ""estimate"": 1.0, ""ci95"": [0.20654931437723745, 1.0], ""method"": ""Wilson two-sided 95%""}","{""numerator"": 0, ""denominator"": 2, ""estimate"": 0.0, ""ci95"": [0.0, 0.6576197724933469], ""method"": ""Wilson two-sided 95%""}","{""TP"": 0, ""FN"": 1, ""TN"": 2, ""FP"": 0}","{""sensitivity"": {""assigned_class_count"": 2, ""unscored_class_count"": 1, ""identification_bounds"": [0.0, 0.5], ""meaning"": ""Best/worst missing-outcome bounds, not confidence intervals; failures are not diagnostic FN/FP""}, ""specificity"": {""assigned_class_count"": 2, ""unscored_class_count"": 0, ""identification_bounds"": [1.0, 1.0], ""meaning"": ""Best/worst missing-outcome bounds, not confidence intervals; failures are not diagnostic FN/FP""}}","{""measured_patients"": 0, ""missing_patients"": 4, ""measured_subtotal"": null, ""total"": null}"
evaluation,CXR,B,self-review,gpt-6-luna,,focal_consolidation,5,"{""numerator"": 5, ""denominator"": 5, ""estimate"": 1.0, ""ci95"": [0.5655175352168251, 1.0], ""method"": ""Wilson two-sided 95%""}","{""unscorable"": 1}",0,4,4,"{""completed"": 4}",4,"{""numerator"": 4, ""denominator"": 4, ""estimate"": 1.0, ""ci95"": [0.5101091635454027, 1.0], ""method"": ""Wilson two-sided 95%""}","{""numerator"": 4, ""denominator"": 4, ""estimate"": 1.0, ""ci95"": [0.5101091635454027, 1.0], ""method"": ""Wilson two-sided 95%""}","{""numerator"": 4, ""denominator"": 4, ""estimate"": 1.0, ""ci95"": [0.5101091635454027, 1.0], ""method"": ""Wilson two-sided 95%""}","{""numerator"": 0, ""denominator"": 0, ""estimate"": null, ""ci95"": null}","{""numerator"": 4, ""denominator"": 4, ""estimate"": 1.0, ""ci95"": [0.5101091635454027, 1.0], ""method"": ""Wilson two-sided 95%""}","{""numerator"": 0, ""denominator"": 0, ""estimate"": null, ""ci95"": null}","{""numerator"": 0, ""denominator"": 4, ""estimate"": 0.0, ""ci95"": [0.0, 0.4898908364545973], ""method"": ""Wilson two-sided 95%""}","{""TP"": 0, ""FN"": 0, ""TN"": 4, ""FP"": 0}","{""sensitivity"": {""assigned_class_count"": 0, ""unscored_class_count"": 0, ""identification_bounds"": null, ""meaning"": ""Best/worst missing-outcome bounds, not confidence intervals; failures are not diagnostic FN/FP""}, ""specificity"": {""assigned_class_count"": 4, ""unscored_class_count"": 0, ""identification_bounds"": [1.0, 1.0], ""meaning"": ""Best/worst missing-outcome bounds, not confidence intervals; failures are not diagnostic FN/FP""}}","{""measured_patients"": 0, ""missing_patients"": 4, ""measured_subtotal"": null, ""total"": null}"
evaluation,CXR,B,self-review,gpt-6.1-sol,,pleural_effusion,5,"{""numerator"": 5, ""denominator"": 5, ""estimate"": 1.0, ""ci95"": [0.5655175352168251, 1.0], ""method"": ""Wilson two-sided 95%""}","{""ambiguous"": 1}",1,3,4,"{""completed"": 4}",4,"{""numerator"": 4, ""denominator"": 4, ""estimate"": 1.0, ""ci95"": [0.5101091635454027, 1.0], ""method"": ""Wilson two-sided 95%""}","{""numerator"": 4, ""denominator"": 4, ""estimate"": 1.0, ""ci95"": [0.5101091635454027, 1.0], ""method"": ""Wilson two-sided 95%""}","{""numerator"": 4, ""denominator"": 4, ""estimate"": 1.0, ""ci95"": [0.5101091635454027, 1.0], ""method"": ""Wilson two-sided 95%""}","{""numerator"": 1, ""denominator"": 1, ""estimate"": 1.0, ""ci95"": [0.20654931437723745, 1.0], ""method"": ""Wilson two-sided 95%""}","{""numerator"": 3, ""denominator"": 3, ""estimate"": 1.0, ""ci95"": [0.4385029682449546, 1.0], ""method"": ""Wilson two-sided 95%""}","{""numerator"": 0, ""denominator"": 1, ""estimate"": 0.0, ""ci95"": [0.0, 0.7934506856227626], ""method"": ""Wilson two-sided 95%""}","{""numerator"": 0, ""denominator"": 3, ""estimate"": 0.0, ""ci95"": [5.551115123125783e-17, 0.5614970317550454], ""method"": ""Wilson two-sided 95%""}","{""TP"": 1, ""FN"": 0, ""TN"": 3, ""FP"": 0}","{""sensitivity"": {""assigned_class_count"": 1, ""unscored_class_count"": 0, ""identification_bounds"": [1.0, 1.0], ""meaning"": ""Best/worst missing-outcome bounds, not confidence intervals; failures are not diagnostic FN/FP""}, ""specificity"": {""assigned_class_count"": 3, ""unscored_class_count"": 0, ""identification_bounds"": [1.0, 1.0], ""meaning"": ""Best/worst missing-outcome bounds, not confidence intervals; failures are not diagnostic FN/FP""}}","{""measured_patients"": 0, ""missing_patients"": 4, ""measured_subtotal"": null, ""total"": null}"
evaluation,CXR,B,self-review,gpt-6.1-sol,,pneumothorax,5,"{""numerator"": 5, ""denominator"": 5, ""estimate"": 1.0, ""ci95"": [0.5655175352168251, 1.0], ""method"": ""Wilson two-sided 95%""}","{""ambiguous"": 1}",1,3,4,"{""completed"": 4}",4,"{""numerator"": 4, ""denominator"": 4, ""estimate"": 1.0, ""ci95"": [0.5101091635454027, 1.0], ""method"": ""Wilson two-sided 95%""}","{""numerator"": 3, ""denominator"": 4, ""estimate"": 0.75, ""ci95"": [0.30064184258240184, 0.9544127391902995], ""method"": ""Wilson two-sided 95%""}","{""numerator"": 3, ""denominator"": 4, ""estimate"": 0.75, ""ci95"": [0.30064184258240184, 0.9544127391902995], ""method"": ""Wilson two-sided 95%""}","{""numerator"": 0, ""denominator"": 1, ""estimate"": 0.0, ""ci95"": [0.0, 0.7934506856227626], ""method"": ""Wilson two-sided 95%""}","{""numerator"": 3, ""denominator"": 3, ""estimate"": 1.0, ""ci95"": [0.4385029682449546, 1.0], ""method"": ""Wilson two-sided 95%""}","{""numerator"": 1, ""denominator"": 1, ""estimate"": 1.0, ""ci95"": [0.20654931437723745, 1.0], ""method"": ""Wilson two-sided 95%""}","{""numerator"": 0, ""denominator"": 3, ""estimate"": 0.0, ""ci95"": [5.551115123125783e-17, 0.5614970317550454], ""method"": ""Wilson two-sided 95%""}","{""TP"": 0, ""FN"": 1, ""TN"": 3, ""FP"": 0}","{""sensitivity"": {""assigned_class_count"": 1, ""unscored_class_count"": 0, ""identification_bounds"": [0.0, 0.0], ""meaning"": ""Best/worst missing-outcome bounds, not confidence intervals; failures are not diagnostic FN/FP""}, ""specificity"": {""assigned_class_count"": 3, ""unscored_class_count"": 0, ""identification_bounds"": [1.0, 1.0], ""meaning"": ""Best/worst missing-outcome bounds, not confidence intervals; failures are not diagnostic FN/FP""}}","{""measured_patients"": 0, ""missing_patients"": 4, ""measured_subtotal"": null, ""total"": null}"
evaluation,CXR,B,self-review,gpt-6.1-sol,,cardiomegaly,5,"{""numerator"": 5, ""denominator"": 5, ""estimate"": 1.0, ""ci95"": [0.5655175352168251, 1.0], ""method"": ""Wilson two-sided 95%""}","{""unscorable"": 1}",2,2,4,"{""completed"": 4}",4,"{""numerator"": 4, ""denominator"": 4, ""estimate"": 1.0, ""ci95"": [0.5101091635454027, 1.0], ""method"": ""Wilson two-sided 95%""}","{""numerator"": 2, ""denominator"": 4, ""estimate"": 0.5, ""ci95"": [0.15003898915214947, 0.8499610108478506], ""method"": ""Wilson two-sided 95%""}","{""numerator"": 2, ""denominator"": 4, ""estimate"": 0.5, ""ci95"": [0.15003898915214947, 0.8499610108478506], ""method"": ""Wilson two-sided 95%""}","{""numerator"": 0, ""denominator"": 2, ""estimate"": 0.0, ""ci95"": [0.0, 0.6576197724933469], ""method"": ""Wilson two-sided 95%""}","{""numerator"": 2, ""denominator"": 2, ""estimate"": 1.0, ""ci95"": [0.34238022750665303, 1.0], ""method"": ""Wilson two-sided 95%""}","{""numerator"": 2, ""denominator"": 2, ""estimate"": 1.0, ""ci95"": [0.34238022750665303, 1.0], ""method"": ""Wilson two-sided 95%""}","{""numerator"": 0, ""denominator"": 2, ""estimate"": 0.0, ""ci95"": [0.0, 0.6576197724933469], ""method"": ""Wilson two-sided 95%""}","{""TP"": 0, ""FN"": 2, ""TN"": 2, ""FP"": 0}","{""sensitivity"": {""assigned_class_count"": 2, ""unscored_class_count"": 0, ""identification_bounds"": [0.0, 0.0], ""meaning"": ""Best/worst missing-outcome bounds, not confidence intervals; failures are not diagnostic FN/FP""}, ""specificity"": {""assigned_class_count"": 2, ""unscored_class_count"": 0, ""identification_bounds"": [1.0, 1.0], ""meaning"": ""Best/worst missing-outcome bounds, not confidence intervals; failures are not diagnostic FN/FP""}}","{""measured_patients"": 0, ""missing_patients"": 4, ""measured_subtotal"": null, ""total"": null}"
evaluation,CXR,B,self-review,gpt-6.1-sol,,focal_consolidation,5,"{""numerator"": 5, ""denominator"": 5, ""estimate"": 1.0, ""ci95"": [0.5655175352168251, 1.0], ""method"": ""Wilson two-sided 95%""}","{""unscorable"": 1}",0,4,4,"{""completed"": 4}",4,"{""numerator"": 4, ""denominator"": 4, ""estimate"": 1.0, ""ci95"": [0.5101091635454027, 1.0], ""method"": ""Wilson two-sided 95%""}","{""numerator"": 4, ""denominator"": 4, ""estimate"": 1.0, ""ci95"": [0.5101091635454027, 1.0], ""method"": ""Wilson two-sided 95%""}","{""numerator"": 4, ""denominator"": 4, ""estimate"": 1.0, ""ci95"": [0.5101091635454027, 1.0], ""method"": ""Wilson two-sided 95%""}","{""numerator"": 0, ""denominator"": 0, ""estimate"": null, ""ci95"": null}","{""numerator"": 4, ""denominator"": 4, ""estimate"": 1.0, ""ci95"": [0.5101091635454027, 1.0], ""method"": ""Wilson two-sided 95%""}","{""numerator"": 0, ""denominator"": 0, ""estimate"": null, ""ci95"": null}","{""numerator"": 0, ""denominator"": 4, ""estimate"": 0.0, ""ci95"": [0.0, 0.4898908364545973], ""method"": ""Wilson two-sided 95%""}","{""TP"": 0, ""FN"": 0, ""TN"": 4, ""FP"": 0}","{""sensitivity"": {""assigned_class_count"": 0, ""unscored_class_count"": 0, ""identification_bounds"": null, ""meaning"": ""Best/worst missing-outcome bounds, not confidence intervals; failures are not diagnostic FN/FP""}, ""specificity"": {""assigned_class_count"": 4, ""unscored_class_count"": 0, ""identification_bounds"": [1.0, 1.0], ""meaning"": ""Best/worst missing-outcome bounds, not confidence intervals; failures are not diagnostic FN/FP""}}","{""measured_patients"": 0, ""missing_patients"": 4, ""measured_subtotal"": null, ""total"": null}"
evaluation,MR,A,primary,gpt-6-astra,,white_matter_signal_abnormality,10,"{""numerator"": 10, ""denominator"": 10, ""estimate"": 1.0, ""ci95"": [0.7224672001371107, 0.9999999999999999], ""method"": ""Wilson two-sided 95%""}","{""unscorable"": 7, ""ambiguous"": 1}",2,0,2,"{""completed"": 2}",2,"{""numerator"": 2, ""denominator"": 2, ""estimate"": 1.0, ""ci95"": [0.34238022750665303, 1.0], ""method"": ""Wilson two-sided 95%""}","{""numerator"": 2, ""denominator"": 2, ""estimate"": 1.0, ""ci95"": [0.34238022750665303, 1.0], ""method"": ""Wilson two-sided 95%""}","{""numerator"": 2, ""denominator"": 2, ""estimate"": 1.0, ""ci95"": [0.34238022750665303, 1.0], ""method"": ""Wilson two-sided 95%""}","{""numerator"": 2, ""denominator"": 2, ""estimate"": 1.0, ""ci95"": [0.34238022750665303, 1.0], ""method"": ""Wilson two-sided 95%""}","{""numerator"": 0, ""denominator"": 0, ""estimate"": null, ""ci95"": null}","{""numerator"": 0, ""denominator"": 2, ""estimate"": 0.0, ""ci95"": [0.0, 0.6576197724933469], ""method"": ""Wilson two-sided 95%""}","{""numerator"": 0, ""denominator"": 0, ""estimate"": null, ""ci95"": null}","{""TP"": 2, ""FN"": 0, ""TN"": 0, ""FP"": 0}","{""sensitivity"": {""assigned_class_count"": 2, ""unscored_class_count"": 0, ""identification_bounds"": [1.0, 1.0], ""meaning"": ""Best/worst missing-outcome bounds, not confidence intervals; failures are not diagnostic FN/FP""}, ""specificity"": {""assigned_class_count"": 0, ""unscored_class_count"": 0, ""identification_bounds"": null, ""meaning"": ""Best/worst missing-outcome bounds, not confidence intervals; failures are not diagnostic FN/FP""}}","{""measured_patients"": 0, ""missing_patients"": 2, ""measured_subtotal"": null, ""total"": null}"
evaluation,MR,A,primary,gpt-6-astra,,atrophy,10,"{""numerator"": 10, ""denominator"": 10, ""estimate"": 1.0, ""ci95"": [0.7224672001371107, 0.9999999999999999], ""method"": ""Wilson two-sided 95%""}","{""unscorable"": 10}",0,0,0,{},0,"{""numerator"": 0, ""denominator"": 0, ""estimate"": null, ""ci95"": null}","{""numerator"": 0, ""denominator"": 0, ""estimate"": null, ""ci95"": null}","{""numerator"": 0, ""denominator"": 0, ""estimate"": null, ""ci95"": null}","{""numerator"": 0, ""denominator"": 0, ""estimate"": null, ""ci95"": null}","{""numerator"": 0, ""denominator"": 0, ""estimate"": null, ""ci95"": null}","{""numerator"": 0, ""denominator"": 0, ""estimate"": null, ""ci95"": null}","{""numerator"": 0, ""denominator"": 0, ""estimate"": null, ""ci95"": null}","{""TP"": 0, ""FN"": 0, ""TN"": 0, ""FP"": 0}","{""sensitivity"": {""assigned_class_count"": 0, ""unscored_class_count"": 0, ""identification_bounds"": null, ""meaning"": ""Best/worst missing-outcome bounds, not confidence intervals; failures are not diagnostic FN/FP""}, ""specificity"": {""assigned_class_count"": 0, ""unscored_class_count"": 0, ""identification_bounds"": null, ""meaning"": ""Best/worst missing-outcome bounds, not confidence intervals; failures are not diagnostic FN/FP""}}","{""measured_patients"": 0, ""missing_patients"": 0, ""measured_subtotal"": null, ""total"": null}"
evaluation,MR,A,primary,gpt-6-astra,,chronic_infarction,10,"{""numerator"": 10, ""denominator"": 10, ""estimate"": 1.0, ""ci95"": [0.7224672001371107, 0.9999999999999999], ""method"": ""Wilson two-sided 95%""}","{""ambiguous"": 1, ""unscorable"": 8}",1,0,1,"{""abstained"": 1}",0,"{""numerator"": 0, ""denominator"": 1, ""estimate"": 0.0, ""ci95"": [0.0, 0.7934506856227626], ""method"": ""Wilson two-sided 95%""}","{""numerator"": 0, ""denominator"": 1, ""estimate"": 0.0, ""ci95"": [0.0, 0.7934506856227626], ""method"": ""Wilson two-sided 95%""}","{""numerator"": 0, ""denominator"": 0, ""estimate"": null, ""ci95"": null}","{""numerator"": 0, ""denominator"": 0, ""estimate"": null, ""ci95"": null}","{""numerator"": 0, ""denominator"": 0, ""estimate"": null, ""ci95"": null}","{""numerator"": 0, ""denominator"": 0, ""estimate"": null, ""ci95"": null}","{""numerator"": 0, ""denominator"": 0, ""estimate"": null, ""ci95"": null}","{""TP"": 0, ""FN"": 0, ""TN"": 0, ""FP"": 0}","{""sensitivity"": {""assigned_class_count"": 1, ""unscored_class_count"": 1, ""identification_bounds"": [0.0, 1.0], ""meaning"": ""Best/worst missing-outcome bounds, not confidence intervals; failures are not diagnostic FN/FP""}, ""specificity"": {""assigned_class_count"": 0, ""unscored_class_count"": 0, ""identification_bounds"": null, ""meaning"": ""Best/worst missing-outcome bounds, not confidence intervals; failures are not diagnostic FN/FP""}}","{""measured_patients"": 0, ""missing_patients"": 1, ""measured_subtotal"": null, ""total"": null}"
evaluation,MR,A,primary,gpt-6-astra,,mass_lesion,10,"{""numerator"": 10, ""denominator"": 10, ""estimate"": 1.0, ""ci95"": [0.7224672001371107, 0.9999999999999999], ""method"": ""Wilson two-sided 95%""}","{""unscorable"": 9}",1,0,1,"{""completed"": 1}",1,"{""numerator"": 1, ""denominator"": 1, ""estimate"": 1.0, ""ci95"": [0.20654931437723745, 1.0], ""method"": ""Wilson two-sided 95%""}","{""numerator"": 0, ""denominator"": 1, ""estimate"": 0.0, ""ci95"": [0.0, 0.7934506856227626], ""method"": ""Wilson two-sided 95%""}","{""numerator"": 0, ""denominator"": 1, ""estimate"": 0.0, ""ci95"": [0.0, 0.7934506856227626], ""method"": ""Wilson two-sided 95%""}","{""numerator"": 0, ""denominator"": 1, ""estimate"": 0.0, ""ci95"": [0.0, 0.7934506856227626], ""method"": ""Wilson two-sided 95%""}","{""numerator"": 0, ""denominator"": 0, ""estimate"": null, ""ci95"": null}","{""numerator"": 1, ""denominator"": 1, ""estimate"": 1.0, ""ci95"": [0.20654931437723745, 1.0], ""method"": ""Wilson two-sided 95%""}","{""numerator"": 0, ""denominator"": 0, ""estimate"": null, ""ci95"": null}","{""TP"": 0, ""FN"": 1, ""TN"": 0, ""FP"": 0}","{""sensitivity"": {""assigned_class_count"": 1, ""unscored_class_count"": 0, ""identification_bounds"": [0.0, 0.0], ""meaning"": ""Best/worst missing-outcome bounds, not confidence intervals; failures are not diagnostic FN/FP""}, ""specificity"": {""assigned_class_count"": 0, ""unscored_class_count"": 0, ""identification_bounds"": null, ""meaning"": ""Best/worst missing-outcome bounds, not confidence intervals; failures are not diagnostic FN/FP""}}","{""measured_patients"": 0, ""missing_patients"": 1, ""measured_subtotal"": null, ""total"": null}"
evaluation,MR,A,primary,gpt-6-luna,,white_matter_signal_abnormality,10,"{""numerator"": 0, ""denominator"": 10, ""estimate"": 0.0, ""ci95"": [0.0, 0.2775327998628892], ""method"": ""Wilson two-sided 95%""}","{""unscorable"": 7, ""ambiguous"": 1}",2,0,2,"{""budget_exhausted"": 2}",0,"{""numerator"": 0, ""denominator"": 2, ""estimate"": 0.0, ""ci95"": [0.0, 0.6576197724933469], ""method"": ""Wilson two-sided 95%""}","{""numerator"": 0, ""denominator"": 2, ""estimate"": 0.0, ""ci95"": [0.0, 0.6576197724933469], ""method"": ""Wilson two-sided 95%""}","{""numerator"": 0, ""denominator"": 0, ""estimate"": null, ""ci95"": null}","{""numerator"": 0, ""denominator"": 0, ""estimate"": null, ""ci95"": null}","{""numerator"": 0, ""denominator"": 0, ""estimate"": null, ""ci95"": null}","{""numerator"": 0, ""denominator"": 0, ""estimate"": null, ""ci95"": null}","{""numerator"": 0, ""denominator"": 0, ""estimate"": null, ""ci95"": null}","{""TP"": 0, ""FN"": 0, ""TN"": 0, ""FP"": 0}","{""sensitivity"": {""assigned_class_count"": 2, ""unscored_class_count"": 2, ""identification_bounds"": [0.0, 1.0], ""meaning"": ""Best/worst missing-outcome bounds, not confidence intervals; failures are not diagnostic FN/FP""}, ""specificity"": {""assigned_class_count"": 0, ""unscored_class_count"": 0, ""identification_bounds"": null, ""meaning"": ""Best/worst missing-outcome bounds, not confidence intervals; failures are not diagnostic FN/FP""}}","{""measured_patients"": 0, ""missing_patients"": 2, ""measured_subtotal"": null, ""total"": null}"
evaluation,MR,A,primary,gpt-6-luna,,atrophy,10,"{""numerator"": 0, ""denominator"": 10, ""estimate"": 0.0, ""ci95"": [0.0, 0.2775327998628892], ""method"": ""Wilson two-sided 95%""}","{""unscorable"": 10}",0,0,0,{},0,"{""numerator"": 0, ""denominator"": 0, ""estimate"": null, ""ci95"": null}","{""numerator"": 0, ""denominator"": 0, ""estimate"": null, ""ci95"": null}","{""numerator"": 0, ""denominator"": 0, ""estimate"": null, ""ci95"": null}","{""numerator"": 0, ""denominator"": 0, ""estimate"": null, ""ci95"": null}","{""numerator"": 0, ""denominator"": 0, ""estimate"": null, ""ci95"": null}","{""numerator"": 0, ""denominator"": 0, ""estimate"": null, ""ci95"": null}","{""numerator"": 0, ""denominator"": 0, ""estimate"": null, ""ci95"": null}","{""TP"": 0, ""FN"": 0, ""TN"": 0, ""FP"": 0}","{""sensitivity"": {""assigned_class_count"": 0, ""unscored_class_count"": 0, ""identification_bounds"": null, ""meaning"": ""Best/worst missing-outcome bounds, not confidence intervals; failures are not diagnostic FN/FP""}, ""specificity"": {""assigned_class_count"": 0, ""unscored_class_count"": 0, ""identification_bounds"": null, ""meaning"": ""Best/worst missing-outcome bounds, not confidence intervals; failures are not diagnostic FN/FP""}}","{""measured_patients"": 0, ""missing_patients"": 0, ""measured_subtotal"": null, ""total"": null}"
evaluation,MR,A,primary,gpt-6-luna,,chronic_infarction,10,"{""numerator"": 0, ""denominator"": 10, ""estimate"": 0.0, ""ci95"": [0.0, 0.2775327998628892], ""method"": ""Wilson two-sided 95%""}","{""ambiguous"": 1, ""unscorable"": 8}",1,0,1,"{""budget_exhausted"": 1}",0,"{""numerator"": 0, ""denominator"": 1, ""estimate"": 0.0, ""ci95"": [0.0, 0.7934506856227626], ""method"": ""Wilson two-sided 95%""}","{""numerator"": 0, ""denominator"": 1, ""estimate"": 0.0, ""ci95"": [0.0, 0.7934506856227626], ""method"": ""Wilson two-sided 95%""}","{""numerator"": 0, ""denominator"": 0, ""estimate"": null, ""ci95"": null}","{""numerator"": 0, ""denominator"": 0, ""estimate"": null, ""ci95"": null}","{""numerator"": 0, ""denominator"": 0, ""estimate"": null, ""ci95"": null}","{""numerator"": 0, ""denominator"": 0, ""estimate"": null, ""ci95"": null}","{""numerator"": 0, ""denominator"": 0, ""estimate"": null, ""ci95"": null}","{""TP"": 0, ""FN"": 0, ""TN"": 0, ""FP"": 0}","{""sensitivity"": {""assigned_class_count"": 1, ""unscored_class_count"": 1, ""identification_bounds"": [0.0, 1.0], ""meaning"": ""Best/worst missing-outcome bounds, not confidence intervals; failures are not diagnostic FN/FP""}, ""specificity"": {""assigned_class_count"": 0, ""unscored_class_count"": 0, ""identification_bounds"": null, ""meaning"": ""Best/worst missing-outcome bounds, not confidence intervals; failures are not diagnostic FN/FP""}}","{""measured_patients"": 0, ""missing_patients"": 1, ""measured_subtotal"": null, ""total"": null}"
evaluation,MR,A,primary,gpt-6-luna,,mass_lesion,10,"{""numerator"": 0, ""denominator"": 10, ""estimate"": 0.0, ""ci95"": [0.0, 0.2775327998628892], ""method"": ""Wilson two-sided 95%""}","{""unscorable"": 9}",1,0,1,"{""budget_exhausted"": 1}",0,"{""numerator"": 0, ""denominator"": 1, ""estimate"": 0.0, ""ci95"": [0.0, 0.7934506856227626], ""method"": ""Wilson two-sided 95%""}","{""numerator"": 0, ""denominator"": 1, ""estimate"": 0.0, ""ci95"": [0.0, 0.7934506856227626], ""method"": ""Wilson two-sided 95%""}","{""numerator"": 0, ""denominator"": 0, ""estimate"": null, ""ci95"": null}","{""numerator"": 0, ""denominator"": 0, ""estimate"": null, ""ci95"": null}","{""numerator"": 0, ""denominator"": 0, ""estimate"": null, ""ci95"": null}","{""numerator"": 0, ""denominator"": 0, ""estimate"": null, ""ci95"": null}","{""numerator"": 0, ""denominator"": 0, ""estimate"": null, ""ci95"": null}","{""TP"": 0, ""FN"": 0, ""TN"": 0, ""FP"": 0}","{""sensitivity"": {""assigned_class_count"": 1, ""unscored_class_count"": 1, ""identification_bounds"": [0.0, 1.0], ""meaning"": ""Best/worst missing-outcome bounds, not confidence intervals; failures are not diagnostic FN/FP""}, ""specificity"": {""assigned_class_count"": 0, ""unscored_class_count"": 0, ""identification_bounds"": null, ""meaning"": ""Best/worst missing-outcome bounds, not confidence intervals; failures are not diagnostic FN/FP""}}","{""measured_patients"": 0, ""missing_patients"": 1, ""measured_subtotal"": null, ""total"": null}"
evaluation,MR,A,primary,gpt-6.1-sol,,white_matter_signal_abnormality,10,"{""numerator"": 10, ""denominator"": 10, ""estimate"": 1.0, ""ci95"": [0.7224672001371107, 0.9999999999999999], ""method"": ""Wilson two-sided 95%""}","{""unscorable"": 7, ""ambiguous"": 1}",2,0,2,"{""completed"": 1, ""abstained"": 1}",1,"{""numerator"": 1, ""denominator"": 2, ""estimate"": 0.5, ""ci95"": [0.09453120573423074, 0.9054687942657693], ""method"": ""Wilson two-sided 95%""}","{""numerator"": 1, ""denominator"": 2, ""estimate"": 0.5, ""ci95"": [0.09453120573423074, 0.9054687942657693], ""method"": ""Wilson two-sided 95%""}","{""numerator"": 1, ""denominator"": 1, ""estimate"": 1.0, ""ci95"": [0.20654931437723745, 1.0], ""method"": ""Wilson two-sided 95%""}","{""numerator"": 1, ""denominator"": 1, ""estimate"": 1.0, ""ci95"": [0.20654931437723745, 1.0], ""method"": ""Wilson two-sided 95%""}","{""numerator"": 0, ""denominator"": 0, ""estimate"": null, ""ci95"": null}","{""numerator"": 0, ""denominator"": 1, ""estimate"": 0.0, ""ci95"": [0.0, 0.7934506856227626], ""method"": ""Wilson two-sided 95%""}","{""numerator"": 0, ""denominator"": 0, ""estimate"": null, ""ci95"": null}","{""TP"": 1, ""FN"": 0, ""TN"": 0, ""FP"": 0}","{""sensitivity"": {""assigned_class_count"": 2, ""unscored_class_count"": 1, ""identification_bounds"": [0.5, 1.0], ""meaning"": ""Best/worst missing-outcome bounds, not confidence intervals; failures are not diagnostic FN/FP""}, ""specificity"": {""assigned_class_count"": 0, ""unscored_class_count"": 0, ""identification_bounds"": null, ""meaning"": ""Best/worst missing-outcome bounds, not confidence intervals; failures are not diagnostic FN/FP""}}","{""measured_patients"": 0, ""missing_patients"": 2, ""measured_subtotal"": null, ""total"": null}"
evaluation,MR,A,primary,gpt-6.1-sol,,atrophy,10,"{""numerator"": 10, ""denominator"": 10, ""estimate"": 1.0, ""ci95"": [0.7224672001371107, 0.9999999999999999], ""method"": ""Wilson two-sided 95%""}","{""unscorable"": 10}",0,0,0,{},0,"{""numerator"": 0, ""denominator"": 0, ""estimate"": null, ""ci95"": null}","{""numerator"": 0, ""denominator"": 0, ""estimate"": null, ""ci95"": null}","{""numerator"": 0, ""denominator"": 0, ""estimate"": null, ""ci95"": null}","{""numerator"": 0, ""denominator"": 0, ""estimate"": null, ""ci95"": null}","{""numerator"": 0, ""denominator"": 0, ""estimate"": null, ""ci95"": null}","{""numerator"": 0, ""denominator"": 0, ""estimate"": null, ""ci95"": null}","{""numerator"": 0, ""denominator"": 0, ""estimate"": null, ""ci95"": null}","{""TP"": 0, ""FN"": 0, ""TN"": 0, ""FP"": 0}","{""sensitivity"": {""assigned_class_count"": 0, ""unscored_class_count"": 0, ""identification_bounds"": null, ""meaning"": ""Best/worst missing-outcome bounds, not confidence intervals; failures are not diagnostic FN/FP""}, ""specificity"": {""assigned_class_count"": 0, ""unscored_class_count"": 0, ""identification_bounds"": null, ""meaning"": ""Best/worst missing-outcome bounds, not confidence intervals; failures are not diagnostic FN/FP""}}","{""measured_patients"": 0, ""missing_patients"": 0, ""measured_subtotal"": null, ""total"": null}"
evaluation,MR,A,primary,gpt-6.1-sol,,chronic_infarction,10,"{""numerator"": 10, ""denominator"": 10, ""estimate"": 1.0, ""ci95"": [0.7224672001371107, 0.9999999999999999], ""method"": ""Wilson two-sided 95%""}","{""ambiguous"": 1, ""unscorable"": 8}",1,0,1,"{""abstained"": 1}",0,"{""numerator"": 0, ""denominator"": 1, ""estimate"": 0.0, ""ci95"": [0.0, 0.7934506856227626], ""method"": ""Wilson two-sided 95%""}","{""numerator"": 0, ""denominator"": 1, ""estimate"": 0.0, ""ci95"": [0.0, 0.7934506856227626], ""method"": ""Wilson two-sided 95%""}","{""numerator"": 0, ""denominator"": 0, ""estimate"": null, ""ci95"": null}","{""numerator"": 0, ""denominator"": 0, ""estimate"": null, ""ci95"": null}","{""numerator"": 0, ""denominator"": 0, ""estimate"": null, ""ci95"": null}","{""numerator"": 0, ""denominator"": 0, ""estimate"": null, ""ci95"": null}","{""numerator"": 0, ""denominator"": 0, ""estimate"": null, ""ci95"": null}","{""TP"": 0, ""FN"": 0, ""TN"": 0, ""FP"": 0}","{""sensitivity"": {""assigned_class_count"": 1, ""unscored_class_count"": 1, ""identification_bounds"": [0.0, 1.0], ""meaning"": ""Best/worst missing-outcome bounds, not confidence intervals; failures are not diagnostic FN/FP""}, ""specificity"": {""assigned_class_count"": 0, ""unscored_class_count"": 0, ""identification_bounds"": null, ""meaning"": ""Best/worst missing-outcome bounds, not confidence intervals; failures are not diagnostic FN/FP""}}","{""measured_patients"": 0, ""missing_patients"": 1, ""measured_subtotal"": null, ""total"": null}"
evaluation,MR,A,primary,gpt-6.1-sol,,mass_lesion,10,"{""numerator"": 10, ""denominator"": 10, ""estimate"": 1.0, ""ci95"": [0.7224672001371107, 0.9999999999999999], ""method"": ""Wilson two-sided 95%""}","{""unscorable"": 9}",1,0,1,"{""completed"": 1}",1,"{""numerator"": 1, ""denominator"": 1, ""estimate"": 1.0, ""ci95"": [0.20654931437723745, 1.0], ""method"": ""Wilson two-sided 95%""}","{""numerator"": 0, ""denominator"": 1, ""estimate"": 0.0, ""ci95"": [0.0, 0.7934506856227626], ""method"": ""Wilson two-sided 95%""}","{""numerator"": 0, ""denominator"": 1, ""estimate"": 0.0, ""ci95"": [0.0, 0.7934506856227626], ""method"": ""Wilson two-sided 95%""}","{""numerator"": 0, ""denominator"": 1, ""estimate"": 0.0, ""ci95"": [0.0, 0.7934506856227626], ""method"": ""Wilson two-sided 95%""}","{""numerator"": 0, ""denominator"": 0, ""estimate"": null, ""ci95"": null}","{""numerator"": 1, ""denominator"": 1, ""estimate"": 1.0, ""ci95"": [0.20654931437723745, 1.0], ""method"": ""Wilson two-sided 95%""}","{""numerator"": 0, ""denominator"": 0, ""estimate"": null, ""ci95"": null}","{""TP"": 0, ""FN"": 1, ""TN"": 0, ""FP"": 0}","{""sensitivity"": {""assigned_class_count"": 1, ""unscored_class_count"": 0, ""identification_bounds"": [0.0, 0.0], ""meaning"": ""Best/worst missing-outcome bounds, not confidence intervals; failures are not diagnostic FN/FP""}, ""specificity"": {""assigned_class_count"": 0, ""unscored_class_count"": 0, ""identification_bounds"": null, ""meaning"": ""Best/worst missing-outcome bounds, not confidence intervals; failures are not diagnostic FN/FP""}}","{""measured_patients"": 0, ""missing_patients"": 1, ""measured_subtotal"": null, ""total"": null}"
evaluation,MR,B,delegated,gpt-6-astra,,white_matter_signal_abnormality,10,"{""numerator"": 10, ""denominator"": 10, ""estimate"": 1.0, ""ci95"": [0.7224672001371107, 0.9999999999999999], ""method"": ""Wilson two-sided 95%""}","{""unscorable"": 7, ""ambiguous"": 1}",2,0,2,"{""completed"": 2}",2,"{""numerator"": 2, ""denominator"": 2, ""estimate"": 1.0, ""ci95"": [0.34238022750665303, 1.0], ""method"": ""Wilson two-sided 95%""}","{""numerator"": 2, ""denominator"": 2, ""estimate"": 1.0, ""ci95"": [0.34238022750665303, 1.0], ""method"": ""Wilson two-sided 95%""}","{""numerator"": 2, ""denominator"": 2, ""estimate"": 1.0, ""ci95"": [0.34238022750665303, 1.0], ""method"": ""Wilson two-sided 95%""}","{""numerator"": 2, ""denominator"": 2, ""estimate"": 1.0, ""ci95"": [0.34238022750665303, 1.0], ""method"": ""Wilson two-sided 95%""}","{""numerator"": 0, ""denominator"": 0, ""estimate"": null, ""ci95"": null}","{""numerator"": 0, ""denominator"": 2, ""estimate"": 0.0, ""ci95"": [0.0, 0.6576197724933469], ""method"": ""Wilson two-sided 95%""}","{""numerator"": 0, ""denominator"": 0, ""estimate"": null, ""ci95"": null}","{""TP"": 2, ""FN"": 0, ""TN"": 0, ""FP"": 0}","{""sensitivity"": {""assigned_class_count"": 2, ""unscored_class_count"": 0, ""identification_bounds"": [1.0, 1.0], ""meaning"": ""Best/worst missing-outcome bounds, not confidence intervals; failures are not diagnostic FN/FP""}, ""specificity"": {""assigned_class_count"": 0, ""unscored_class_count"": 0, ""identification_bounds"": null, ""meaning"": ""Best/worst missing-outcome bounds, not confidence intervals; failures are not diagnostic FN/FP""}}","{""measured_patients"": 0, ""missing_patients"": 2, ""measured_subtotal"": null, ""total"": null}"
evaluation,MR,B,delegated,gpt-6-astra,,atrophy,10,"{""numerator"": 10, ""denominator"": 10, ""estimate"": 1.0, ""ci95"": [0.7224672001371107, 0.9999999999999999], ""method"": ""Wilson two-sided 95%""}","{""unscorable"": 10}",0,0,0,{},0,"{""numerator"": 0, ""denominator"": 0, ""estimate"": null, ""ci95"": null}","{""numerator"": 0, ""denominator"": 0, ""estimate"": null, ""ci95"": null}","{""numerator"": 0, ""denominator"": 0, ""estimate"": null, ""ci95"": null}","{""numerator"": 0, ""denominator"": 0, ""estimate"": null, ""ci95"": null}","{""numerator"": 0, ""denominator"": 0, ""estimate"": null, ""ci95"": null}","{""numerator"": 0, ""denominator"": 0, ""estimate"": null, ""ci95"": null}","{""numerator"": 0, ""denominator"": 0, ""estimate"": null, ""ci95"": null}","{""TP"": 0, ""FN"": 0, ""TN"": 0, ""FP"": 0}","{""sensitivity"": {""assigned_class_count"": 0, ""unscored_class_count"": 0, ""identification_bounds"": null, ""meaning"": ""Best/worst missing-outcome bounds, not confidence intervals; failures are not diagnostic FN/FP""}, ""specificity"": {""assigned_class_count"": 0, ""unscored_class_count"": 0, ""identification_bounds"": null, ""meaning"": ""Best/worst missing-outcome bounds, not confidence intervals; failures are not diagnostic FN/FP""}}","{""measured_patients"": 0, ""missing_patients"": 0, ""measured_subtotal"": null, ""total"": null}"
evaluation,MR,B,delegated,gpt-6-astra,,chronic_infarction,10,"{""numerator"": 10, ""denominator"": 10, ""estimate"": 1.0, ""ci95"": [0.7224672001371107, 0.9999999999999999], ""method"": ""Wilson two-sided 95%""}","{""ambiguous"": 1, ""unscorable"": 8}",1,0,1,"{""abstained"": 1}",0,"{""numerator"": 0, ""denominator"": 1, ""estimate"": 0.0, ""ci95"": [0.0, 0.7934506856227626], ""method"": ""Wilson two-sided 95%""}","{""numerator"": 0, ""denominator"": 1, ""estimate"": 0.0, ""ci95"": [0.0, 0.7934506856227626], ""method"": ""Wilson two-sided 95%""}","{""numerator"": 0, ""denominator"": 0, ""estimate"": null, ""ci95"": null}","{""numerator"": 0, ""denominator"": 0, ""estimate"": null, ""ci95"": null}","{""numerator"": 0, ""denominator"": 0, ""estimate"": null, ""ci95"": null}","{""numerator"": 0, ""denominator"": 0, ""estimate"": null, ""ci95"": null}","{""numerator"": 0, ""denominator"": 0, ""estimate"": null, ""ci95"": null}","{""TP"": 0, ""FN"": 0, ""TN"": 0, ""FP"": 0}","{""sensitivity"": {""assigned_class_count"": 1, ""unscored_class_count"": 1, ""identification_bounds"": [0.0, 1.0], ""meaning"": ""Best/worst missing-outcome bounds, not confidence intervals; failures are not diagnostic FN/FP""}, ""specificity"": {""assigned_class_count"": 0, ""unscored_class_count"": 0, ""identification_bounds"": null, ""meaning"": ""Best/worst missing-outcome bounds, not confidence intervals; failures are not diagnostic FN/FP""}}","{""measured_patients"": 0, ""missing_patients"": 1, ""measured_subtotal"": null, ""total"": null}"
evaluation,MR,B,delegated,gpt-6-astra,,mass_lesion,10,"{""numerator"": 10, ""denominator"": 10, ""estimate"": 1.0, ""ci95"": [0.7224672001371107, 0.9999999999999999], ""method"": ""Wilson two-sided 95%""}","{""unscorable"": 9}",1,0,1,"{""completed"": 1}",1,"{""numerator"": 1, ""denominator"": 1, ""estimate"": 1.0, ""ci95"": [0.20654931437723745, 1.0], ""method"": ""Wilson two-sided 95%""}","{""numerator"": 0, ""denominator"": 1, ""estimate"": 0.0, ""ci95"": [0.0, 0.7934506856227626], ""method"": ""Wilson two-sided 95%""}","{""numerator"": 0, ""denominator"": 1, ""estimate"": 0.0, ""ci95"": [0.0, 0.7934506856227626], ""method"": ""Wilson two-sided 95%""}","{""numerator"": 0, ""denominator"": 1, ""estimate"": 0.0, ""ci95"": [0.0, 0.7934506856227626], ""method"": ""Wilson two-sided 95%""}","{""numerator"": 0, ""denominator"": 0, ""estimate"": null, ""ci95"": null}","{""numerator"": 1, ""denominator"": 1, ""estimate"": 1.0, ""ci95"": [0.20654931437723745, 1.0], ""method"": ""Wilson two-sided 95%""}","{""numerator"": 0, ""denominator"": 0, ""estimate"": null, ""ci95"": null}","{""TP"": 0, ""FN"": 1, ""TN"": 0, ""FP"": 0}","{""sensitivity"": {""assigned_class_count"": 1, ""unscored_class_count"": 0, ""identification_bounds"": [0.0, 0.0], ""meaning"": ""Best/worst missing-outcome bounds, not confidence intervals; failures are not diagnostic FN/FP""}, ""specificity"": {""assigned_class_count"": 0, ""unscored_class_count"": 0, ""identification_bounds"": null, ""meaning"": ""Best/worst missing-outcome bounds, not confidence intervals; failures are not diagnostic FN/FP""}}","{""measured_patients"": 0, ""missing_patients"": 1, ""measured_subtotal"": null, ""total"": null}"
evaluation,MR,B,delegated,gpt-6-luna,,white_matter_signal_abnormality,10,"{""numerator"": 10, ""denominator"": 10, ""estimate"": 1.0, ""ci95"": [0.7224672001371107, 0.9999999999999999], ""method"": ""Wilson two-sided 95%""}","{""unscorable"": 7, ""ambiguous"": 1}",2,0,2,"{""completed"": 2}",2,"{""numerator"": 2, ""denominator"": 2, ""estimate"": 1.0, ""ci95"": [0.34238022750665303, 1.0], ""method"": ""Wilson two-sided 95%""}","{""numerator"": 1, ""denominator"": 2, ""estimate"": 0.5, ""ci95"": [0.09453120573423074, 0.9054687942657693], ""method"": ""Wilson two-sided 95%""}","{""numerator"": 1, ""denominator"": 2, ""estimate"": 0.5, ""ci95"": [0.09453120573423074, 0.9054687942657693], ""method"": ""Wilson two-sided 95%""}","{""numerator"": 1, ""denominator"": 2, ""estimate"": 0.5, ""ci95"": [0.09453120573423074, 0.9054687942657693], ""method"": ""Wilson two-sided 95%""}","{""numerator"": 0, ""denominator"": 0, ""estimate"": null, ""ci95"": null}","{""numerator"": 1, ""denominator"": 2, ""estimate"": 0.5, ""ci95"": [0.09453120573423074, 0.9054687942657693], ""method"": ""Wilson two-sided 95%""}","{""numerator"": 0, ""denominator"": 0, ""estimate"": null, ""ci95"": null}","{""TP"": 1, ""FN"": 1, ""TN"": 0, ""FP"": 0}","{""sensitivity"": {""assigned_class_count"": 2, ""unscored_class_count"": 0, ""identification_bounds"": [0.5, 0.5], ""meaning"": ""Best/worst missing-outcome bounds, not confidence intervals; failures are not diagnostic FN/FP""}, ""specificity"": {""assigned_class_count"": 0, ""unscored_class_count"": 0, ""identification_bounds"": null, ""meaning"": ""Best/worst missing-outcome bounds, not confidence intervals; failures are not diagnostic FN/FP""}}","{""measured_patients"": 0, ""missing_patients"": 2, ""measured_subtotal"": null, ""total"": null}"
evaluation,MR,B,delegated,gpt-6-luna,,atrophy,10,"{""numerator"": 10, ""denominator"": 10, ""estimate"": 1.0, ""ci95"": [0.7224672001371107, 0.9999999999999999], ""method"": ""Wilson two-sided 95%""}","{""unscorable"": 10}",0,0,0,{},0,"{""numerator"": 0, ""denominator"": 0, ""estimate"": null, ""ci95"": null}","{""numerator"": 0, ""denominator"": 0, ""estimate"": null, ""ci95"": null}","{""numerator"": 0, ""denominator"": 0, ""estimate"": null, ""ci95"": null}","{""numerator"": 0, ""denominator"": 0, ""estimate"": null, ""ci95"": null}","{""numerator"": 0, ""denominator"": 0, ""estimate"": null, ""ci95"": null}","{""numerator"": 0, ""denominator"": 0, ""estimate"": null, ""ci95"": null}","{""numerator"": 0, ""denominator"": 0, ""estimate"": null, ""ci95"": null}","{""TP"": 0, ""FN"": 0, ""TN"": 0, ""FP"": 0}","{""sensitivity"": {""assigned_class_count"": 0, ""unscored_class_count"": 0, ""identification_bounds"": null, ""meaning"": ""Best/worst missing-outcome bounds, not confidence intervals; failures are not diagnostic FN/FP""}, ""specificity"": {""assigned_class_count"": 0, ""unscored_class_count"": 0, ""identification_bounds"": null, ""meaning"": ""Best/worst missing-outcome bounds, not confidence intervals; failures are not diagnostic FN/FP""}}","{""measured_patients"": 0, ""missing_patients"": 0, ""measured_subtotal"": null, ""total"": null}"
evaluation,MR,B,delegated,gpt-6-luna,,chronic_infarction,10,"{""numerator"": 10, ""denominator"": 10, ""estimate"": 1.0, ""ci95"": [0.7224672001371107, 0.9999999999999999], ""method"": ""Wilson two-sided 95%""}","{""ambiguous"": 1, ""unscorable"": 8}",1,0,1,"{""completed"": 1}",1,"{""numerator"": 1, ""denominator"": 1, ""estimate"": 1.0, ""ci95"": [0.20654931437723745, 1.0], ""method"": ""Wilson two-sided 95%""}","{""numerator"": 0, ""denominator"": 1, ""estimate"": 0.0, ""ci95"": [0.0, 0.7934506856227626], ""method"": ""Wilson two-sided 95%""}","{""numerator"": 0, ""denominator"": 1, ""estimate"": 0.0, ""ci95"": [0.0, 0.7934506856227626], ""method"": ""Wilson two-sided 95%""}","{""numerator"": 0, ""denominator"": 1, ""estimate"": 0.0, ""ci95"": [0.0, 0.7934506856227626], ""method"": ""Wilson two-sided 95%""}","{""numerator"": 0, ""denominator"": 0, ""estimate"": null, ""ci95"": null}","{""numerator"": 1, ""denominator"": 1, ""estimate"": 1.0, ""ci95"": [0.20654931437723745, 1.0], ""method"": ""Wilson two-sided 95%""}","{""numerator"": 0, ""denominator"": 0, ""estimate"": null, ""ci95"": null}","{""TP"": 0, ""FN"": 1, ""TN"": 0, ""FP"": 0}","{""sensitivity"": {""assigned_class_count"": 1, ""unscored_class_count"": 0, ""identification_bounds"": [0.0, 0.0], ""meaning"": ""Best/worst missing-outcome bounds, not confidence intervals; failures are not diagnostic FN/FP""}, ""specificity"": {""assigned_class_count"": 0, ""unscored_class_count"": 0, ""identification_bounds"": null, ""meaning"": ""Best/worst missing-outcome bounds, not confidence intervals; failures are not diagnostic FN/FP""}}","{""measured_patients"": 0, ""missing_patients"": 1, ""measured_subtotal"": null, ""total"": null}"
evaluation,MR,B,delegated,gpt-6-luna,,mass_lesion,10,"{""numerator"": 10, ""denominator"": 10, ""estimate"": 1.0, ""ci95"": [0.7224672001371107, 0.9999999999999999], ""method"": ""Wilson two-sided 95%""}","{""unscorable"": 9}",1,0,1,"{""completed"": 1}",1,"{""numerator"": 1, ""denominator"": 1, ""estimate"": 1.0, ""ci95"": [0.20654931437723745, 1.0], ""method"": ""Wilson two-sided 95%""}","{""numerator"": 0, ""denominator"": 1, ""estimate"": 0.0, ""ci95"": [0.0, 0.7934506856227626], ""method"": ""Wilson two-sided 95%""}","{""numerator"": 0, ""denominator"": 1, ""estimate"": 0.0, ""ci95"": [0.0, 0.7934506856227626], ""method"": ""Wilson two-sided 95%""}","{""numerator"": 0, ""denominator"": 1, ""estimate"": 0.0, ""ci95"": [0.0, 0.7934506856227626], ""method"": ""Wilson two-sided 95%""}","{""numerator"": 0, ""denominator"": 0, ""estimate"": null, ""ci95"": null}","{""numerator"": 1, ""denominator"": 1, ""estimate"": 1.0, ""ci95"": [0.20654931437723745, 1.0], ""method"": ""Wilson two-sided 95%""}","{""numerator"": 0, ""denominator"": 0, ""estimate"": null, ""ci95"": null}","{""TP"": 0, ""FN"": 1, ""TN"": 0, ""FP"": 0}","{""sensitivity"": {""assigned_class_count"": 1, ""unscored_class_count"": 0, ""identification_bounds"": [0.0, 0.0], ""meaning"": ""Best/worst missing-outcome bounds, not confidence intervals; failures are not diagnostic FN/FP""}, ""specificity"": {""assigned_class_count"": 0, ""unscored_class_count"": 0, ""identification_bounds"": null, ""meaning"": ""Best/worst missing-outcome bounds, not confidence intervals; failures are not diagnostic FN/FP""}}","{""measured_patients"": 0, ""missing_patients"": 1, ""measured_subtotal"": null, ""total"": null}"
evaluation,MR,B,delegated,gpt-6.1-sol,,white_matter_signal_abnormality,10,"{""numerator"": 10, ""denominator"": 10, ""estimate"": 1.0, ""ci95"": [0.7224672001371107, 0.9999999999999999], ""method"": ""Wilson two-sided 95%""}","{""unscorable"": 7, ""ambiguous"": 1}",2,0,2,"{""completed"": 2}",2,"{""numerator"": 2, ""denominator"": 2, ""estimate"": 1.0, ""ci95"": [0.34238022750665303, 1.0], ""method"": ""Wilson two-sided 95%""}","{""numerator"": 2, ""denominator"": 2, ""estimate"": 1.0, ""ci95"": [0.34238022750665303, 1.0], ""method"": ""Wilson two-sided 95%""}","{""numerator"": 2, ""denominator"": 2, ""estimate"": 1.0, ""ci95"": [0.34238022750665303, 1.0], ""method"": ""Wilson two-sided 95%""}","{""numerator"": 2, ""denominator"": 2, ""estimate"": 1.0, ""ci95"": [0.34238022750665303, 1.0], ""method"": ""Wilson two-sided 95%""}","{""numerator"": 0, ""denominator"": 0, ""estimate"": null, ""ci95"": null}","{""numerator"": 0, ""denominator"": 2, ""estimate"": 0.0, ""ci95"": [0.0, 0.6576197724933469], ""method"": ""Wilson two-sided 95%""}","{""numerator"": 0, ""denominator"": 0, ""estimate"": null, ""ci95"": null}","{""TP"": 2, ""FN"": 0, ""TN"": 0, ""FP"": 0}","{""sensitivity"": {""assigned_class_count"": 2, ""unscored_class_count"": 0, ""identification_bounds"": [1.0, 1.0], ""meaning"": ""Best/worst missing-outcome bounds, not confidence intervals; failures are not diagnostic FN/FP""}, ""specificity"": {""assigned_class_count"": 0, ""unscored_class_count"": 0, ""identification_bounds"": null, ""meaning"": ""Best/worst missing-outcome bounds, not confidence intervals; failures are not diagnostic FN/FP""}}","{""measured_patients"": 0, ""missing_patients"": 2, ""measured_subtotal"": null, ""total"": null}"
evaluation,MR,B,delegated,gpt-6.1-sol,,atrophy,10,"{""numerator"": 10, ""denominator"": 10, ""estimate"": 1.0, ""ci95"": [0.7224672001371107, 0.9999999999999999], ""method"": ""Wilson two-sided 95%""}","{""unscorable"": 10}",0,0,0,{},0,"{""numerator"": 0, ""denominator"": 0, ""estimate"": null, ""ci95"": null}","{""numerator"": 0, ""denominator"": 0, ""estimate"": null, ""ci95"": null}","{""numerator"": 0, ""denominator"": 0, ""estimate"": null, ""ci95"": null}","{""numerator"": 0, ""denominator"": 0, ""estimate"": null, ""ci95"": null}","{""numerator"": 0, ""denominator"": 0, ""estimate"": null, ""ci95"": null}","{""numerator"": 0, ""denominator"": 0, ""estimate"": null, ""ci95"": null}","{""numerator"": 0, ""denominator"": 0, ""estimate"": null, ""ci95"": null}","{""TP"": 0, ""FN"": 0, ""TN"": 0, ""FP"": 0}","{""sensitivity"": {""assigned_class_count"": 0, ""unscored_class_count"": 0, ""identification_bounds"": null, ""meaning"": ""Best/worst missing-outcome bounds, not confidence intervals; failures are not diagnostic FN/FP""}, ""specificity"": {""assigned_class_count"": 0, ""unscored_class_count"": 0, ""identification_bounds"": null, ""meaning"": ""Best/worst missing-outcome bounds, not confidence intervals; failures are not diagnostic FN/FP""}}","{""measured_patients"": 0, ""missing_patients"": 0, ""measured_subtotal"": null, ""total"": null}"
evaluation,MR,B,delegated,gpt-6.1-sol,,chronic_infarction,10,"{""numerator"": 10, ""denominator"": 10, ""estimate"": 1.0, ""ci95"": [0.7224672001371107, 0.9999999999999999], ""method"": ""Wilson two-sided 95%""}","{""ambiguous"": 1, ""unscorable"": 8}",1,0,1,"{""abstained"": 1}",0,"{""numerator"": 0, ""denominator"": 1, ""estimate"": 0.0, ""ci95"": [0.0, 0.7934506856227626], ""method"": ""Wilson two-sided 95%""}","{""numerator"": 0, ""denominator"": 1, ""estimate"": 0.0, ""ci95"": [0.0, 0.7934506856227626], ""method"": ""Wilson two-sided 95%""}","{""numerator"": 0, ""denominator"": 0, ""estimate"": null, ""ci95"": null}","{""numerator"": 0, ""denominator"": 0, ""estimate"": null, ""ci95"": null}","{""numerator"": 0, ""denominator"": 0, ""estimate"": null, ""ci95"": null}","{""numerator"": 0, ""denominator"": 0, ""estimate"": null, ""ci95"": null}","{""numerator"": 0, ""denominator"": 0, ""estimate"": null, ""ci95"": null}","{""TP"": 0, ""FN"": 0, ""TN"": 0, ""FP"": 0}","{""sensitivity"": {""assigned_class_count"": 1, ""unscored_class_count"": 1, ""identification_bounds"": [0.0, 1.0], ""meaning"": ""Best/worst missing-outcome bounds, not confidence intervals; failures are not diagnostic FN/FP""}, ""specificity"": {""assigned_class_count"": 0, ""unscored_class_count"": 0, ""identification_bounds"": null, ""meaning"": ""Best/worst missing-outcome bounds, not confidence intervals; failures are not diagnostic FN/FP""}}","{""measured_patients"": 0, ""missing_patients"": 1, ""measured_subtotal"": null, ""total"": null}"
evaluation,MR,B,delegated,gpt-6.1-sol,,mass_lesion,10,"{""numerator"": 10, ""denominator"": 10, ""estimate"": 1.0, ""ci95"": [0.7224672001371107, 0.9999999999999999], ""method"": ""Wilson two-sided 95%""}","{""unscorable"": 9}",1,0,1,"{""completed"": 1}",1,"{""numerator"": 1, ""denominator"": 1, ""estimate"": 1.0, ""ci95"": [0.20654931437723745, 1.0], ""method"": ""Wilson two-sided 95%""}","{""numerator"": 0, ""denominator"": 1, ""estimate"": 0.0, ""ci95"": [0.0, 0.7934506856227626], ""method"": ""Wilson two-sided 95%""}","{""numerator"": 0, ""denominator"": 1, ""estimate"": 0.0, ""ci95"": [0.0, 0.7934506856227626], ""method"": ""Wilson two-sided 95%""}","{""numerator"": 0, ""denominator"": 1, ""estimate"": 0.0, ""ci95"": [0.0, 0.7934506856227626], ""method"": ""Wilson two-sided 95%""}","{""numerator"": 0, ""denominator"": 0, ""estimate"": null, ""ci95"": null}","{""numerator"": 1, ""denominator"": 1, ""estimate"": 1.0, ""ci95"": [0.20654931437723745, 1.0], ""method"": ""Wilson two-sided 95%""}","{""numerator"": 0, ""denominator"": 0, ""estimate"": null, ""ci95"": null}","{""TP"": 0, ""FN"": 1, ""TN"": 0, ""FP"": 0}","{""sensitivity"": {""assigned_class_count"": 1, ""unscored_class_count"": 0, ""identification_bounds"": [0.0, 0.0], ""meaning"": ""Best/worst missing-outcome bounds, not confidence intervals; failures are not diagnostic FN/FP""}, ""specificity"": {""assigned_class_count"": 0, ""unscored_class_count"": 0, ""identification_bounds"": null, ""meaning"": ""Best/worst missing-outcome bounds, not confidence intervals; failures are not diagnostic FN/FP""}}","{""measured_patients"": 0, ""missing_patients"": 1, ""measured_subtotal"": null, ""total"": null}"
evaluation,MR,B,primary,google/medgemma-1.5-4b-it,,white_matter_signal_abnormality,20,"{""numerator"": 17, ""denominator"": 20, ""estimate"": 0.85, ""ci95"": [0.6395811352592431, 0.9476312541037835], ""method"": ""Wilson two-sided 95%""}","{""unscorable"": 13, ""ambiguous"": 2}",5,0,5,"{""invalid_output"": 2, ""completed"": 3}",3,"{""numerator"": 3, ""denominator"": 5, ""estimate"": 0.6, ""ci95"": [0.2307242812760128, 0.882379225767352], ""method"": ""Wilson two-sided 95%""}","{""numerator"": 0, ""denominator"": 5, ""estimate"": 0.0, ""ci95"": [0.0, 0.43448246478317476], ""method"": ""Wilson two-sided 95%""}","{""numerator"": 0, ""denominator"": 3, ""estimate"": 0.0, ""ci95"": [5.551115123125783e-17, 0.5614970317550454], ""method"": ""Wilson two-sided 95%""}","{""numerator"": 0, ""denominator"": 3, ""estimate"": 0.0, ""ci95"": [5.551115123125783e-17, 0.5614970317550454], ""method"": ""Wilson two-sided 95%""}","{""numerator"": 0, ""denominator"": 0, ""estimate"": null, ""ci95"": null}","{""numerator"": 3, ""denominator"": 3, ""estimate"": 1.0, ""ci95"": [0.4385029682449546, 1.0], ""method"": ""Wilson two-sided 95%""}","{""numerator"": 0, ""denominator"": 0, ""estimate"": null, ""ci95"": null}","{""TP"": 0, ""FN"": 3, ""TN"": 0, ""FP"": 0}","{""sensitivity"": {""assigned_class_count"": 5, ""unscored_class_count"": 2, ""identification_bounds"": [0.0, 0.4], ""meaning"": ""Best/worst missing-outcome bounds, not confidence intervals; failures are not diagnostic FN/FP""}, ""specificity"": {""assigned_class_count"": 0, ""unscored_class_count"": 0, ""identification_bounds"": null, ""meaning"": ""Best/worst missing-outcome bounds, not confidence intervals; failures are not diagnostic FN/FP""}}","{""measured_patients"": 0, ""missing_patients"": 5, ""measured_subtotal"": null, ""total"": null}"
evaluation,MR,B,primary,google/medgemma-1.5-4b-it,,atrophy,20,"{""numerator"": 17, ""denominator"": 20, ""estimate"": 0.85, ""ci95"": [0.6395811352592431, 0.9476312541037835], ""method"": ""Wilson two-sided 95%""}","{""unscorable"": 20}",0,0,0,{},0,"{""numerator"": 0, ""denominator"": 0, ""estimate"": null, ""ci95"": null}","{""numerator"": 0, ""denominator"": 0, ""estimate"": null, ""ci95"": null}","{""numerator"": 0, ""denominator"": 0, ""estimate"": null, ""ci95"": null}","{""numerator"": 0, ""denominator"": 0, ""estimate"": null, ""ci95"": null}","{""numerator"": 0, ""denominator"": 0, ""estimate"": null, ""ci95"": null}","{""numerator"": 0, ""denominator"": 0, ""estimate"": null, ""ci95"": null}","{""numerator"": 0, ""denominator"": 0, ""estimate"": null, ""ci95"": null}","{""TP"": 0, ""FN"": 0, ""TN"": 0, ""FP"": 0}","{""sensitivity"": {""assigned_class_count"": 0, ""unscored_class_count"": 0, ""identification_bounds"": null, ""meaning"": ""Best/worst missing-outcome bounds, not confidence intervals; failures are not diagnostic FN/FP""}, ""specificity"": {""assigned_class_count"": 0, ""unscored_class_count"": 0, ""identification_bounds"": null, ""meaning"": ""Best/worst missing-outcome bounds, not confidence intervals; failures are not diagnostic FN/FP""}}","{""measured_patients"": 0, ""missing_patients"": 0, ""measured_subtotal"": null, ""total"": null}"
evaluation,MR,B,primary,google/medgemma-1.5-4b-it,,chronic_infarction,20,"{""numerator"": 17, ""denominator"": 20, ""estimate"": 0.85, ""ci95"": [0.6395811352592431, 0.9476312541037835], ""method"": ""Wilson two-sided 95%""}","{""ambiguous"": 1, ""unscorable"": 18}",1,0,1,"{""invalid_output"": 1}",0,"{""numerator"": 0, ""denominator"": 1, ""estimate"": 0.0, ""ci95"": [0.0, 0.7934506856227626], ""method"": ""Wilson two-sided 95%""}","{""numerator"": 0, ""denominator"": 1, ""estimate"": 0.0, ""ci95"": [0.0, 0.7934506856227626], ""method"": ""Wilson two-sided 95%""}","{""numerator"": 0, ""denominator"": 0, ""estimate"": null, ""ci95"": null}","{""numerator"": 0, ""denominator"": 0, ""estimate"": null, ""ci95"": null}","{""numerator"": 0, ""denominator"": 0, ""estimate"": null, ""ci95"": null}","{""numerator"": 0, ""denominator"": 0, ""estimate"": null, ""ci95"": null}","{""numerator"": 0, ""denominator"": 0, ""estimate"": null, ""ci95"": null}","{""TP"": 0, ""FN"": 0, ""TN"": 0, ""FP"": 0}","{""sensitivity"": {""assigned_class_count"": 1, ""unscored_class_count"": 1, ""identification_bounds"": [0.0, 1.0], ""meaning"": ""Best/worst missing-outcome bounds, not confidence intervals; failures are not diagnostic FN/FP""}, ""specificity"": {""assigned_class_count"": 0, ""unscored_class_count"": 0, ""identification_bounds"": null, ""meaning"": ""Best/worst missing-outcome bounds, not confidence intervals; failures are not diagnostic FN/FP""}}","{""measured_patients"": 0, ""missing_patients"": 1, ""measured_subtotal"": null, ""total"": null}"
evaluation,MR,B,primary,google/medgemma-1.5-4b-it,,mass_lesion,20,"{""numerator"": 17, ""denominator"": 20, ""estimate"": 0.85, ""ci95"": [0.6395811352592431, 0.9476312541037835], ""method"": ""Wilson two-sided 95%""}","{""unscorable"": 18}",2,0,2,"{""invalid_output"": 1, ""completed"": 1}",1,"{""numerator"": 1, ""denominator"": 2, ""estimate"": 0.5, ""ci95"": [0.09453120573423074, 0.9054687942657693], ""method"": ""Wilson two-sided 95%""}","{""numerator"": 0, ""denominator"": 2, ""estimate"": 0.0, ""ci95"": [0.0, 0.6576197724933469], ""method"": ""Wilson two-sided 95%""}","{""numerator"": 0, ""denominator"": 1, ""estimate"": 0.0, ""ci95"": [0.0, 0.7934506856227626], ""method"": ""Wilson two-sided 95%""}","{""numerator"": 0, ""denominator"": 1, ""estimate"": 0.0, ""ci95"": [0.0, 0.7934506856227626], ""method"": ""Wilson two-sided 95%""}","{""numerator"": 0, ""denominator"": 0, ""estimate"": null, ""ci95"": null}","{""numerator"": 1, ""denominator"": 1, ""estimate"": 1.0, ""ci95"": [0.20654931437723745, 1.0], ""method"": ""Wilson two-sided 95%""}","{""numerator"": 0, ""denominator"": 0, ""estimate"": null, ""ci95"": null}","{""TP"": 0, ""FN"": 1, ""TN"": 0, ""FP"": 0}","{""sensitivity"": {""assigned_class_count"": 2, ""unscored_class_count"": 1, ""identification_bounds"": [0.0, 0.5], ""meaning"": ""Best/worst missing-outcome bounds, not confidence intervals; failures are not diagnostic FN/FP""}, ""specificity"": {""assigned_class_count"": 0, ""unscored_class_count"": 0, ""identification_bounds"": null, ""meaning"": ""Best/worst missing-outcome bounds, not confidence intervals; failures are not diagnostic FN/FP""}}","{""measured_patients"": 0, ""missing_patients"": 2, ""measured_subtotal"": null, ""total"": null}"
evaluation,MR,B,primary,google/medgemma-1.5-4b-it,repeat1,white_matter_signal_abnormality,2,"{""numerator"": 1, ""denominator"": 2, ""estimate"": 0.5, ""ci95"": [0.09453120573423074, 0.9054687942657693], ""method"": ""Wilson two-sided 95%""}","{""unscorable"": 1}",1,0,1,"{""invalid_output"": 1}",0,"{""numerator"": 0, ""denominator"": 1, ""estimate"": 0.0, ""ci95"": [0.0, 0.7934506856227626], ""method"": ""Wilson two-sided 95%""}","{""numerator"": 0, ""denominator"": 1, ""estimate"": 0.0, ""ci95"": [0.0, 0.7934506856227626], ""method"": ""Wilson two-sided 95%""}","{""numerator"": 0, ""denominator"": 0, ""estimate"": null, ""ci95"": null}","{""numerator"": 0, ""denominator"": 0, ""estimate"": null, ""ci95"": null}","{""numerator"": 0, ""denominator"": 0, ""estimate"": null, ""ci95"": null}","{""numerator"": 0, ""denominator"": 0, ""estimate"": null, ""ci95"": null}","{""numerator"": 0, ""denominator"": 0, ""estimate"": null, ""ci95"": null}","{""TP"": 0, ""FN"": 0, ""TN"": 0, ""FP"": 0}","{""sensitivity"": {""assigned_class_count"": 1, ""unscored_class_count"": 1, ""identification_bounds"": [0.0, 1.0], ""meaning"": ""Best/worst missing-outcome bounds, not confidence intervals; failures are not diagnostic FN/FP""}, ""specificity"": {""assigned_class_count"": 0, ""unscored_class_count"": 0, ""identification_bounds"": null, ""meaning"": ""Best/worst missing-outcome bounds, not confidence intervals; failures are not diagnostic FN/FP""}}","{""measured_patients"": 0, ""missing_patients"": 1, ""measured_subtotal"": null, ""total"": null}"
evaluation,MR,B,primary,google/medgemma-1.5-4b-it,repeat1,atrophy,2,"{""numerator"": 1, ""denominator"": 2, ""estimate"": 0.5, ""ci95"": [0.09453120573423074, 0.9054687942657693], ""method"": ""Wilson two-sided 95%""}","{""unscorable"": 2}",0,0,0,{},0,"{""numerator"": 0, ""denominator"": 0, ""estimate"": null, ""ci95"": null}","{""numerator"": 0, ""denominator"": 0, ""estimate"": null, ""ci95"": null}","{""numerator"": 0, ""denominator"": 0, ""estimate"": null, ""ci95"": null}","{""numerator"": 0, ""denominator"": 0, ""estimate"": null, ""ci95"": null}","{""numerator"": 0, ""denominator"": 0, ""estimate"": null, ""ci95"": null}","{""numerator"": 0, ""denominator"": 0, ""estimate"": null, ""ci95"": null}","{""numerator"": 0, ""denominator"": 0, ""estimate"": null, ""ci95"": null}","{""TP"": 0, ""FN"": 0, ""TN"": 0, ""FP"": 0}","{""sensitivity"": {""assigned_class_count"": 0, ""unscored_class_count"": 0, ""identification_bounds"": null, ""meaning"": ""Best/worst missing-outcome bounds, not confidence intervals; failures are not diagnostic FN/FP""}, ""specificity"": {""assigned_class_count"": 0, ""unscored_class_count"": 0, ""identification_bounds"": null, ""meaning"": ""Best/worst missing-outcome bounds, not confidence intervals; failures are not diagnostic FN/FP""}}","{""measured_patients"": 0, ""missing_patients"": 0, ""measured_subtotal"": null, ""total"": null}"
evaluation,MR,B,primary,google/medgemma-1.5-4b-it,repeat1,chronic_infarction,2,"{""numerator"": 1, ""denominator"": 2, ""estimate"": 0.5, ""ci95"": [0.09453120573423074, 0.9054687942657693], ""method"": ""Wilson two-sided 95%""}","{""ambiguous"": 1}",1,0,1,"{""invalid_output"": 1}",0,"{""numerator"": 0, ""denominator"": 1, ""estimate"": 0.0, ""ci95"": [0.0, 0.7934506856227626], ""method"": ""Wilson two-sided 95%""}","{""numerator"": 0, ""denominator"": 1, ""estimate"": 0.0, ""ci95"": [0.0, 0.7934506856227626], ""method"": ""Wilson two-sided 95%""}","{""numerator"": 0, ""denominator"": 0, ""estimate"": null, ""ci95"": null}","{""numerator"": 0, ""denominator"": 0, ""estimate"": null, ""ci95"": null}","{""numerator"": 0, ""denominator"": 0, ""estimate"": null, ""ci95"": null}","{""numerator"": 0, ""denominator"": 0, ""estimate"": null, ""ci95"": null}","{""numerator"": 0, ""denominator"": 0, ""estimate"": null, ""ci95"": null}","{""TP"": 0, ""FN"": 0, ""TN"": 0, ""FP"": 0}","{""sensitivity"": {""assigned_class_count"": 1, ""unscored_class_count"": 1, ""identification_bounds"": [0.0, 1.0], ""meaning"": ""Best/worst missing-outcome bounds, not confidence intervals; failures are not diagnostic FN/FP""}, ""specificity"": {""assigned_class_count"": 0, ""unscored_class_count"": 0, ""identification_bounds"": null, ""meaning"": ""Best/worst missing-outcome bounds, not confidence intervals; failures are not diagnostic FN/FP""}}","{""measured_patients"": 0, ""missing_patients"": 1, ""measured_subtotal"": null, ""total"": null}"
evaluation,MR,B,primary,google/medgemma-1.5-4b-it,repeat1,mass_lesion,2,"{""numerator"": 1, ""denominator"": 2, ""estimate"": 0.5, ""ci95"": [0.09453120573423074, 0.9054687942657693], ""method"": ""Wilson two-sided 95%""}","{""unscorable"": 1}",1,0,1,"{""invalid_output"": 1}",0,"{""numerator"": 0, ""denominator"": 1, ""estimate"": 0.0, ""ci95"": [0.0, 0.7934506856227626], ""method"": ""Wilson two-sided 95%""}","{""numerator"": 0, ""denominator"": 1, ""estimate"": 0.0, ""ci95"": [0.0, 0.7934506856227626], ""method"": ""Wilson two-sided 95%""}","{""numerator"": 0, ""denominator"": 0, ""estimate"": null, ""ci95"": null}","{""numerator"": 0, ""denominator"": 0, ""estimate"": null, ""ci95"": null}","{""numerator"": 0, ""denominator"": 0, ""estimate"": null, ""ci95"": null}","{""numerator"": 0, ""denominator"": 0, ""estimate"": null, ""ci95"": null}","{""numerator"": 0, ""denominator"": 0, ""estimate"": null, ""ci95"": null}","{""TP"": 0, ""FN"": 0, ""TN"": 0, ""FP"": 0}","{""sensitivity"": {""assigned_class_count"": 1, ""unscored_class_count"": 1, ""identification_bounds"": [0.0, 1.0], ""meaning"": ""Best/worst missing-outcome bounds, not confidence intervals; failures are not diagnostic FN/FP""}, ""specificity"": {""assigned_class_count"": 0, ""unscored_class_count"": 0, ""identification_bounds"": null, ""meaning"": ""Best/worst missing-outcome bounds, not confidence intervals; failures are not diagnostic FN/FP""}}","{""measured_patients"": 0, ""missing_patients"": 1, ""measured_subtotal"": null, ""total"": null}"
evaluation,MR,B,primary,gpt-6-astra,,white_matter_signal_abnormality,20,"{""numerator"": 20, ""denominator"": 20, ""estimate"": 1.0, ""ci95"": [0.8388748419471806, 1.0], ""method"": ""Wilson two-sided 95%""}","{""unscorable"": 13, ""ambiguous"": 2}",5,0,5,"{""completed"": 5}",5,"{""numerator"": 5, ""denominator"": 5, ""estimate"": 1.0, ""ci95"": [0.5655175352168251, 1.0], ""method"": ""Wilson two-sided 95%""}","{""numerator"": 5, ""denominator"": 5, ""estimate"": 1.0, ""ci95"": [0.5655175352168251, 1.0], ""method"": ""Wilson two-sided 95%""}","{""numerator"": 5, ""denominator"": 5, ""estimate"": 1.0, ""ci95"": [0.5655175352168251, 1.0], ""method"": ""Wilson two-sided 95%""}","{""numerator"": 5, ""denominator"": 5, ""estimate"": 1.0, ""ci95"": [0.5655175352168251, 1.0], ""method"": ""Wilson two-sided 95%""}","{""numerator"": 0, ""denominator"": 0, ""estimate"": null, ""ci95"": null}","{""numerator"": 0, ""denominator"": 5, ""estimate"": 0.0, ""ci95"": [0.0, 0.43448246478317476], ""method"": ""Wilson two-sided 95%""}","{""numerator"": 0, ""denominator"": 0, ""estimate"": null, ""ci95"": null}","{""TP"": 5, ""FN"": 0, ""TN"": 0, ""FP"": 0}","{""sensitivity"": {""assigned_class_count"": 5, ""unscored_class_count"": 0, ""identification_bounds"": [1.0, 1.0], ""meaning"": ""Best/worst missing-outcome bounds, not confidence intervals; failures are not diagnostic FN/FP""}, ""specificity"": {""assigned_class_count"": 0, ""unscored_class_count"": 0, ""identification_bounds"": null, ""meaning"": ""Best/worst missing-outcome bounds, not confidence intervals; failures are not diagnostic FN/FP""}}","{""measured_patients"": 0, ""missing_patients"": 5, ""measured_subtotal"": null, ""total"": null}"
evaluation,MR,B,primary,gpt-6-astra,,atrophy,20,"{""numerator"": 20, ""denominator"": 20, ""estimate"": 1.0, ""ci95"": [0.8388748419471806, 1.0], ""method"": ""Wilson two-sided 95%""}","{""unscorable"": 20}",0,0,0,{},0,"{""numerator"": 0, ""denominator"": 0, ""estimate"": null, ""ci95"": null}","{""numerator"": 0, ""denominator"": 0, ""estimate"": null, ""ci95"": null}","{""numerator"": 0, ""denominator"": 0, ""estimate"": null, ""ci95"": null}","{""numerator"": 0, ""denominator"": 0, ""estimate"": null, ""ci95"": null}","{""numerator"": 0, ""denominator"": 0, ""estimate"": null, ""ci95"": null}","{""numerator"": 0, ""denominator"": 0, ""estimate"": null, ""ci95"": null}","{""numerator"": 0, ""denominator"": 0, ""estimate"": null, ""ci95"": null}","{""TP"": 0, ""FN"": 0, ""TN"": 0, ""FP"": 0}","{""sensitivity"": {""assigned_class_count"": 0, ""unscored_class_count"": 0, ""identification_bounds"": null, ""meaning"": ""Best/worst missing-outcome bounds, not confidence intervals; failures are not diagnostic FN/FP""}, ""specificity"": {""assigned_class_count"": 0, ""unscored_class_count"": 0, ""identification_bounds"": null, ""meaning"": ""Best/worst missing-outcome bounds, not confidence intervals; failures are not diagnostic FN/FP""}}","{""measured_patients"": 0, ""missing_patients"": 0, ""measured_subtotal"": null, ""total"": null}"
evaluation,MR,B,primary,gpt-6-astra,,chronic_infarction,20,"{""numerator"": 20, ""denominator"": 20, ""estimate"": 1.0, ""ci95"": [0.8388748419471806, 1.0], ""method"": ""Wilson two-sided 95%""}","{""ambiguous"": 1, ""unscorable"": 18}",1,0,1,"{""completed"": 1}",1,"{""numerator"": 1, ""denominator"": 1, ""estimate"": 1.0, ""ci95"": [0.20654931437723745, 1.0], ""method"": ""Wilson two-sided 95%""}","{""numerator"": 1, ""denominator"": 1, ""estimate"": 1.0, ""ci95"": [0.20654931437723745, 1.0], ""method"": ""Wilson two-sided 95%""}","{""numerator"": 1, ""denominator"": 1, ""estimate"": 1.0, ""ci95"": [0.20654931437723745, 1.0], ""method"": ""Wilson two-sided 95%""}","{""numerator"": 1, ""denominator"": 1, ""estimate"": 1.0, ""ci95"": [0.20654931437723745, 1.0], ""method"": ""Wilson two-sided 95%""}","{""numerator"": 0, ""denominator"": 0, ""estimate"": null, ""ci95"": null}","{""numerator"": 0, ""denominator"": 1, ""estimate"": 0.0, ""ci95"": [0.0, 0.7934506856227626], ""method"": ""Wilson two-sided 95%""}","{""numerator"": 0, ""denominator"": 0, ""estimate"": null, ""ci95"": null}","{""TP"": 1, ""FN"": 0, ""TN"": 0, ""FP"": 0}","{""sensitivity"": {""assigned_class_count"": 1, ""unscored_class_count"": 0, ""identification_bounds"": [1.0, 1.0], ""meaning"": ""Best/worst missing-outcome bounds, not confidence intervals; failures are not diagnostic FN/FP""}, ""specificity"": {""assigned_class_count"": 0, ""unscored_class_count"": 0, ""identification_bounds"": null, ""meaning"": ""Best/worst missing-outcome bounds, not confidence intervals; failures are not diagnostic FN/FP""}}","{""measured_patients"": 0, ""missing_patients"": 1, ""measured_subtotal"": null, ""total"": null}"
evaluation,MR,B,primary,gpt-6-astra,,mass_lesion,20,"{""numerator"": 20, ""denominator"": 20, ""estimate"": 1.0, ""ci95"": [0.8388748419471806, 1.0], ""method"": ""Wilson two-sided 95%""}","{""unscorable"": 18}",2,0,2,"{""completed"": 2}",2,"{""numerator"": 2, ""denominator"": 2, ""estimate"": 1.0, ""ci95"": [0.34238022750665303, 1.0], ""method"": ""Wilson two-sided 95%""}","{""numerator"": 1, ""denominator"": 2, ""estimate"": 0.5, ""ci95"": [0.09453120573423074, 0.9054687942657693], ""method"": ""Wilson two-sided 95%""}","{""numerator"": 1, ""denominator"": 2, ""estimate"": 0.5, ""ci95"": [0.09453120573423074, 0.9054687942657693], ""method"": ""Wilson two-sided 95%""}","{""numerator"": 1, ""denominator"": 2, ""estimate"": 0.5, ""ci95"": [0.09453120573423074, 0.9054687942657693], ""method"": ""Wilson two-sided 95%""}","{""numerator"": 0, ""denominator"": 0, ""estimate"": null, ""ci95"": null}","{""numerator"": 1, ""denominator"": 2, ""estimate"": 0.5, ""ci95"": [0.09453120573423074, 0.9054687942657693], ""method"": ""Wilson two-sided 95%""}","{""numerator"": 0, ""denominator"": 0, ""estimate"": null, ""ci95"": null}","{""TP"": 1, ""FN"": 1, ""TN"": 0, ""FP"": 0}","{""sensitivity"": {""assigned_class_count"": 2, ""unscored_class_count"": 0, ""identification_bounds"": [0.5, 0.5], ""meaning"": ""Best/worst missing-outcome bounds, not confidence intervals; failures are not diagnostic FN/FP""}, ""specificity"": {""assigned_class_count"": 0, ""unscored_class_count"": 0, ""identification_bounds"": null, ""meaning"": ""Best/worst missing-outcome bounds, not confidence intervals; failures are not diagnostic FN/FP""}}","{""measured_patients"": 0, ""missing_patients"": 2, ""measured_subtotal"": null, ""total"": null}"
evaluation,MR,B,primary,gpt-6-astra,repeat1,white_matter_signal_abnormality,2,"{""numerator"": 2, ""denominator"": 2, ""estimate"": 1.0, ""ci95"": [0.34238022750665303, 1.0], ""method"": ""Wilson two-sided 95%""}","{""unscorable"": 1}",1,0,1,"{""completed"": 1}",1,"{""numerator"": 1, ""denominator"": 1, ""estimate"": 1.0, ""ci95"": [0.20654931437723745, 1.0], ""method"": ""Wilson two-sided 95%""}","{""numerator"": 1, ""denominator"": 1, ""estimate"": 1.0, ""ci95"": [0.20654931437723745, 1.0], ""method"": ""Wilson two-sided 95%""}","{""numerator"": 1, ""denominator"": 1, ""estimate"": 1.0, ""ci95"": [0.20654931437723745, 1.0], ""method"": ""Wilson two-sided 95%""}","{""numerator"": 1, ""denominator"": 1, ""estimate"": 1.0, ""ci95"": [0.20654931437723745, 1.0], ""method"": ""Wilson two-sided 95%""}","{""numerator"": 0, ""denominator"": 0, ""estimate"": null, ""ci95"": null}","{""numerator"": 0, ""denominator"": 1, ""estimate"": 0.0, ""ci95"": [0.0, 0.7934506856227626], ""method"": ""Wilson two-sided 95%""}","{""numerator"": 0, ""denominator"": 0, ""estimate"": null, ""ci95"": null}","{""TP"": 1, ""FN"": 0, ""TN"": 0, ""FP"": 0}","{""sensitivity"": {""assigned_class_count"": 1, ""unscored_class_count"": 0, ""identification_bounds"": [1.0, 1.0], ""meaning"": ""Best/worst missing-outcome bounds, not confidence intervals; failures are not diagnostic FN/FP""}, ""specificity"": {""assigned_class_count"": 0, ""unscored_class_count"": 0, ""identification_bounds"": null, ""meaning"": ""Best/worst missing-outcome bounds, not confidence intervals; failures are not diagnostic FN/FP""}}","{""measured_patients"": 0, ""missing_patients"": 1, ""measured_subtotal"": null, ""total"": null}"
evaluation,MR,B,primary,gpt-6-astra,repeat1,atrophy,2,"{""numerator"": 2, ""denominator"": 2, ""estimate"": 1.0, ""ci95"": [0.34238022750665303, 1.0], ""method"": ""Wilson two-sided 95%""}","{""unscorable"": 2}",0,0,0,{},0,"{""numerator"": 0, ""denominator"": 0, ""estimate"": null, ""ci95"": null}","{""numerator"": 0, ""denominator"": 0, ""estimate"": null, ""ci95"": null}","{""numerator"": 0, ""denominator"": 0, ""estimate"": null, ""ci95"": null}","{""numerator"": 0, ""denominator"": 0, ""estimate"": null, ""ci95"": null}","{""numerator"": 0, ""denominator"": 0, ""estimate"": null, ""ci95"": null}","{""numerator"": 0, ""denominator"": 0, ""estimate"": null, ""ci95"": null}","{""numerator"": 0, ""denominator"": 0, ""estimate"": null, ""ci95"": null}","{""TP"": 0, ""FN"": 0, ""TN"": 0, ""FP"": 0}","{""sensitivity"": {""assigned_class_count"": 0, ""unscored_class_count"": 0, ""identification_bounds"": null, ""meaning"": ""Best/worst missing-outcome bounds, not confidence intervals; failures are not diagnostic FN/FP""}, ""specificity"": {""assigned_class_count"": 0, ""unscored_class_count"": 0, ""identification_bounds"": null, ""meaning"": ""Best/worst missing-outcome bounds, not confidence intervals; failures are not diagnostic FN/FP""}}","{""measured_patients"": 0, ""missing_patients"": 0, ""measured_subtotal"": null, ""total"": null}"
evaluation,MR,B,primary,gpt-6-astra,repeat1,chronic_infarction,2,"{""numerator"": 2, ""denominator"": 2, ""estimate"": 1.0, ""ci95"": [0.34238022750665303, 1.0], ""method"": ""Wilson two-sided 95%""}","{""ambiguous"": 1}",1,0,1,"{""abstained"": 1}",0,"{""numerator"": 0, ""denominator"": 1, ""estimate"": 0.0, ""ci95"": [0.0, 0.7934506856227626], ""method"": ""Wilson two-sided 95%""}","{""numerator"": 0, ""denominator"": 1, ""estimate"": 0.0, ""ci95"": [0.0, 0.7934506856227626], ""method"": ""Wilson two-sided 95%""}","{""numerator"": 0, ""denominator"": 0, ""estimate"": null, ""ci95"": null}","{""numerator"": 0, ""denominator"": 0, ""estimate"": null, ""ci95"": null}","{""numerator"": 0, ""denominator"": 0, ""estimate"": null, ""ci95"": null}","{""numerator"": 0, ""denominator"": 0, ""estimate"": null, ""ci95"": null}","{""numerator"": 0, ""denominator"": 0, ""estimate"": null, ""ci95"": null}","{""TP"": 0, ""FN"": 0, ""TN"": 0, ""FP"": 0}","{""sensitivity"": {""assigned_class_count"": 1, ""unscored_class_count"": 1, ""identification_bounds"": [0.0, 1.0], ""meaning"": ""Best/worst missing-outcome bounds, not confidence intervals; failures are not diagnostic FN/FP""}, ""specificity"": {""assigned_class_count"": 0, ""unscored_class_count"": 0, ""identification_bounds"": null, ""meaning"": ""Best/worst missing-outcome bounds, not confidence intervals; failures are not diagnostic FN/FP""}}","{""measured_patients"": 0, ""missing_patients"": 1, ""measured_subtotal"": null, ""total"": null}"
evaluation,MR,B,primary,gpt-6-astra,repeat1,mass_lesion,2,"{""numerator"": 2, ""denominator"": 2, ""estimate"": 1.0, ""ci95"": [0.34238022750665303, 1.0], ""method"": ""Wilson two-sided 95%""}","{""unscorable"": 1}",1,0,1,"{""completed"": 1}",1,"{""numerator"": 1, ""denominator"": 1, ""estimate"": 1.0, ""ci95"": [0.20654931437723745, 1.0], ""method"": ""Wilson two-sided 95%""}","{""numerator"": 0, ""denominator"": 1, ""estimate"": 0.0, ""ci95"": [0.0, 0.7934506856227626], ""method"": ""Wilson two-sided 95%""}","{""numerator"": 0, ""denominator"": 1, ""estimate"": 0.0, ""ci95"": [0.0, 0.7934506856227626], ""method"": ""Wilson two-sided 95%""}","{""numerator"": 0, ""denominator"": 1, ""estimate"": 0.0, ""ci95"": [0.0, 0.7934506856227626], ""method"": ""Wilson two-sided 95%""}","{""numerator"": 0, ""denominator"": 0, ""estimate"": null, ""ci95"": null}","{""numerator"": 1, ""denominator"": 1, ""estimate"": 1.0, ""ci95"": [0.20654931437723745, 1.0], ""method"": ""Wilson two-sided 95%""}","{""numerator"": 0, ""denominator"": 0, ""estimate"": null, ""ci95"": null}","{""TP"": 0, ""FN"": 1, ""TN"": 0, ""FP"": 0}","{""sensitivity"": {""assigned_class_count"": 1, ""unscored_class_count"": 0, ""identification_bounds"": [0.0, 0.0], ""meaning"": ""Best/worst missing-outcome bounds, not confidence intervals; failures are not diagnostic FN/FP""}, ""specificity"": {""assigned_class_count"": 0, ""unscored_class_count"": 0, ""identification_bounds"": null, ""meaning"": ""Best/worst missing-outcome bounds, not confidence intervals; failures are not diagnostic FN/FP""}}","{""measured_patients"": 0, ""missing_patients"": 1, ""measured_subtotal"": null, ""total"": null}"
evaluation,MR,B,primary,gpt-6-luna,,white_matter_signal_abnormality,20,"{""numerator"": 20, ""denominator"": 20, ""estimate"": 1.0, ""ci95"": [0.8388748419471806, 1.0], ""method"": ""Wilson two-sided 95%""}","{""unscorable"": 13, ""ambiguous"": 2}",5,0,5,"{""completed"": 5}",5,"{""numerator"": 5, ""denominator"": 5, ""estimate"": 1.0, ""ci95"": [0.5655175352168251, 1.0], ""method"": ""Wilson two-sided 95%""}","{""numerator"": 4, ""denominator"": 5, ""estimate"": 0.8, ""ci95"": [0.37553462976252533, 0.9637758913675698], ""method"": ""Wilson two-sided 95%""}","{""numerator"": 4, ""denominator"": 5, ""estimate"": 0.8, ""ci95"": [0.37553462976252533, 0.9637758913675698], ""method"": ""Wilson two-sided 95%""}","{""numerator"": 4, ""denominator"": 5, ""estimate"": 0.8, ""ci95"": [0.37553462976252533, 0.9637758913675698], ""method"": ""Wilson two-sided 95%""}","{""numerator"": 0, ""denominator"": 0, ""estimate"": null, ""ci95"": null}","{""numerator"": 1, ""denominator"": 5, ""estimate"": 0.2, ""ci95"": [0.03622410863243014, 0.6244653702374747], ""method"": ""Wilson two-sided 95%""}","{""numerator"": 0, ""denominator"": 0, ""estimate"": null, ""ci95"": null}","{""TP"": 4, ""FN"": 1, ""TN"": 0, ""FP"": 0}","{""sensitivity"": {""assigned_class_count"": 5, ""unscored_class_count"": 0, ""identification_bounds"": [0.8, 0.8], ""meaning"": ""Best/worst missing-outcome bounds, not confidence intervals; failures are not diagnostic FN/FP""}, ""specificity"": {""assigned_class_count"": 0, ""unscored_class_count"": 0, ""identification_bounds"": null, ""meaning"": ""Best/worst missing-outcome bounds, not confidence intervals; failures are not diagnostic FN/FP""}}","{""measured_patients"": 0, ""missing_patients"": 5, ""measured_subtotal"": null, ""total"": null}"
evaluation,MR,B,primary,gpt-6-luna,,atrophy,20,"{""numerator"": 20, ""denominator"": 20, ""estimate"": 1.0, ""ci95"": [0.8388748419471806, 1.0], ""method"": ""Wilson two-sided 95%""}","{""unscorable"": 20}",0,0,0,{},0,"{""numerator"": 0, ""denominator"": 0, ""estimate"": null, ""ci95"": null}","{""numerator"": 0, ""denominator"": 0, ""estimate"": null, ""ci95"": null}","{""numerator"": 0, ""denominator"": 0, ""estimate"": null, ""ci95"": null}","{""numerator"": 0, ""denominator"": 0, ""estimate"": null, ""ci95"": null}","{""numerator"": 0, ""denominator"": 0, ""estimate"": null, ""ci95"": null}","{""numerator"": 0, ""denominator"": 0, ""estimate"": null, ""ci95"": null}","{""numerator"": 0, ""denominator"": 0, ""estimate"": null, ""ci95"": null}","{""TP"": 0, ""FN"": 0, ""TN"": 0, ""FP"": 0}","{""sensitivity"": {""assigned_class_count"": 0, ""unscored_class_count"": 0, ""identification_bounds"": null, ""meaning"": ""Best/worst missing-outcome bounds, not confidence intervals; failures are not diagnostic FN/FP""}, ""specificity"": {""assigned_class_count"": 0, ""unscored_class_count"": 0, ""identification_bounds"": null, ""meaning"": ""Best/worst missing-outcome bounds, not confidence intervals; failures are not diagnostic FN/FP""}}","{""measured_patients"": 0, ""missing_patients"": 0, ""measured_subtotal"": null, ""total"": null}"
evaluation,MR,B,primary,gpt-6-luna,,chronic_infarction,20,"{""numerator"": 20, ""denominator"": 20, ""estimate"": 1.0, ""ci95"": [0.8388748419471806, 1.0], ""method"": ""Wilson two-sided 95%""}","{""ambiguous"": 1, ""unscorable"": 18}",1,0,1,"{""completed"": 1}",1,"{""numerator"": 1, ""denominator"": 1, ""estimate"": 1.0, ""ci95"": [0.20654931437723745, 1.0], ""method"": ""Wilson two-sided 95%""}","{""numerator"": 0, ""denominator"": 1, ""estimate"": 0.0, ""ci95"": [0.0, 0.7934506856227626], ""method"": ""Wilson two-sided 95%""}","{""numerator"": 0, ""denominator"": 1, ""estimate"": 0.0, ""ci95"": [0.0, 0.7934506856227626], ""method"": ""Wilson two-sided 95%""}","{""numerator"": 0, ""denominator"": 1, ""estimate"": 0.0, ""ci95"": [0.0, 0.7934506856227626], ""method"": ""Wilson two-sided 95%""}","{""numerator"": 0, ""denominator"": 0, ""estimate"": null, ""ci95"": null}","{""numerator"": 1, ""denominator"": 1, ""estimate"": 1.0, ""ci95"": [0.20654931437723745, 1.0], ""method"": ""Wilson two-sided 95%""}","{""numerator"": 0, ""denominator"": 0, ""estimate"": null, ""ci95"": null}","{""TP"": 0, ""FN"": 1, ""TN"": 0, ""FP"": 0}","{""sensitivity"": {""assigned_class_count"": 1, ""unscored_class_count"": 0, ""identification_bounds"": [0.0, 0.0], ""meaning"": ""Best/worst missing-outcome bounds, not confidence intervals; failures are not diagnostic FN/FP""}, ""specificity"": {""assigned_class_count"": 0, ""unscored_class_count"": 0, ""identification_bounds"": null, ""meaning"": ""Best/worst missing-outcome bounds, not confidence intervals; failures are not diagnostic FN/FP""}}","{""measured_patients"": 0, ""missing_patients"": 1, ""measured_subtotal"": null, ""total"": null}"
evaluation,MR,B,primary,gpt-6-luna,,mass_lesion,20,"{""numerator"": 20, ""denominator"": 20, ""estimate"": 1.0, ""ci95"": [0.8388748419471806, 1.0], ""method"": ""Wilson two-sided 95%""}","{""unscorable"": 18}",2,0,2,"{""completed"": 1, ""abstained"": 1}",1,"{""numerator"": 1, ""denominator"": 2, ""estimate"": 0.5, ""ci95"": [0.09453120573423074, 0.9054687942657693], ""method"": ""Wilson two-sided 95%""}","{""numerator"": 0, ""denominator"": 2, ""estimate"": 0.0, ""ci95"": [0.0, 0.6576197724933469], ""method"": ""Wilson two-sided 95%""}","{""numerator"": 0, ""denominator"": 1, ""estimate"": 0.0, ""ci95"": [0.0, 0.7934506856227626], ""method"": ""Wilson two-sided 95%""}","{""numerator"": 0, ""denominator"": 1, ""estimate"": 0.0, ""ci95"": [0.0, 0.7934506856227626], ""method"": ""Wilson two-sided 95%""}","{""numerator"": 0, ""denominator"": 0, ""estimate"": null, ""ci95"": null}","{""numerator"": 1, ""denominator"": 1, ""estimate"": 1.0, ""ci95"": [0.20654931437723745, 1.0], ""method"": ""Wilson two-sided 95%""}","{""numerator"": 0, ""denominator"": 0, ""estimate"": null, ""ci95"": null}","{""TP"": 0, ""FN"": 1, ""TN"": 0, ""FP"": 0}","{""sensitivity"": {""assigned_class_count"": 2, ""unscored_class_count"": 1, ""identification_bounds"": [0.0, 0.5], ""meaning"": ""Best/worst missing-outcome bounds, not confidence intervals; failures are not diagnostic FN/FP""}, ""specificity"": {""assigned_class_count"": 0, ""unscored_class_count"": 0, ""identification_bounds"": null, ""meaning"": ""Best/worst missing-outcome bounds, not confidence intervals; failures are not diagnostic FN/FP""}}","{""measured_patients"": 0, ""missing_patients"": 2, ""measured_subtotal"": null, ""total"": null}"
evaluation,MR,B,primary,gpt-6-luna,repeat1,white_matter_signal_abnormality,2,"{""numerator"": 2, ""denominator"": 2, ""estimate"": 1.0, ""ci95"": [0.34238022750665303, 1.0], ""method"": ""Wilson two-sided 95%""}","{""unscorable"": 1}",1,0,1,"{""completed"": 1}",1,"{""numerator"": 1, ""denominator"": 1, ""estimate"": 1.0, ""ci95"": [0.20654931437723745, 1.0], ""method"": ""Wilson two-sided 95%""}","{""numerator"": 1, ""denominator"": 1, ""estimate"": 1.0, ""ci95"": [0.20654931437723745, 1.0], ""method"": ""Wilson two-sided 95%""}","{""numerator"": 1, ""denominator"": 1, ""estimate"": 1.0, ""ci95"": [0.20654931437723745, 1.0], ""method"": ""Wilson two-sided 95%""}","{""numerator"": 1, ""denominator"": 1, ""estimate"": 1.0, ""ci95"": [0.20654931437723745, 1.0], ""method"": ""Wilson two-sided 95%""}","{""numerator"": 0, ""denominator"": 0, ""estimate"": null, ""ci95"": null}","{""numerator"": 0, ""denominator"": 1, ""estimate"": 0.0, ""ci95"": [0.0, 0.7934506856227626], ""method"": ""Wilson two-sided 95%""}","{""numerator"": 0, ""denominator"": 0, ""estimate"": null, ""ci95"": null}","{""TP"": 1, ""FN"": 0, ""TN"": 0, ""FP"": 0}","{""sensitivity"": {""assigned_class_count"": 1, ""unscored_class_count"": 0, ""identification_bounds"": [1.0, 1.0], ""meaning"": ""Best/worst missing-outcome bounds, not confidence intervals; failures are not diagnostic FN/FP""}, ""specificity"": {""assigned_class_count"": 0, ""unscored_class_count"": 0, ""identification_bounds"": null, ""meaning"": ""Best/worst missing-outcome bounds, not confidence intervals; failures are not diagnostic FN/FP""}}","{""measured_patients"": 0, ""missing_patients"": 1, ""measured_subtotal"": null, ""total"": null}"
evaluation,MR,B,primary,gpt-6-luna,repeat1,atrophy,2,"{""numerator"": 2, ""denominator"": 2, ""estimate"": 1.0, ""ci95"": [0.34238022750665303, 1.0], ""method"": ""Wilson two-sided 95%""}","{""unscorable"": 2}",0,0,0,{},0,"{""numerator"": 0, ""denominator"": 0, ""estimate"": null, ""ci95"": null}","{""numerator"": 0, ""denominator"": 0, ""estimate"": null, ""ci95"": null}","{""numerator"": 0, ""denominator"": 0, ""estimate"": null, ""ci95"": null}","{""numerator"": 0, ""denominator"": 0, ""estimate"": null, ""ci95"": null}","{""numerator"": 0, ""denominator"": 0, ""estimate"": null, ""ci95"": null}","{""numerator"": 0, ""denominator"": 0, ""estimate"": null, ""ci95"": null}","{""numerator"": 0, ""denominator"": 0, ""estimate"": null, ""ci95"": null}","{""TP"": 0, ""FN"": 0, ""TN"": 0, ""FP"": 0}","{""sensitivity"": {""assigned_class_count"": 0, ""unscored_class_count"": 0, ""identification_bounds"": null, ""meaning"": ""Best/worst missing-outcome bounds, not confidence intervals; failures are not diagnostic FN/FP""}, ""specificity"": {""assigned_class_count"": 0, ""unscored_class_count"": 0, ""identification_bounds"": null, ""meaning"": ""Best/worst missing-outcome bounds, not confidence intervals; failures are not diagnostic FN/FP""}}","{""measured_patients"": 0, ""missing_patients"": 0, ""measured_subtotal"": null, ""total"": null}"
evaluation,MR,B,primary,gpt-6-luna,repeat1,chronic_infarction,2,"{""numerator"": 2, ""denominator"": 2, ""estimate"": 1.0, ""ci95"": [0.34238022750665303, 1.0], ""method"": ""Wilson two-sided 95%""}","{""ambiguous"": 1}",1,0,1,"{""completed"": 1}",1,"{""numerator"": 1, ""denominator"": 1, ""estimate"": 1.0, ""ci95"": [0.20654931437723745, 1.0], ""method"": ""Wilson two-sided 95%""}","{""numerator"": 0, ""denominator"": 1, ""estimate"": 0.0, ""ci95"": [0.0, 0.7934506856227626], ""method"": ""Wilson two-sided 95%""}","{""numerator"": 0, ""denominator"": 1, ""estimate"": 0.0, ""ci95"": [0.0, 0.7934506856227626], ""method"": ""Wilson two-sided 95%""}","{""numerator"": 0, ""denominator"": 1, ""estimate"": 0.0, ""ci95"": [0.0, 0.7934506856227626], ""method"": ""Wilson two-sided 95%""}","{""numerator"": 0, ""denominator"": 0, ""estimate"": null, ""ci95"": null}","{""numerator"": 1, ""denominator"": 1, ""estimate"": 1.0, ""ci95"": [0.20654931437723745, 1.0], ""method"": ""Wilson two-sided 95%""}","{""numerator"": 0, ""denominator"": 0, ""estimate"": null, ""ci95"": null}","{""TP"": 0, ""FN"": 1, ""TN"": 0, ""FP"": 0}","{""sensitivity"": {""assigned_class_count"": 1, ""unscored_class_count"": 0, ""identification_bounds"": [0.0, 0.0], ""meaning"": ""Best/worst missing-outcome bounds, not confidence intervals; failures are not diagnostic FN/FP""}, ""specificity"": {""assigned_class_count"": 0, ""unscored_class_count"": 0, ""identification_bounds"": null, ""meaning"": ""Best/worst missing-outcome bounds, not confidence intervals; failures are not diagnostic FN/FP""}}","{""measured_patients"": 0, ""missing_patients"": 1, ""measured_subtotal"": null, ""total"": null}"
evaluation,MR,B,primary,gpt-6-luna,repeat1,mass_lesion,2,"{""numerator"": 2, ""denominator"": 2, ""estimate"": 1.0, ""ci95"": [0.34238022750665303, 1.0], ""method"": ""Wilson two-sided 95%""}","{""unscorable"": 1}",1,0,1,"{""completed"": 1}",1,"{""numerator"": 1, ""denominator"": 1, ""estimate"": 1.0, ""ci95"": [0.20654931437723745, 1.0], ""method"": ""Wilson two-sided 95%""}","{""numerator"": 0, ""denominator"": 1, ""estimate"": 0.0, ""ci95"": [0.0, 0.7934506856227626], ""method"": ""Wilson two-sided 95%""}","{""numerator"": 0, ""denominator"": 1, ""estimate"": 0.0, ""ci95"": [0.0, 0.7934506856227626], ""method"": ""Wilson two-sided 95%""}","{""numerator"": 0, ""denominator"": 1, ""estimate"": 0.0, ""ci95"": [0.0, 0.7934506856227626], ""method"": ""Wilson two-sided 95%""}","{""numerator"": 0, ""denominator"": 0, ""estimate"": null, ""ci95"": null}","{""numerator"": 1, ""denominator"": 1, ""estimate"": 1.0, ""ci95"": [0.20654931437723745, 1.0], ""method"": ""Wilson two-sided 95%""}","{""numerator"": 0, ""denominator"": 0, ""estimate"": null, ""ci95"": null}","{""TP"": 0, ""FN"": 1, ""TN"": 0, ""FP"": 0}","{""sensitivity"": {""assigned_class_count"": 1, ""unscored_class_count"": 0, ""identification_bounds"": [0.0, 0.0], ""meaning"": ""Best/worst missing-outcome bounds, not confidence intervals; failures are not diagnostic FN/FP""}, ""specificity"": {""assigned_class_count"": 0, ""unscored_class_count"": 0, ""identification_bounds"": null, ""meaning"": ""Best/worst missing-outcome bounds, not confidence intervals; failures are not diagnostic FN/FP""}}","{""measured_patients"": 0, ""missing_patients"": 1, ""measured_subtotal"": null, ""total"": null}"
evaluation,MR,B,primary,gpt-6.1-sol,,white_matter_signal_abnormality,20,"{""numerator"": 20, ""denominator"": 20, ""estimate"": 1.0, ""ci95"": [0.8388748419471806, 1.0], ""method"": ""Wilson two-sided 95%""}","{""unscorable"": 13, ""ambiguous"": 2}",5,0,5,"{""completed"": 5}",5,"{""numerator"": 5, ""denominator"": 5, ""estimate"": 1.0, ""ci95"": [0.5655175352168251, 1.0], ""method"": ""Wilson two-sided 95%""}","{""numerator"": 5, ""denominator"": 5, ""estimate"": 1.0, ""ci95"": [0.5655175352168251, 1.0], ""method"": ""Wilson two-sided 95%""}","{""numerator"": 5, ""denominator"": 5, ""estimate"": 1.0, ""ci95"": [0.5655175352168251, 1.0], ""method"": ""Wilson two-sided 95%""}","{""numerator"": 5, ""denominator"": 5, ""estimate"": 1.0, ""ci95"": [0.5655175352168251, 1.0], ""method"": ""Wilson two-sided 95%""}","{""numerator"": 0, ""denominator"": 0, ""estimate"": null, ""ci95"": null}","{""numerator"": 0, ""denominator"": 5, ""estimate"": 0.0, ""ci95"": [0.0, 0.43448246478317476], ""method"": ""Wilson two-sided 95%""}","{""numerator"": 0, ""denominator"": 0, ""estimate"": null, ""ci95"": null}","{""TP"": 5, ""FN"": 0, ""TN"": 0, ""FP"": 0}","{""sensitivity"": {""assigned_class_count"": 5, ""unscored_class_count"": 0, ""identification_bounds"": [1.0, 1.0], ""meaning"": ""Best/worst missing-outcome bounds, not confidence intervals; failures are not diagnostic FN/FP""}, ""specificity"": {""assigned_class_count"": 0, ""unscored_class_count"": 0, ""identification_bounds"": null, ""meaning"": ""Best/worst missing-outcome bounds, not confidence intervals; failures are not diagnostic FN/FP""}}","{""measured_patients"": 0, ""missing_patients"": 5, ""measured_subtotal"": null, ""total"": null}"
evaluation,MR,B,primary,gpt-6.1-sol,,atrophy,20,"{""numerator"": 20, ""denominator"": 20, ""estimate"": 1.0, ""ci95"": [0.8388748419471806, 1.0], ""method"": ""Wilson two-sided 95%""}","{""unscorable"": 20}",0,0,0,{},0,"{""numerator"": 0, ""denominator"": 0, ""estimate"": null, ""ci95"": null}","{""numerator"": 0, ""denominator"": 0, ""estimate"": null, ""ci95"": null}","{""numerator"": 0, ""denominator"": 0, ""estimate"": null, ""ci95"": null}","{""numerator"": 0, ""denominator"": 0, ""estimate"": null, ""ci95"": null}","{""numerator"": 0, ""denominator"": 0, ""estimate"": null, ""ci95"": null}","{""numerator"": 0, ""denominator"": 0, ""estimate"": null, ""ci95"": null}","{""numerator"": 0, ""denominator"": 0, ""estimate"": null, ""ci95"": null}","{""TP"": 0, ""FN"": 0, ""TN"": 0, ""FP"": 0}","{""sensitivity"": {""assigned_class_count"": 0, ""unscored_class_count"": 0, ""identification_bounds"": null, ""meaning"": ""Best/worst missing-outcome bounds, not confidence intervals; failures are not diagnostic FN/FP""}, ""specificity"": {""assigned_class_count"": 0, ""unscored_class_count"": 0, ""identification_bounds"": null, ""meaning"": ""Best/worst missing-outcome bounds, not confidence intervals; failures are not diagnostic FN/FP""}}","{""measured_patients"": 0, ""missing_patients"": 0, ""measured_subtotal"": null, ""total"": null}"
evaluation,MR,B,primary,gpt-6.1-sol,,chronic_infarction,20,"{""numerator"": 20, ""denominator"": 20, ""estimate"": 1.0, ""ci95"": [0.8388748419471806, 1.0], ""method"": ""Wilson two-sided 95%""}","{""ambiguous"": 1, ""unscorable"": 18}",1,0,1,"{""abstained"": 1}",0,"{""numerator"": 0, ""denominator"": 1, ""estimate"": 0.0, ""ci95"": [0.0, 0.7934506856227626], ""method"": ""Wilson two-sided 95%""}","{""numerator"": 0, ""denominator"": 1, ""estimate"": 0.0, ""ci95"": [0.0, 0.7934506856227626], ""method"": ""Wilson two-sided 95%""}","{""numerator"": 0, ""denominator"": 0, ""estimate"": null, ""ci95"": null}","{""numerator"": 0, ""denominator"": 0, ""estimate"": null, ""ci95"": null}","{""numerator"": 0, ""denominator"": 0, ""estimate"": null, ""ci95"": null}","{""numerator"": 0, ""denominator"": 0, ""estimate"": null, ""ci95"": null}","{""numerator"": 0, ""denominator"": 0, ""estimate"": null, ""ci95"": null}","{""TP"": 0, ""FN"": 0, ""TN"": 0, ""FP"": 0}","{""sensitivity"": {""assigned_class_count"": 1, ""unscored_class_count"": 1, ""identification_bounds"": [0.0, 1.0], ""meaning"": ""Best/worst missing-outcome bounds, not confidence intervals; failures are not diagnostic FN/FP""}, ""specificity"": {""assigned_class_count"": 0, ""unscored_class_count"": 0, ""identification_bounds"": null, ""meaning"": ""Best/worst missing-outcome bounds, not confidence intervals; failures are not diagnostic FN/FP""}}","{""measured_patients"": 0, ""missing_patients"": 1, ""measured_subtotal"": null, ""total"": null}"
evaluation,MR,B,primary,gpt-6.1-sol,,mass_lesion,20,"{""numerator"": 20, ""denominator"": 20, ""estimate"": 1.0, ""ci95"": [0.8388748419471806, 1.0], ""method"": ""Wilson two-sided 95%""}","{""unscorable"": 18}",2,0,2,"{""completed"": 2}",2,"{""numerator"": 2, ""denominator"": 2, ""estimate"": 1.0, ""ci95"": [0.34238022750665303, 1.0], ""method"": ""Wilson two-sided 95%""}","{""numerator"": 1, ""denominator"": 2, ""estimate"": 0.5, ""ci95"": [0.09453120573423074, 0.9054687942657693], ""method"": ""Wilson two-sided 95%""}","{""numerator"": 1, ""denominator"": 2, ""estimate"": 0.5, ""ci95"": [0.09453120573423074, 0.9054687942657693], ""method"": ""Wilson two-sided 95%""}","{""numerator"": 1, ""denominator"": 2, ""estimate"": 0.5, ""ci95"": [0.09453120573423074, 0.9054687942657693], ""method"": ""Wilson two-sided 95%""}","{""numerator"": 0, ""denominator"": 0, ""estimate"": null, ""ci95"": null}","{""numerator"": 1, ""denominator"": 2, ""estimate"": 0.5, ""ci95"": [0.09453120573423074, 0.9054687942657693], ""method"": ""Wilson two-sided 95%""}","{""numerator"": 0, ""denominator"": 0, ""estimate"": null, ""ci95"": null}","{""TP"": 1, ""FN"": 1, ""TN"": 0, ""FP"": 0}","{""sensitivity"": {""assigned_class_count"": 2, ""unscored_class_count"": 0, ""identification_bounds"": [0.5, 0.5], ""meaning"": ""Best/worst missing-outcome bounds, not confidence intervals; failures are not diagnostic FN/FP""}, ""specificity"": {""assigned_class_count"": 0, ""unscored_class_count"": 0, ""identification_bounds"": null, ""meaning"": ""Best/worst missing-outcome bounds, not confidence intervals; failures are not diagnostic FN/FP""}}","{""measured_patients"": 0, ""missing_patients"": 2, ""measured_subtotal"": null, ""total"": null}"
evaluation,MR,B,primary,gpt-6.1-sol,repeat1,white_matter_signal_abnormality,2,"{""numerator"": 2, ""denominator"": 2, ""estimate"": 1.0, ""ci95"": [0.34238022750665303, 1.0], ""method"": ""Wilson two-sided 95%""}","{""unscorable"": 1}",1,0,1,"{""completed"": 1}",1,"{""numerator"": 1, ""denominator"": 1, ""estimate"": 1.0, ""ci95"": [0.20654931437723745, 1.0], ""method"": ""Wilson two-sided 95%""}","{""numerator"": 1, ""denominator"": 1, ""estimate"": 1.0, ""ci95"": [0.20654931437723745, 1.0], ""method"": ""Wilson two-sided 95%""}","{""numerator"": 1, ""denominator"": 1, ""estimate"": 1.0, ""ci95"": [0.20654931437723745, 1.0], ""method"": ""Wilson two-sided 95%""}","{""numerator"": 1, ""denominator"": 1, ""estimate"": 1.0, ""ci95"": [0.20654931437723745, 1.0], ""method"": ""Wilson two-sided 95%""}","{""numerator"": 0, ""denominator"": 0, ""estimate"": null, ""ci95"": null}","{""numerator"": 0, ""denominator"": 1, ""estimate"": 0.0, ""ci95"": [0.0, 0.7934506856227626], ""method"": ""Wilson two-sided 95%""}","{""numerator"": 0, ""denominator"": 0, ""estimate"": null, ""ci95"": null}","{""TP"": 1, ""FN"": 0, ""TN"": 0, ""FP"": 0}","{""sensitivity"": {""assigned_class_count"": 1, ""unscored_class_count"": 0, ""identification_bounds"": [1.0, 1.0], ""meaning"": ""Best/worst missing-outcome bounds, not confidence intervals; failures are not diagnostic FN/FP""}, ""specificity"": {""assigned_class_count"": 0, ""unscored_class_count"": 0, ""identification_bounds"": null, ""meaning"": ""Best/worst missing-outcome bounds, not confidence intervals; failures are not diagnostic FN/FP""}}","{""measured_patients"": 0, ""missing_patients"": 1, ""measured_subtotal"": null, ""total"": null}"
evaluation,MR,B,primary,gpt-6.1-sol,repeat1,atrophy,2,"{""numerator"": 2, ""denominator"": 2, ""estimate"": 1.0, ""ci95"": [0.34238022750665303, 1.0], ""method"": ""Wilson two-sided 95%""}","{""unscorable"": 2}",0,0,0,{},0,"{""numerator"": 0, ""denominator"": 0, ""estimate"": null, ""ci95"": null}","{""numerator"": 0, ""denominator"": 0, ""estimate"": null, ""ci95"": null}","{""numerator"": 0, ""denominator"": 0, ""estimate"": null, ""ci95"": null}","{""numerator"": 0, ""denominator"": 0, ""estimate"": null, ""ci95"": null}","{""numerator"": 0, ""denominator"": 0, ""estimate"": null, ""ci95"": null}","{""numerator"": 0, ""denominator"": 0, ""estimate"": null, ""ci95"": null}","{""numerator"": 0, ""denominator"": 0, ""estimate"": null, ""ci95"": null}","{""TP"": 0, ""FN"": 0, ""TN"": 0, ""FP"": 0}","{""sensitivity"": {""assigned_class_count"": 0, ""unscored_class_count"": 0, ""identification_bounds"": null, ""meaning"": ""Best/worst missing-outcome bounds, not confidence intervals; failures are not diagnostic FN/FP""}, ""specificity"": {""assigned_class_count"": 0, ""unscored_class_count"": 0, ""identification_bounds"": null, ""meaning"": ""Best/worst missing-outcome bounds, not confidence intervals; failures are not diagnostic FN/FP""}}","{""measured_patients"": 0, ""missing_patients"": 0, ""measured_subtotal"": null, ""total"": null}"
evaluation,MR,B,primary,gpt-6.1-sol,repeat1,chronic_infarction,2,"{""numerator"": 2, ""denominator"": 2, ""estimate"": 1.0, ""ci95"": [0.34238022750665303, 1.0], ""method"": ""Wilson two-sided 95%""}","{""ambiguous"": 1}",1,0,1,"{""completed"": 1}",1,"{""numerator"": 1, ""denominator"": 1, ""estimate"": 1.0, ""ci95"": [0.20654931437723745, 1.0], ""method"": ""Wilson two-sided 95%""}","{""numerator"": 1, ""denominator"": 1, ""estimate"": 1.0, ""ci95"": [0.20654931437723745, 1.0], ""method"": ""Wilson two-sided 95%""}","{""numerator"": 1, ""denominator"": 1, ""estimate"": 1.0, ""ci95"": [0.20654931437723745, 1.0], ""method"": ""Wilson two-sided 95%""}","{""numerator"": 1, ""denominator"": 1, ""estimate"": 1.0, ""ci95"": [0.20654931437723745, 1.0], ""method"": ""Wilson two-sided 95%""}","{""numerator"": 0, ""denominator"": 0, ""estimate"": null, ""ci95"": null}","{""numerator"": 0, ""denominator"": 1, ""estimate"": 0.0, ""ci95"": [0.0, 0.7934506856227626], ""method"": ""Wilson two-sided 95%""}","{""numerator"": 0, ""denominator"": 0, ""estimate"": null, ""ci95"": null}","{""TP"": 1, ""FN"": 0, ""TN"": 0, ""FP"": 0}","{""sensitivity"": {""assigned_class_count"": 1, ""unscored_class_count"": 0, ""identification_bounds"": [1.0, 1.0], ""meaning"": ""Best/worst missing-outcome bounds, not confidence intervals; failures are not diagnostic FN/FP""}, ""specificity"": {""assigned_class_count"": 0, ""unscored_class_count"": 0, ""identification_bounds"": null, ""meaning"": ""Best/worst missing-outcome bounds, not confidence intervals; failures are not diagnostic FN/FP""}}","{""measured_patients"": 0, ""missing_patients"": 1, ""measured_subtotal"": null, ""total"": null}"
evaluation,MR,B,primary,gpt-6.1-sol,repeat1,mass_lesion,2,"{""numerator"": 2, ""denominator"": 2, ""estimate"": 1.0, ""ci95"": [0.34238022750665303, 1.0], ""method"": ""Wilson two-sided 95%""}","{""unscorable"": 1}",1,0,1,"{""completed"": 1}",1,"{""numerator"": 1, ""denominator"": 1, ""estimate"": 1.0, ""ci95"": [0.20654931437723745, 1.0], ""method"": ""Wilson two-sided 95%""}","{""numerator"": 0, ""denominator"": 1, ""estimate"": 0.0, ""ci95"": [0.0, 0.7934506856227626], ""method"": ""Wilson two-sided 95%""}","{""numerator"": 0, ""denominator"": 1, ""estimate"": 0.0, ""ci95"": [0.0, 0.7934506856227626], ""method"": ""Wilson two-sided 95%""}","{""numerator"": 0, ""denominator"": 1, ""estimate"": 0.0, ""ci95"": [0.0, 0.7934506856227626], ""method"": ""Wilson two-sided 95%""}","{""numerator"": 0, ""denominator"": 0, ""estimate"": null, ""ci95"": null}","{""numerator"": 1, ""denominator"": 1, ""estimate"": 1.0, ""ci95"": [0.20654931437723745, 1.0], ""method"": ""Wilson two-sided 95%""}","{""numerator"": 0, ""denominator"": 0, ""estimate"": null, ""ci95"": null}","{""TP"": 0, ""FN"": 1, ""TN"": 0, ""FP"": 0}","{""sensitivity"": {""assigned_class_count"": 1, ""unscored_class_count"": 0, ""identification_bounds"": [0.0, 0.0], ""meaning"": ""Best/worst missing-outcome bounds, not confidence intervals; failures are not diagnostic FN/FP""}, ""specificity"": {""assigned_class_count"": 0, ""unscored_class_count"": 0, ""identification_bounds"": null, ""meaning"": ""Best/worst missing-outcome bounds, not confidence intervals; failures are not diagnostic FN/FP""}}","{""measured_patients"": 0, ""missing_patients"": 1, ""measured_subtotal"": null, ""total"": null}"
evaluation,MR,B,second-reader,gpt-6-astra,,white_matter_signal_abnormality,10,"{""numerator"": 10, ""denominator"": 10, ""estimate"": 1.0, ""ci95"": [0.7224672001371107, 0.9999999999999999], ""method"": ""Wilson two-sided 95%""}","{""unscorable"": 7, ""ambiguous"": 1}",2,0,2,"{""completed"": 2}",2,"{""numerator"": 2, ""denominator"": 2, ""estimate"": 1.0, ""ci95"": [0.34238022750665303, 1.0], ""method"": ""Wilson two-sided 95%""}","{""numerator"": 2, ""denominator"": 2, ""estimate"": 1.0, ""ci95"": [0.34238022750665303, 1.0], ""method"": ""Wilson two-sided 95%""}","{""numerator"": 2, ""denominator"": 2, ""estimate"": 1.0, ""ci95"": [0.34238022750665303, 1.0], ""method"": ""Wilson two-sided 95%""}","{""numerator"": 2, ""denominator"": 2, ""estimate"": 1.0, ""ci95"": [0.34238022750665303, 1.0], ""method"": ""Wilson two-sided 95%""}","{""numerator"": 0, ""denominator"": 0, ""estimate"": null, ""ci95"": null}","{""numerator"": 0, ""denominator"": 2, ""estimate"": 0.0, ""ci95"": [0.0, 0.6576197724933469], ""method"": ""Wilson two-sided 95%""}","{""numerator"": 0, ""denominator"": 0, ""estimate"": null, ""ci95"": null}","{""TP"": 2, ""FN"": 0, ""TN"": 0, ""FP"": 0}","{""sensitivity"": {""assigned_class_count"": 2, ""unscored_class_count"": 0, ""identification_bounds"": [1.0, 1.0], ""meaning"": ""Best/worst missing-outcome bounds, not confidence intervals; failures are not diagnostic FN/FP""}, ""specificity"": {""assigned_class_count"": 0, ""unscored_class_count"": 0, ""identification_bounds"": null, ""meaning"": ""Best/worst missing-outcome bounds, not confidence intervals; failures are not diagnostic FN/FP""}}","{""measured_patients"": 0, ""missing_patients"": 2, ""measured_subtotal"": null, ""total"": null}"
evaluation,MR,B,second-reader,gpt-6-astra,,atrophy,10,"{""numerator"": 10, ""denominator"": 10, ""estimate"": 1.0, ""ci95"": [0.7224672001371107, 0.9999999999999999], ""method"": ""Wilson two-sided 95%""}","{""unscorable"": 10}",0,0,0,{},0,"{""numerator"": 0, ""denominator"": 0, ""estimate"": null, ""ci95"": null}","{""numerator"": 0, ""denominator"": 0, ""estimate"": null, ""ci95"": null}","{""numerator"": 0, ""denominator"": 0, ""estimate"": null, ""ci95"": null}","{""numerator"": 0, ""denominator"": 0, ""estimate"": null, ""ci95"": null}","{""numerator"": 0, ""denominator"": 0, ""estimate"": null, ""ci95"": null}","{""numerator"": 0, ""denominator"": 0, ""estimate"": null, ""ci95"": null}","{""numerator"": 0, ""denominator"": 0, ""estimate"": null, ""ci95"": null}","{""TP"": 0, ""FN"": 0, ""TN"": 0, ""FP"": 0}","{""sensitivity"": {""assigned_class_count"": 0, ""unscored_class_count"": 0, ""identification_bounds"": null, ""meaning"": ""Best/worst missing-outcome bounds, not confidence intervals; failures are not diagnostic FN/FP""}, ""specificity"": {""assigned_class_count"": 0, ""unscored_class_count"": 0, ""identification_bounds"": null, ""meaning"": ""Best/worst missing-outcome bounds, not confidence intervals; failures are not diagnostic FN/FP""}}","{""measured_patients"": 0, ""missing_patients"": 0, ""measured_subtotal"": null, ""total"": null}"
evaluation,MR,B,second-reader,gpt-6-astra,,chronic_infarction,10,"{""numerator"": 10, ""denominator"": 10, ""estimate"": 1.0, ""ci95"": [0.7224672001371107, 0.9999999999999999], ""method"": ""Wilson two-sided 95%""}","{""ambiguous"": 1, ""unscorable"": 8}",1,0,1,"{""abstained"": 1}",0,"{""numerator"": 0, ""denominator"": 1, ""estimate"": 0.0, ""ci95"": [0.0, 0.7934506856227626], ""method"": ""Wilson two-sided 95%""}","{""numerator"": 0, ""denominator"": 1, ""estimate"": 0.0, ""ci95"": [0.0, 0.7934506856227626], ""method"": ""Wilson two-sided 95%""}","{""numerator"": 0, ""denominator"": 0, ""estimate"": null, ""ci95"": null}","{""numerator"": 0, ""denominator"": 0, ""estimate"": null, ""ci95"": null}","{""numerator"": 0, ""denominator"": 0, ""estimate"": null, ""ci95"": null}","{""numerator"": 0, ""denominator"": 0, ""estimate"": null, ""ci95"": null}","{""numerator"": 0, ""denominator"": 0, ""estimate"": null, ""ci95"": null}","{""TP"": 0, ""FN"": 0, ""TN"": 0, ""FP"": 0}","{""sensitivity"": {""assigned_class_count"": 1, ""unscored_class_count"": 1, ""identification_bounds"": [0.0, 1.0], ""meaning"": ""Best/worst missing-outcome bounds, not confidence intervals; failures are not diagnostic FN/FP""}, ""specificity"": {""assigned_class_count"": 0, ""unscored_class_count"": 0, ""identification_bounds"": null, ""meaning"": ""Best/worst missing-outcome bounds, not confidence intervals; failures are not diagnostic FN/FP""}}","{""measured_patients"": 0, ""missing_patients"": 1, ""measured_subtotal"": null, ""total"": null}"
evaluation,MR,B,second-reader,gpt-6-astra,,mass_lesion,10,"{""numerator"": 10, ""denominator"": 10, ""estimate"": 1.0, ""ci95"": [0.7224672001371107, 0.9999999999999999], ""method"": ""Wilson two-sided 95%""}","{""unscorable"": 9}",1,0,1,"{""completed"": 1}",1,"{""numerator"": 1, ""denominator"": 1, ""estimate"": 1.0, ""ci95"": [0.20654931437723745, 1.0], ""method"": ""Wilson two-sided 95%""}","{""numerator"": 0, ""denominator"": 1, ""estimate"": 0.0, ""ci95"": [0.0, 0.7934506856227626], ""method"": ""Wilson two-sided 95%""}","{""numerator"": 0, ""denominator"": 1, ""estimate"": 0.0, ""ci95"": [0.0, 0.7934506856227626], ""method"": ""Wilson two-sided 95%""}","{""numerator"": 0, ""denominator"": 1, ""estimate"": 0.0, ""ci95"": [0.0, 0.7934506856227626], ""method"": ""Wilson two-sided 95%""}","{""numerator"": 0, ""denominator"": 0, ""estimate"": null, ""ci95"": null}","{""numerator"": 1, ""denominator"": 1, ""estimate"": 1.0, ""ci95"": [0.20654931437723745, 1.0], ""method"": ""Wilson two-sided 95%""}","{""numerator"": 0, ""denominator"": 0, ""estimate"": null, ""ci95"": null}","{""TP"": 0, ""FN"": 1, ""TN"": 0, ""FP"": 0}","{""sensitivity"": {""assigned_class_count"": 1, ""unscored_class_count"": 0, ""identification_bounds"": [0.0, 0.0], ""meaning"": ""Best/worst missing-outcome bounds, not confidence intervals; failures are not diagnostic FN/FP""}, ""specificity"": {""assigned_class_count"": 0, ""unscored_class_count"": 0, ""identification_bounds"": null, ""meaning"": ""Best/worst missing-outcome bounds, not confidence intervals; failures are not diagnostic FN/FP""}}","{""measured_patients"": 0, ""missing_patients"": 1, ""measured_subtotal"": null, ""total"": null}"
evaluation,MR,B,second-reader,gpt-6-luna,,white_matter_signal_abnormality,10,"{""numerator"": 10, ""denominator"": 10, ""estimate"": 1.0, ""ci95"": [0.7224672001371107, 0.9999999999999999], ""method"": ""Wilson two-sided 95%""}","{""unscorable"": 7, ""ambiguous"": 1}",2,0,2,"{""completed"": 2}",2,"{""numerator"": 2, ""denominator"": 2, ""estimate"": 1.0, ""ci95"": [0.34238022750665303, 1.0], ""method"": ""Wilson two-sided 95%""}","{""numerator"": 2, ""denominator"": 2, ""estimate"": 1.0, ""ci95"": [0.34238022750665303, 1.0], ""method"": ""Wilson two-sided 95%""}","{""numerator"": 2, ""denominator"": 2, ""estimate"": 1.0, ""ci95"": [0.34238022750665303, 1.0], ""method"": ""Wilson two-sided 95%""}","{""numerator"": 2, ""denominator"": 2, ""estimate"": 1.0, ""ci95"": [0.34238022750665303, 1.0], ""method"": ""Wilson two-sided 95%""}","{""numerator"": 0, ""denominator"": 0, ""estimate"": null, ""ci95"": null}","{""numerator"": 0, ""denominator"": 2, ""estimate"": 0.0, ""ci95"": [0.0, 0.6576197724933469], ""method"": ""Wilson two-sided 95%""}","{""numerator"": 0, ""denominator"": 0, ""estimate"": null, ""ci95"": null}","{""TP"": 2, ""FN"": 0, ""TN"": 0, ""FP"": 0}","{""sensitivity"": {""assigned_class_count"": 2, ""unscored_class_count"": 0, ""identification_bounds"": [1.0, 1.0], ""meaning"": ""Best/worst missing-outcome bounds, not confidence intervals; failures are not diagnostic FN/FP""}, ""specificity"": {""assigned_class_count"": 0, ""unscored_class_count"": 0, ""identification_bounds"": null, ""meaning"": ""Best/worst missing-outcome bounds, not confidence intervals; failures are not diagnostic FN/FP""}}","{""measured_patients"": 0, ""missing_patients"": 2, ""measured_subtotal"": null, ""total"": null}"
evaluation,MR,B,second-reader,gpt-6-luna,,atrophy,10,"{""numerator"": 10, ""denominator"": 10, ""estimate"": 1.0, ""ci95"": [0.7224672001371107, 0.9999999999999999], ""method"": ""Wilson two-sided 95%""}","{""unscorable"": 10}",0,0,0,{},0,"{""numerator"": 0, ""denominator"": 0, ""estimate"": null, ""ci95"": null}","{""numerator"": 0, ""denominator"": 0, ""estimate"": null, ""ci95"": null}","{""numerator"": 0, ""denominator"": 0, ""estimate"": null, ""ci95"": null}","{""numerator"": 0, ""denominator"": 0, ""estimate"": null, ""ci95"": null}","{""numerator"": 0, ""denominator"": 0, ""estimate"": null, ""ci95"": null}","{""numerator"": 0, ""denominator"": 0, ""estimate"": null, ""ci95"": null}","{""numerator"": 0, ""denominator"": 0, ""estimate"": null, ""ci95"": null}","{""TP"": 0, ""FN"": 0, ""TN"": 0, ""FP"": 0}","{""sensitivity"": {""assigned_class_count"": 0, ""unscored_class_count"": 0, ""identification_bounds"": null, ""meaning"": ""Best/worst missing-outcome bounds, not confidence intervals; failures are not diagnostic FN/FP""}, ""specificity"": {""assigned_class_count"": 0, ""unscored_class_count"": 0, ""identification_bounds"": null, ""meaning"": ""Best/worst missing-outcome bounds, not confidence intervals; failures are not diagnostic FN/FP""}}","{""measured_patients"": 0, ""missing_patients"": 0, ""measured_subtotal"": null, ""total"": null}"
evaluation,MR,B,second-reader,gpt-6-luna,,chronic_infarction,10,"{""numerator"": 10, ""denominator"": 10, ""estimate"": 1.0, ""ci95"": [0.7224672001371107, 0.9999999999999999], ""method"": ""Wilson two-sided 95%""}","{""ambiguous"": 1, ""unscorable"": 8}",1,0,1,"{""completed"": 1}",1,"{""numerator"": 1, ""denominator"": 1, ""estimate"": 1.0, ""ci95"": [0.20654931437723745, 1.0], ""method"": ""Wilson two-sided 95%""}","{""numerator"": 0, ""denominator"": 1, ""estimate"": 0.0, ""ci95"": [0.0, 0.7934506856227626], ""method"": ""Wilson two-sided 95%""}","{""numerator"": 0, ""denominator"": 1, ""estimate"": 0.0, ""ci95"": [0.0, 0.7934506856227626], ""method"": ""Wilson two-sided 95%""}","{""numerator"": 0, ""denominator"": 1, ""estimate"": 0.0, ""ci95"": [0.0, 0.7934506856227626], ""method"": ""Wilson two-sided 95%""}","{""numerator"": 0, ""denominator"": 0, ""estimate"": null, ""ci95"": null}","{""numerator"": 1, ""denominator"": 1, ""estimate"": 1.0, ""ci95"": [0.20654931437723745, 1.0], ""method"": ""Wilson two-sided 95%""}","{""numerator"": 0, ""denominator"": 0, ""estimate"": null, ""ci95"": null}","{""TP"": 0, ""FN"": 1, ""TN"": 0, ""FP"": 0}","{""sensitivity"": {""assigned_class_count"": 1, ""unscored_class_count"": 0, ""identification_bounds"": [0.0, 0.0], ""meaning"": ""Best/worst missing-outcome bounds, not confidence intervals; failures are not diagnostic FN/FP""}, ""specificity"": {""assigned_class_count"": 0, ""unscored_class_count"": 0, ""identification_bounds"": null, ""meaning"": ""Best/worst missing-outcome bounds, not confidence intervals; failures are not diagnostic FN/FP""}}","{""measured_patients"": 0, ""missing_patients"": 1, ""measured_subtotal"": null, ""total"": null}"
evaluation,MR,B,second-reader,gpt-6-luna,,mass_lesion,10,"{""numerator"": 10, ""denominator"": 10, ""estimate"": 1.0, ""ci95"": [0.7224672001371107, 0.9999999999999999], ""method"": ""Wilson two-sided 95%""}","{""unscorable"": 9}",1,0,1,"{""completed"": 1}",1,"{""numerator"": 1, ""denominator"": 1, ""estimate"": 1.0, ""ci95"": [0.20654931437723745, 1.0], ""method"": ""Wilson two-sided 95%""}","{""numerator"": 0, ""denominator"": 1, ""estimate"": 0.0, ""ci95"": [0.0, 0.7934506856227626], ""method"": ""Wilson two-sided 95%""}","{""numerator"": 0, ""denominator"": 1, ""estimate"": 0.0, ""ci95"": [0.0, 0.7934506856227626], ""method"": ""Wilson two-sided 95%""}","{""numerator"": 0, ""denominator"": 1, ""estimate"": 0.0, ""ci95"": [0.0, 0.7934506856227626], ""method"": ""Wilson two-sided 95%""}","{""numerator"": 0, ""denominator"": 0, ""estimate"": null, ""ci95"": null}","{""numerator"": 1, ""denominator"": 1, ""estimate"": 1.0, ""ci95"": [0.20654931437723745, 1.0], ""method"": ""Wilson two-sided 95%""}","{""numerator"": 0, ""denominator"": 0, ""estimate"": null, ""ci95"": null}","{""TP"": 0, ""FN"": 1, ""TN"": 0, ""FP"": 0}","{""sensitivity"": {""assigned_class_count"": 1, ""unscored_class_count"": 0, ""identification_bounds"": [0.0, 0.0], ""meaning"": ""Best/worst missing-outcome bounds, not confidence intervals; failures are not diagnostic FN/FP""}, ""specificity"": {""assigned_class_count"": 0, ""unscored_class_count"": 0, ""identification_bounds"": null, ""meaning"": ""Best/worst missing-outcome bounds, not confidence intervals; failures are not diagnostic FN/FP""}}","{""measured_patients"": 0, ""missing_patients"": 1, ""measured_subtotal"": null, ""total"": null}"
evaluation,MR,B,second-reader,gpt-6.1-sol,,white_matter_signal_abnormality,10,"{""numerator"": 10, ""denominator"": 10, ""estimate"": 1.0, ""ci95"": [0.7224672001371107, 0.9999999999999999], ""method"": ""Wilson two-sided 95%""}","{""unscorable"": 7, ""ambiguous"": 1}",2,0,2,"{""completed"": 2}",2,"{""numerator"": 2, ""denominator"": 2, ""estimate"": 1.0, ""ci95"": [0.34238022750665303, 1.0], ""method"": ""Wilson two-sided 95%""}","{""numerator"": 2, ""denominator"": 2, ""estimate"": 1.0, ""ci95"": [0.34238022750665303, 1.0], ""method"": ""Wilson two-sided 95%""}","{""numerator"": 2, ""denominator"": 2, ""estimate"": 1.0, ""ci95"": [0.34238022750665303, 1.0], ""method"": ""Wilson two-sided 95%""}","{""numerator"": 2, ""denominator"": 2, ""estimate"": 1.0, ""ci95"": [0.34238022750665303, 1.0], ""method"": ""Wilson two-sided 95%""}","{""numerator"": 0, ""denominator"": 0, ""estimate"": null, ""ci95"": null}","{""numerator"": 0, ""denominator"": 2, ""estimate"": 0.0, ""ci95"": [0.0, 0.6576197724933469], ""method"": ""Wilson two-sided 95%""}","{""numerator"": 0, ""denominator"": 0, ""estimate"": null, ""ci95"": null}","{""TP"": 2, ""FN"": 0, ""TN"": 0, ""FP"": 0}","{""sensitivity"": {""assigned_class_count"": 2, ""unscored_class_count"": 0, ""identification_bounds"": [1.0, 1.0], ""meaning"": ""Best/worst missing-outcome bounds, not confidence intervals; failures are not diagnostic FN/FP""}, ""specificity"": {""assigned_class_count"": 0, ""unscored_class_count"": 0, ""identification_bounds"": null, ""meaning"": ""Best/worst missing-outcome bounds, not confidence intervals; failures are not diagnostic FN/FP""}}","{""measured_patients"": 0, ""missing_patients"": 2, ""measured_subtotal"": null, ""total"": null}"
evaluation,MR,B,second-reader,gpt-6.1-sol,,atrophy,10,"{""numerator"": 10, ""denominator"": 10, ""estimate"": 1.0, ""ci95"": [0.7224672001371107, 0.9999999999999999], ""method"": ""Wilson two-sided 95%""}","{""unscorable"": 10}",0,0,0,{},0,"{""numerator"": 0, ""denominator"": 0, ""estimate"": null, ""ci95"": null}","{""numerator"": 0, ""denominator"": 0, ""estimate"": null, ""ci95"": null}","{""numerator"": 0, ""denominator"": 0, ""estimate"": null, ""ci95"": null}","{""numerator"": 0, ""denominator"": 0, ""estimate"": null, ""ci95"": null}","{""numerator"": 0, ""denominator"": 0, ""estimate"": null, ""ci95"": null}","{""numerator"": 0, ""denominator"": 0, ""estimate"": null, ""ci95"": null}","{""numerator"": 0, ""denominator"": 0, ""estimate"": null, ""ci95"": null}","{""TP"": 0, ""FN"": 0, ""TN"": 0, ""FP"": 0}","{""sensitivity"": {""assigned_class_count"": 0, ""unscored_class_count"": 0, ""identification_bounds"": null, ""meaning"": ""Best/worst missing-outcome bounds, not confidence intervals; failures are not diagnostic FN/FP""}, ""specificity"": {""assigned_class_count"": 0, ""unscored_class_count"": 0, ""identification_bounds"": null, ""meaning"": ""Best/worst missing-outcome bounds, not confidence intervals; failures are not diagnostic FN/FP""}}","{""measured_patients"": 0, ""missing_patients"": 0, ""measured_subtotal"": null, ""total"": null}"
evaluation,MR,B,second-reader,gpt-6.1-sol,,chronic_infarction,10,"{""numerator"": 10, ""denominator"": 10, ""estimate"": 1.0, ""ci95"": [0.7224672001371107, 0.9999999999999999], ""method"": ""Wilson two-sided 95%""}","{""ambiguous"": 1, ""unscorable"": 8}",1,0,1,"{""abstained"": 1}",0,"{""numerator"": 0, ""denominator"": 1, ""estimate"": 0.0, ""ci95"": [0.0, 0.7934506856227626], ""method"": ""Wilson two-sided 95%""}","{""numerator"": 0, ""denominator"": 1, ""estimate"": 0.0, ""ci95"": [0.0, 0.7934506856227626], ""method"": ""Wilson two-sided 95%""}","{""numerator"": 0, ""denominator"": 0, ""estimate"": null, ""ci95"": null}","{""numerator"": 0, ""denominator"": 0, ""estimate"": null, ""ci95"": null}","{""numerator"": 0, ""denominator"": 0, ""estimate"": null, ""ci95"": null}","{""numerator"": 0, ""denominator"": 0, ""estimate"": null, ""ci95"": null}","{""numerator"": 0, ""denominator"": 0, ""estimate"": null, ""ci95"": null}","{""TP"": 0, ""FN"": 0, ""TN"": 0, ""FP"": 0}","{""sensitivity"": {""assigned_class_count"": 1, ""unscored_class_count"": 1, ""identification_bounds"": [0.0, 1.0], ""meaning"": ""Best/worst missing-outcome bounds, not confidence intervals; failures are not diagnostic FN/FP""}, ""specificity"": {""assigned_class_count"": 0, ""unscored_class_count"": 0, ""identification_bounds"": null, ""meaning"": ""Best/worst missing-outcome bounds, not confidence intervals; failures are not diagnostic FN/FP""}}","{""measured_patients"": 0, ""missing_patients"": 1, ""measured_subtotal"": null, ""total"": null}"
evaluation,MR,B,second-reader,gpt-6.1-sol,,mass_lesion,10,"{""numerator"": 10, ""denominator"": 10, ""estimate"": 1.0, ""ci95"": [0.7224672001371107, 0.9999999999999999], ""method"": ""Wilson two-sided 95%""}","{""unscorable"": 9}",1,0,1,"{""abstained"": 1}",0,"{""numerator"": 0, ""denominator"": 1, ""estimate"": 0.0, ""ci95"": [0.0, 0.7934506856227626], ""method"": ""Wilson two-sided 95%""}","{""numerator"": 0, ""denominator"": 1, ""estimate"": 0.0, ""ci95"": [0.0, 0.7934506856227626], ""method"": ""Wilson two-sided 95%""}","{""numerator"": 0, ""denominator"": 0, ""estimate"": null, ""ci95"": null}","{""numerator"": 0, ""denominator"": 0, ""estimate"": null, ""ci95"": null}","{""numerator"": 0, ""denominator"": 0, ""estimate"": null, ""ci95"": null}","{""numerator"": 0, ""denominator"": 0, ""estimate"": null, ""ci95"": null}","{""numerator"": 0, ""denominator"": 0, ""estimate"": null, ""ci95"": null}","{""TP"": 0, ""FN"": 0, ""TN"": 0, ""FP"": 0}","{""sensitivity"": {""assigned_class_count"": 1, ""unscored_class_count"": 1, ""identification_bounds"": [0.0, 1.0], ""meaning"": ""Best/worst missing-outcome bounds, not confidence intervals; failures are not diagnostic FN/FP""}, ""specificity"": {""assigned_class_count"": 0, ""unscored_class_count"": 0, ""identification_bounds"": null, ""meaning"": ""Best/worst missing-outcome bounds, not confidence intervals; failures are not diagnostic FN/FP""}}","{""measured_patients"": 0, ""missing_patients"": 1, ""measured_subtotal"": null, ""total"": null}"
evaluation,MR,B,self-review,gpt-6-astra,,white_matter_signal_abnormality,2,"{""numerator"": 2, ""denominator"": 2, ""estimate"": 1.0, ""ci95"": [0.34238022750665303, 1.0], ""method"": ""Wilson two-sided 95%""}","{""unscorable"": 1}",1,0,1,"{""completed"": 1}",1,"{""numerator"": 1, ""denominator"": 1, ""estimate"": 1.0, ""ci95"": [0.20654931437723745, 1.0], ""method"": ""Wilson two-sided 95%""}","{""numerator"": 1, ""denominator"": 1, ""estimate"": 1.0, ""ci95"": [0.20654931437723745, 1.0], ""method"": ""Wilson two-sided 95%""}","{""numerator"": 1, ""denominator"": 1, ""estimate"": 1.0, ""ci95"": [0.20654931437723745, 1.0], ""method"": ""Wilson two-sided 95%""}","{""numerator"": 1, ""denominator"": 1, ""estimate"": 1.0, ""ci95"": [0.20654931437723745, 1.0], ""method"": ""Wilson two-sided 95%""}","{""numerator"": 0, ""denominator"": 0, ""estimate"": null, ""ci95"": null}","{""numerator"": 0, ""denominator"": 1, ""estimate"": 0.0, ""ci95"": [0.0, 0.7934506856227626], ""method"": ""Wilson two-sided 95%""}","{""numerator"": 0, ""denominator"": 0, ""estimate"": null, ""ci95"": null}","{""TP"": 1, ""FN"": 0, ""TN"": 0, ""FP"": 0}","{""sensitivity"": {""assigned_class_count"": 1, ""unscored_class_count"": 0, ""identification_bounds"": [1.0, 1.0], ""meaning"": ""Best/worst missing-outcome bounds, not confidence intervals; failures are not diagnostic FN/FP""}, ""specificity"": {""assigned_class_count"": 0, ""unscored_class_count"": 0, ""identification_bounds"": null, ""meaning"": ""Best/worst missing-outcome bounds, not confidence intervals; failures are not diagnostic FN/FP""}}","{""measured_patients"": 0, ""missing_patients"": 1, ""measured_subtotal"": null, ""total"": null}"
evaluation,MR,B,self-review,gpt-6-astra,,atrophy,2,"{""numerator"": 2, ""denominator"": 2, ""estimate"": 1.0, ""ci95"": [0.34238022750665303, 1.0], ""method"": ""Wilson two-sided 95%""}","{""unscorable"": 2}",0,0,0,{},0,"{""numerator"": 0, ""denominator"": 0, ""estimate"": null, ""ci95"": null}","{""numerator"": 0, ""denominator"": 0, ""estimate"": null, ""ci95"": null}","{""numerator"": 0, ""denominator"": 0, ""estimate"": null, ""ci95"": null}","{""numerator"": 0, ""denominator"": 0, ""estimate"": null, ""ci95"": null}","{""numerator"": 0, ""denominator"": 0, ""estimate"": null, ""ci95"": null}","{""numerator"": 0, ""denominator"": 0, ""estimate"": null, ""ci95"": null}","{""numerator"": 0, ""denominator"": 0, ""estimate"": null, ""ci95"": null}","{""TP"": 0, ""FN"": 0, ""TN"": 0, ""FP"": 0}","{""sensitivity"": {""assigned_class_count"": 0, ""unscored_class_count"": 0, ""identification_bounds"": null, ""meaning"": ""Best/worst missing-outcome bounds, not confidence intervals; failures are not diagnostic FN/FP""}, ""specificity"": {""assigned_class_count"": 0, ""unscored_class_count"": 0, ""identification_bounds"": null, ""meaning"": ""Best/worst missing-outcome bounds, not confidence intervals; failures are not diagnostic FN/FP""}}","{""measured_patients"": 0, ""missing_patients"": 0, ""measured_subtotal"": null, ""total"": null}"
evaluation,MR,B,self-review,gpt-6-astra,,chronic_infarction,2,"{""numerator"": 2, ""denominator"": 2, ""estimate"": 1.0, ""ci95"": [0.34238022750665303, 1.0], ""method"": ""Wilson two-sided 95%""}","{""ambiguous"": 1}",1,0,1,"{""abstained"": 1}",0,"{""numerator"": 0, ""denominator"": 1, ""estimate"": 0.0, ""ci95"": [0.0, 0.7934506856227626], ""method"": ""Wilson two-sided 95%""}","{""numerator"": 0, ""denominator"": 1, ""estimate"": 0.0, ""ci95"": [0.0, 0.7934506856227626], ""method"": ""Wilson two-sided 95%""}","{""numerator"": 0, ""denominator"": 0, ""estimate"": null, ""ci95"": null}","{""numerator"": 0, ""denominator"": 0, ""estimate"": null, ""ci95"": null}","{""numerator"": 0, ""denominator"": 0, ""estimate"": null, ""ci95"": null}","{""numerator"": 0, ""denominator"": 0, ""estimate"": null, ""ci95"": null}","{""numerator"": 0, ""denominator"": 0, ""estimate"": null, ""ci95"": null}","{""TP"": 0, ""FN"": 0, ""TN"": 0, ""FP"": 0}","{""sensitivity"": {""assigned_class_count"": 1, ""unscored_class_count"": 1, ""identification_bounds"": [0.0, 1.0], ""meaning"": ""Best/worst missing-outcome bounds, not confidence intervals; failures are not diagnostic FN/FP""}, ""specificity"": {""assigned_class_count"": 0, ""unscored_class_count"": 0, ""identification_bounds"": null, ""meaning"": ""Best/worst missing-outcome bounds, not confidence intervals; failures are not diagnostic FN/FP""}}","{""measured_patients"": 0, ""missing_patients"": 1, ""measured_subtotal"": null, ""total"": null}"
evaluation,MR,B,self-review,gpt-6-astra,,mass_lesion,2,"{""numerator"": 2, ""denominator"": 2, ""estimate"": 1.0, ""ci95"": [0.34238022750665303, 1.0], ""method"": ""Wilson two-sided 95%""}","{""unscorable"": 1}",1,0,1,"{""completed"": 1}",1,"{""numerator"": 1, ""denominator"": 1, ""estimate"": 1.0, ""ci95"": [0.20654931437723745, 1.0], ""method"": ""Wilson two-sided 95%""}","{""numerator"": 0, ""denominator"": 1, ""estimate"": 0.0, ""ci95"": [0.0, 0.7934506856227626], ""method"": ""Wilson two-sided 95%""}","{""numerator"": 0, ""denominator"": 1, ""estimate"": 0.0, ""ci95"": [0.0, 0.7934506856227626], ""method"": ""Wilson two-sided 95%""}","{""numerator"": 0, ""denominator"": 1, ""estimate"": 0.0, ""ci95"": [0.0, 0.7934506856227626], ""method"": ""Wilson two-sided 95%""}","{""numerator"": 0, ""denominator"": 0, ""estimate"": null, ""ci95"": null}","{""numerator"": 1, ""denominator"": 1, ""estimate"": 1.0, ""ci95"": [0.20654931437723745, 1.0], ""method"": ""Wilson two-sided 95%""}","{""numerator"": 0, ""denominator"": 0, ""estimate"": null, ""ci95"": null}","{""TP"": 0, ""FN"": 1, ""TN"": 0, ""FP"": 0}","{""sensitivity"": {""assigned_class_count"": 1, ""unscored_class_count"": 0, ""identification_bounds"": [0.0, 0.0], ""meaning"": ""Best/worst missing-outcome bounds, not confidence intervals; failures are not diagnostic FN/FP""}, ""specificity"": {""assigned_class_count"": 0, ""unscored_class_count"": 0, ""identification_bounds"": null, ""meaning"": ""Best/worst missing-outcome bounds, not confidence intervals; failures are not diagnostic FN/FP""}}","{""measured_patients"": 0, ""missing_patients"": 1, ""measured_subtotal"": null, ""total"": null}"
evaluation,MR,B,self-review,gpt-6-luna,,white_matter_signal_abnormality,2,"{""numerator"": 2, ""denominator"": 2, ""estimate"": 1.0, ""ci95"": [0.34238022750665303, 1.0], ""method"": ""Wilson two-sided 95%""}","{""unscorable"": 1}",1,0,1,"{""completed"": 1}",1,"{""numerator"": 1, ""denominator"": 1, ""estimate"": 1.0, ""ci95"": [0.20654931437723745, 1.0], ""method"": ""Wilson two-sided 95%""}","{""numerator"": 1, ""denominator"": 1, ""estimate"": 1.0, ""ci95"": [0.20654931437723745, 1.0], ""method"": ""Wilson two-sided 95%""}","{""numerator"": 1, ""denominator"": 1, ""estimate"": 1.0, ""ci95"": [0.20654931437723745, 1.0], ""method"": ""Wilson two-sided 95%""}","{""numerator"": 1, ""denominator"": 1, ""estimate"": 1.0, ""ci95"": [0.20654931437723745, 1.0], ""method"": ""Wilson two-sided 95%""}","{""numerator"": 0, ""denominator"": 0, ""estimate"": null, ""ci95"": null}","{""numerator"": 0, ""denominator"": 1, ""estimate"": 0.0, ""ci95"": [0.0, 0.7934506856227626], ""method"": ""Wilson two-sided 95%""}","{""numerator"": 0, ""denominator"": 0, ""estimate"": null, ""ci95"": null}","{""TP"": 1, ""FN"": 0, ""TN"": 0, ""FP"": 0}","{""sensitivity"": {""assigned_class_count"": 1, ""unscored_class_count"": 0, ""identification_bounds"": [1.0, 1.0], ""meaning"": ""Best/worst missing-outcome bounds, not confidence intervals; failures are not diagnostic FN/FP""}, ""specificity"": {""assigned_class_count"": 0, ""unscored_class_count"": 0, ""identification_bounds"": null, ""meaning"": ""Best/worst missing-outcome bounds, not confidence intervals; failures are not diagnostic FN/FP""}}","{""measured_patients"": 0, ""missing_patients"": 1, ""measured_subtotal"": null, ""total"": null}"
evaluation,MR,B,self-review,gpt-6-luna,,atrophy,2,"{""numerator"": 2, ""denominator"": 2, ""estimate"": 1.0, ""ci95"": [0.34238022750665303, 1.0], ""method"": ""Wilson two-sided 95%""}","{""unscorable"": 2}",0,0,0,{},0,"{""numerator"": 0, ""denominator"": 0, ""estimate"": null, ""ci95"": null}","{""numerator"": 0, ""denominator"": 0, ""estimate"": null, ""ci95"": null}","{""numerator"": 0, ""denominator"": 0, ""estimate"": null, ""ci95"": null}","{""numerator"": 0, ""denominator"": 0, ""estimate"": null, ""ci95"": null}","{""numerator"": 0, ""denominator"": 0, ""estimate"": null, ""ci95"": null}","{""numerator"": 0, ""denominator"": 0, ""estimate"": null, ""ci95"": null}","{""numerator"": 0, ""denominator"": 0, ""estimate"": null, ""ci95"": null}","{""TP"": 0, ""FN"": 0, ""TN"": 0, ""FP"": 0}","{""sensitivity"": {""assigned_class_count"": 0, ""unscored_class_count"": 0, ""identification_bounds"": null, ""meaning"": ""Best/worst missing-outcome bounds, not confidence intervals; failures are not diagnostic FN/FP""}, ""specificity"": {""assigned_class_count"": 0, ""unscored_class_count"": 0, ""identification_bounds"": null, ""meaning"": ""Best/worst missing-outcome bounds, not confidence intervals; failures are not diagnostic FN/FP""}}","{""measured_patients"": 0, ""missing_patients"": 0, ""measured_subtotal"": null, ""total"": null}"
evaluation,MR,B,self-review,gpt-6-luna,,chronic_infarction,2,"{""numerator"": 2, ""denominator"": 2, ""estimate"": 1.0, ""ci95"": [0.34238022750665303, 1.0], ""method"": ""Wilson two-sided 95%""}","{""ambiguous"": 1}",1,0,1,"{""completed"": 1}",1,"{""numerator"": 1, ""denominator"": 1, ""estimate"": 1.0, ""ci95"": [0.20654931437723745, 1.0], ""method"": ""Wilson two-sided 95%""}","{""numerator"": 0, ""denominator"": 1, ""estimate"": 0.0, ""ci95"": [0.0, 0.7934506856227626], ""method"": ""Wilson two-sided 95%""}","{""numerator"": 0, ""denominator"": 1, ""estimate"": 0.0, ""ci95"": [0.0, 0.7934506856227626], ""method"": ""Wilson two-sided 95%""}","{""numerator"": 0, ""denominator"": 1, ""estimate"": 0.0, ""ci95"": [0.0, 0.7934506856227626], ""method"": ""Wilson two-sided 95%""}","{""numerator"": 0, ""denominator"": 0, ""estimate"": null, ""ci95"": null}","{""numerator"": 1, ""denominator"": 1, ""estimate"": 1.0, ""ci95"": [0.20654931437723745, 1.0], ""method"": ""Wilson two-sided 95%""}","{""numerator"": 0, ""denominator"": 0, ""estimate"": null, ""ci95"": null}","{""TP"": 0, ""FN"": 1, ""TN"": 0, ""FP"": 0}","{""sensitivity"": {""assigned_class_count"": 1, ""unscored_class_count"": 0, ""identification_bounds"": [0.0, 0.0], ""meaning"": ""Best/worst missing-outcome bounds, not confidence intervals; failures are not diagnostic FN/FP""}, ""specificity"": {""assigned_class_count"": 0, ""unscored_class_count"": 0, ""identification_bounds"": null, ""meaning"": ""Best/worst missing-outcome bounds, not confidence intervals; failures are not diagnostic FN/FP""}}","{""measured_patients"": 0, ""missing_patients"": 1, ""measured_subtotal"": null, ""total"": null}"
evaluation,MR,B,self-review,gpt-6-luna,,mass_lesion,2,"{""numerator"": 2, ""denominator"": 2, ""estimate"": 1.0, ""ci95"": [0.34238022750665303, 1.0], ""method"": ""Wilson two-sided 95%""}","{""unscorable"": 1}",1,0,1,"{""completed"": 1}",1,"{""numerator"": 1, ""denominator"": 1, ""estimate"": 1.0, ""ci95"": [0.20654931437723745, 1.0], ""method"": ""Wilson two-sided 95%""}","{""numerator"": 0, ""denominator"": 1, ""estimate"": 0.0, ""ci95"": [0.0, 0.7934506856227626], ""method"": ""Wilson two-sided 95%""}","{""numerator"": 0, ""denominator"": 1, ""estimate"": 0.0, ""ci95"": [0.0, 0.7934506856227626], ""method"": ""Wilson two-sided 95%""}","{""numerator"": 0, ""denominator"": 1, ""estimate"": 0.0, ""ci95"": [0.0, 0.7934506856227626], ""method"": ""Wilson two-sided 95%""}","{""numerator"": 0, ""denominator"": 0, ""estimate"": null, ""ci95"": null}","{""numerator"": 1, ""denominator"": 1, ""estimate"": 1.0, ""ci95"": [0.20654931437723745, 1.0], ""method"": ""Wilson two-sided 95%""}","{""numerator"": 0, ""denominator"": 0, ""estimate"": null, ""ci95"": null}","{""TP"": 0, ""FN"": 1, ""TN"": 0, ""FP"": 0}","{""sensitivity"": {""assigned_class_count"": 1, ""unscored_class_count"": 0, ""identification_bounds"": [0.0, 0.0], ""meaning"": ""Best/worst missing-outcome bounds, not confidence intervals; failures are not diagnostic FN/FP""}, ""specificity"": {""assigned_class_count"": 0, ""unscored_class_count"": 0, ""identification_bounds"": null, ""meaning"": ""Best/worst missing-outcome bounds, not confidence intervals; failures are not diagnostic FN/FP""}}","{""measured_patients"": 0, ""missing_patients"": 1, ""measured_subtotal"": null, ""total"": null}"
evaluation,MR,B,self-review,gpt-6.1-sol,,white_matter_signal_abnormality,2,"{""numerator"": 2, ""denominator"": 2, ""estimate"": 1.0, ""ci95"": [0.34238022750665303, 1.0], ""method"": ""Wilson two-sided 95%""}","{""unscorable"": 1}",1,0,1,"{""completed"": 1}",1,"{""numerator"": 1, ""denominator"": 1, ""estimate"": 1.0, ""ci95"": [0.20654931437723745, 1.0], ""method"": ""Wilson two-sided 95%""}","{""numerator"": 1, ""denominator"": 1, ""estimate"": 1.0, ""ci95"": [0.20654931437723745, 1.0], ""method"": ""Wilson two-sided 95%""}","{""numerator"": 1, ""denominator"": 1, ""estimate"": 1.0, ""ci95"": [0.20654931437723745, 1.0], ""method"": ""Wilson two-sided 95%""}","{""numerator"": 1, ""denominator"": 1, ""estimate"": 1.0, ""ci95"": [0.20654931437723745, 1.0], ""method"": ""Wilson two-sided 95%""}","{""numerator"": 0, ""denominator"": 0, ""estimate"": null, ""ci95"": null}","{""numerator"": 0, ""denominator"": 1, ""estimate"": 0.0, ""ci95"": [0.0, 0.7934506856227626], ""method"": ""Wilson two-sided 95%""}","{""numerator"": 0, ""denominator"": 0, ""estimate"": null, ""ci95"": null}","{""TP"": 1, ""FN"": 0, ""TN"": 0, ""FP"": 0}","{""sensitivity"": {""assigned_class_count"": 1, ""unscored_class_count"": 0, ""identification_bounds"": [1.0, 1.0], ""meaning"": ""Best/worst missing-outcome bounds, not confidence intervals; failures are not diagnostic FN/FP""}, ""specificity"": {""assigned_class_count"": 0, ""unscored_class_count"": 0, ""identification_bounds"": null, ""meaning"": ""Best/worst missing-outcome bounds, not confidence intervals; failures are not diagnostic FN/FP""}}","{""measured_patients"": 0, ""missing_patients"": 1, ""measured_subtotal"": null, ""total"": null}"
evaluation,MR,B,self-review,gpt-6.1-sol,,atrophy,2,"{""numerator"": 2, ""denominator"": 2, ""estimate"": 1.0, ""ci95"": [0.34238022750665303, 1.0], ""method"": ""Wilson two-sided 95%""}","{""unscorable"": 2}",0,0,0,{},0,"{""numerator"": 0, ""denominator"": 0, ""estimate"": null, ""ci95"": null}","{""numerator"": 0, ""denominator"": 0, ""estimate"": null, ""ci95"": null}","{""numerator"": 0, ""denominator"": 0, ""estimate"": null, ""ci95"": null}","{""numerator"": 0, ""denominator"": 0, ""estimate"": null, ""ci95"": null}","{""numerator"": 0, ""denominator"": 0, ""estimate"": null, ""ci95"": null}","{""numerator"": 0, ""denominator"": 0, ""estimate"": null, ""ci95"": null}","{""numerator"": 0, ""denominator"": 0, ""estimate"": null, ""ci95"": null}","{""TP"": 0, ""FN"": 0, ""TN"": 0, ""FP"": 0}","{""sensitivity"": {""assigned_class_count"": 0, ""unscored_class_count"": 0, ""identification_bounds"": null, ""meaning"": ""Best/worst missing-outcome bounds, not confidence intervals; failures are not diagnostic FN/FP""}, ""specificity"": {""assigned_class_count"": 0, ""unscored_class_count"": 0, ""identification_bounds"": null, ""meaning"": ""Best/worst missing-outcome bounds, not confidence intervals; failures are not diagnostic FN/FP""}}","{""measured_patients"": 0, ""missing_patients"": 0, ""measured_subtotal"": null, ""total"": null}"
evaluation,MR,B,self-review,gpt-6.1-sol,,chronic_infarction,2,"{""numerator"": 2, ""denominator"": 2, ""estimate"": 1.0, ""ci95"": [0.34238022750665303, 1.0], ""method"": ""Wilson two-sided 95%""}","{""ambiguous"": 1}",1,0,1,"{""abstained"": 1}",0,"{""numerator"": 0, ""denominator"": 1, ""estimate"": 0.0, ""ci95"": [0.0, 0.7934506856227626], ""method"": ""Wilson two-sided 95%""}","{""numerator"": 0, ""denominator"": 1, ""estimate"": 0.0, ""ci95"": [0.0, 0.7934506856227626], ""method"": ""Wilson two-sided 95%""}","{""numerator"": 0, ""denominator"": 0, ""estimate"": null, ""ci95"": null}","{""numerator"": 0, ""denominator"": 0, ""estimate"": null, ""ci95"": null}","{""numerator"": 0, ""denominator"": 0, ""estimate"": null, ""ci95"": null}","{""numerator"": 0, ""denominator"": 0, ""estimate"": null, ""ci95"": null}","{""numerator"": 0, ""denominator"": 0, ""estimate"": null, ""ci95"": null}","{""TP"": 0, ""FN"": 0, ""TN"": 0, ""FP"": 0}","{""sensitivity"": {""assigned_class_count"": 1, ""unscored_class_count"": 1, ""identification_bounds"": [0.0, 1.0], ""meaning"": ""Best/worst missing-outcome bounds, not confidence intervals; failures are not diagnostic FN/FP""}, ""specificity"": {""assigned_class_count"": 0, ""unscored_class_count"": 0, ""identification_bounds"": null, ""meaning"": ""Best/worst missing-outcome bounds, not confidence intervals; failures are not diagnostic FN/FP""}}","{""measured_patients"": 0, ""missing_patients"": 1, ""measured_subtotal"": null, ""total"": null}"
evaluation,MR,B,self-review,gpt-6.1-sol,,mass_lesion,2,"{""numerator"": 2, ""denominator"": 2, ""estimate"": 1.0, ""ci95"": [0.34238022750665303, 1.0], ""method"": ""Wilson two-sided 95%""}","{""unscorable"": 1}",1,0,1,"{""abstained"": 1}",0,"{""numerator"": 0, ""denominator"": 1, ""estimate"": 0.0, ""ci95"": [0.0, 0.7934506856227626], ""method"": ""Wilson two-sided 95%""}","{""numerator"": 0, ""denominator"": 1, ""estimate"": 0.0, ""ci95"": [0.0, 0.7934506856227626], ""method"": ""Wilson two-sided 95%""}","{""numerator"": 0, ""denominator"": 0, ""estimate"": null, ""ci95"": null}","{""numerator"": 0, ""denominator"": 0, ""estimate"": null, ""ci95"": null}","{""numerator"": 0, ""denominator"": 0, ""estimate"": null, ""ci95"": null}","{""numerator"": 0, ""denominator"": 0, ""estimate"": null, ""ci95"": null}","{""numerator"": 0, ""denominator"": 0, ""estimate"": null, ""ci95"": null}","{""TP"": 0, ""FN"": 0, ""TN"": 0, ""FP"": 0}","{""sensitivity"": {""assigned_class_count"": 1, ""unscored_class_count"": 1, ""identification_bounds"": [0.0, 1.0], ""meaning"": ""Best/worst missing-outcome bounds, not confidence intervals; failures are not diagnostic FN/FP""}, ""specificity"": {""assigned_class_count"": 0, ""unscored_class_count"": 0, ""identification_bounds"": null, ""meaning"": ""Best/worst missing-outcome bounds, not confidence intervals; failures are not diagnostic FN/FP""}}","{""measured_patients"": 0, ""missing_patients"": 1, ""measured_subtotal"": null, ""total"": null}"
fresh-validation,CT,B,primary,google/medgemma-1.5-4b-it,,pleural_effusion,10,"{""numerator"": 6, ""denominator"": 10, ""estimate"": 0.6, ""ci95"": [0.31267376973365824, 0.8318196702937638], ""method"": ""Wilson two-sided 95%""}","{""unscorable"": 5}",0,5,5,"{""invalid_output"": 2, ""completed"": 3}",3,"{""numerator"": 3, ""denominator"": 5, ""estimate"": 0.6, ""ci95"": [0.2307242812760128, 0.882379225767352], ""method"": ""Wilson two-sided 95%""}","{""numerator"": 3, ""denominator"": 5, ""estimate"": 0.6, ""ci95"": [0.2307242812760128, 0.882379225767352], ""method"": ""Wilson two-sided 95%""}","{""numerator"": 3, ""denominator"": 3, ""estimate"": 1.0, ""ci95"": [0.4385029682449546, 1.0], ""method"": ""Wilson two-sided 95%""}","{""numerator"": 0, ""denominator"": 0, ""estimate"": null, ""ci95"": null}","{""numerator"": 3, ""denominator"": 3, ""estimate"": 1.0, ""ci95"": [0.4385029682449546, 1.0], ""method"": ""Wilson two-sided 95%""}","{""numerator"": 0, ""denominator"": 0, ""estimate"": null, ""ci95"": null}","{""numerator"": 0, ""denominator"": 3, ""estimate"": 0.0, ""ci95"": [5.551115123125783e-17, 0.5614970317550454], ""method"": ""Wilson two-sided 95%""}","{""TP"": 0, ""FN"": 0, ""TN"": 3, ""FP"": 0}","{""sensitivity"": {""assigned_class_count"": 0, ""unscored_class_count"": 0, ""identification_bounds"": null, ""meaning"": ""Best/worst missing-outcome bounds, not confidence intervals; failures are not diagnostic FN/FP""}, ""specificity"": {""assigned_class_count"": 5, ""unscored_class_count"": 2, ""identification_bounds"": [0.6, 1.0], ""meaning"": ""Best/worst missing-outcome bounds, not confidence intervals; failures are not diagnostic FN/FP""}}","{""measured_patients"": 0, ""missing_patients"": 5, ""measured_subtotal"": null, ""total"": null}"
fresh-validation,CT,B,primary,google/medgemma-1.5-4b-it,,pulmonary_nodule,10,"{""numerator"": 6, ""denominator"": 10, ""estimate"": 0.6, ""ci95"": [0.31267376973365824, 0.8318196702937638], ""method"": ""Wilson two-sided 95%""}","{""unscorable"": 8, ""ambiguous"": 1}",1,0,1,"{""completed"": 1}",1,"{""numerator"": 1, ""denominator"": 1, ""estimate"": 1.0, ""ci95"": [0.20654931437723745, 1.0], ""method"": ""Wilson two-sided 95%""}","{""numerator"": 0, ""denominator"": 1, ""estimate"": 0.0, ""ci95"": [0.0, 0.7934506856227626], ""method"": ""Wilson two-sided 95%""}","{""numerator"": 0, ""denominator"": 1, ""estimate"": 0.0, ""ci95"": [0.0, 0.7934506856227626], ""method"": ""Wilson two-sided 95%""}","{""numerator"": 0, ""denominator"": 1, ""estimate"": 0.0, ""ci95"": [0.0, 0.7934506856227626], ""method"": ""Wilson two-sided 95%""}","{""numerator"": 0, ""denominator"": 0, ""estimate"": null, ""ci95"": null}","{""numerator"": 1, ""denominator"": 1, ""estimate"": 1.0, ""ci95"": [0.20654931437723745, 1.0], ""method"": ""Wilson two-sided 95%""}","{""numerator"": 0, ""denominator"": 0, ""estimate"": null, ""ci95"": null}","{""TP"": 0, ""FN"": 1, ""TN"": 0, ""FP"": 0}","{""sensitivity"": {""assigned_class_count"": 1, ""unscored_class_count"": 0, ""identification_bounds"": [0.0, 0.0], ""meaning"": ""Best/worst missing-outcome bounds, not confidence intervals; failures are not diagnostic FN/FP""}, ""specificity"": {""assigned_class_count"": 0, ""unscored_class_count"": 0, ""identification_bounds"": null, ""meaning"": ""Best/worst missing-outcome bounds, not confidence intervals; failures are not diagnostic FN/FP""}}","{""measured_patients"": 0, ""missing_patients"": 1, ""measured_subtotal"": null, ""total"": null}"
fresh-validation,CT,B,primary,google/medgemma-1.5-4b-it,,consolidation,10,"{""numerator"": 6, ""denominator"": 10, ""estimate"": 0.6, ""ci95"": [0.31267376973365824, 0.8318196702937638], ""method"": ""Wilson two-sided 95%""}","{""unscorable"": 8}",2,0,2,"{""completed"": 2}",2,"{""numerator"": 2, ""denominator"": 2, ""estimate"": 1.0, ""ci95"": [0.34238022750665303, 1.0], ""method"": ""Wilson two-sided 95%""}","{""numerator"": 1, ""denominator"": 2, ""estimate"": 0.5, ""ci95"": [0.09453120573423074, 0.9054687942657693], ""method"": ""Wilson two-sided 95%""}","{""numerator"": 1, ""denominator"": 2, ""estimate"": 0.5, ""ci95"": [0.09453120573423074, 0.9054687942657693], ""method"": ""Wilson two-sided 95%""}","{""numerator"": 1, ""denominator"": 2, ""estimate"": 0.5, ""ci95"": [0.09453120573423074, 0.9054687942657693], ""method"": ""Wilson two-sided 95%""}","{""numerator"": 0, ""denominator"": 0, ""estimate"": null, ""ci95"": null}","{""numerator"": 1, ""denominator"": 2, ""estimate"": 0.5, ""ci95"": [0.09453120573423074, 0.9054687942657693], ""method"": ""Wilson two-sided 95%""}","{""numerator"": 0, ""denominator"": 0, ""estimate"": null, ""ci95"": null}","{""TP"": 1, ""FN"": 1, ""TN"": 0, ""FP"": 0}","{""sensitivity"": {""assigned_class_count"": 2, ""unscored_class_count"": 0, ""identification_bounds"": [0.5, 0.5], ""meaning"": ""Best/worst missing-outcome bounds, not confidence intervals; failures are not diagnostic FN/FP""}, ""specificity"": {""assigned_class_count"": 0, ""unscored_class_count"": 0, ""identification_bounds"": null, ""meaning"": ""Best/worst missing-outcome bounds, not confidence intervals; failures are not diagnostic FN/FP""}}","{""measured_patients"": 0, ""missing_patients"": 2, ""measured_subtotal"": null, ""total"": null}"
fresh-validation,CT,B,primary,google/medgemma-1.5-4b-it,,emphysema,10,"{""numerator"": 6, ""denominator"": 10, ""estimate"": 0.6, ""ci95"": [0.31267376973365824, 0.8318196702937638], ""method"": ""Wilson two-sided 95%""}","{""unscorable"": 9, ""ambiguous"": 1}",0,0,0,{},0,"{""numerator"": 0, ""denominator"": 0, ""estimate"": null, ""ci95"": null}","{""numerator"": 0, ""denominator"": 0, ""estimate"": null, ""ci95"": null}","{""numerator"": 0, ""denominator"": 0, ""estimate"": null, ""ci95"": null}","{""numerator"": 0, ""denominator"": 0, ""estimate"": null, ""ci95"": null}","{""numerator"": 0, ""denominator"": 0, ""estimate"": null, ""ci95"": null}","{""numerator"": 0, ""denominator"": 0, ""estimate"": null, ""ci95"": null}","{""numerator"": 0, ""denominator"": 0, ""estimate"": null, ""ci95"": null}","{""TP"": 0, ""FN"": 0, ""TN"": 0, ""FP"": 0}","{""sensitivity"": {""assigned_class_count"": 0, ""unscored_class_count"": 0, ""identification_bounds"": null, ""meaning"": ""Best/worst missing-outcome bounds, not confidence intervals; failures are not diagnostic FN/FP""}, ""specificity"": {""assigned_class_count"": 0, ""unscored_class_count"": 0, ""identification_bounds"": null, ""meaning"": ""Best/worst missing-outcome bounds, not confidence intervals; failures are not diagnostic FN/FP""}}","{""measured_patients"": 0, ""missing_patients"": 0, ""measured_subtotal"": null, ""total"": null}"
fresh-validation,CT,B,primary,gpt-6.1-sol,,pleural_effusion,10,"{""numerator"": 10, ""denominator"": 10, ""estimate"": 1.0, ""ci95"": [0.7224672001371107, 0.9999999999999999], ""method"": ""Wilson two-sided 95%""}","{""unscorable"": 5}",0,5,5,"{""completed"": 5}",5,"{""numerator"": 5, ""denominator"": 5, ""estimate"": 1.0, ""ci95"": [0.5655175352168251, 1.0], ""method"": ""Wilson two-sided 95%""}","{""numerator"": 5, ""denominator"": 5, ""estimate"": 1.0, ""ci95"": [0.5655175352168251, 1.0], ""method"": ""Wilson two-sided 95%""}","{""numerator"": 5, ""denominator"": 5, ""estimate"": 1.0, ""ci95"": [0.5655175352168251, 1.0], ""method"": ""Wilson two-sided 95%""}","{""numerator"": 0, ""denominator"": 0, ""estimate"": null, ""ci95"": null}","{""numerator"": 5, ""denominator"": 5, ""estimate"": 1.0, ""ci95"": [0.5655175352168251, 1.0], ""method"": ""Wilson two-sided 95%""}","{""numerator"": 0, ""denominator"": 0, ""estimate"": null, ""ci95"": null}","{""numerator"": 0, ""denominator"": 5, ""estimate"": 0.0, ""ci95"": [0.0, 0.43448246478317476], ""method"": ""Wilson two-sided 95%""}","{""TP"": 0, ""FN"": 0, ""TN"": 5, ""FP"": 0}","{""sensitivity"": {""assigned_class_count"": 0, ""unscored_class_count"": 0, ""identification_bounds"": null, ""meaning"": ""Best/worst missing-outcome bounds, not confidence intervals; failures are not diagnostic FN/FP""}, ""specificity"": {""assigned_class_count"": 5, ""unscored_class_count"": 0, ""identification_bounds"": [1.0, 1.0], ""meaning"": ""Best/worst missing-outcome bounds, not confidence intervals; failures are not diagnostic FN/FP""}}","{""measured_patients"": 0, ""missing_patients"": 5, ""measured_subtotal"": null, ""total"": null}"
fresh-validation,CT,B,primary,gpt-6.1-sol,,pulmonary_nodule,10,"{""numerator"": 10, ""denominator"": 10, ""estimate"": 1.0, ""ci95"": [0.7224672001371107, 0.9999999999999999], ""method"": ""Wilson two-sided 95%""}","{""unscorable"": 8, ""ambiguous"": 1}",1,0,1,"{""input_insufficient"": 1}",0,"{""numerator"": 0, ""denominator"": 1, ""estimate"": 0.0, ""ci95"": [0.0, 0.7934506856227626], ""method"": ""Wilson two-sided 95%""}","{""numerator"": 0, ""denominator"": 1, ""estimate"": 0.0, ""ci95"": [0.0, 0.7934506856227626], ""method"": ""Wilson two-sided 95%""}","{""numerator"": 0, ""denominator"": 0, ""estimate"": null, ""ci95"": null}","{""numerator"": 0, ""denominator"": 0, ""estimate"": null, ""ci95"": null}","{""numerator"": 0, ""denominator"": 0, ""estimate"": null, ""ci95"": null}","{""numerator"": 0, ""denominator"": 0, ""estimate"": null, ""ci95"": null}","{""numerator"": 0, ""denominator"": 0, ""estimate"": null, ""ci95"": null}","{""TP"": 0, ""FN"": 0, ""TN"": 0, ""FP"": 0}","{""sensitivity"": {""assigned_class_count"": 1, ""unscored_class_count"": 1, ""identification_bounds"": [0.0, 1.0], ""meaning"": ""Best/worst missing-outcome bounds, not confidence intervals; failures are not diagnostic FN/FP""}, ""specificity"": {""assigned_class_count"": 0, ""unscored_class_count"": 0, ""identification_bounds"": null, ""meaning"": ""Best/worst missing-outcome bounds, not confidence intervals; failures are not diagnostic FN/FP""}}","{""measured_patients"": 0, ""missing_patients"": 1, ""measured_subtotal"": null, ""total"": null}"
fresh-validation,CT,B,primary,gpt-6.1-sol,,consolidation,10,"{""numerator"": 10, ""denominator"": 10, ""estimate"": 1.0, ""ci95"": [0.7224672001371107, 0.9999999999999999], ""method"": ""Wilson two-sided 95%""}","{""unscorable"": 8}",2,0,2,"{""abstained"": 1, ""completed"": 1}",1,"{""numerator"": 1, ""denominator"": 2, ""estimate"": 0.5, ""ci95"": [0.09453120573423074, 0.9054687942657693], ""method"": ""Wilson two-sided 95%""}","{""numerator"": 1, ""denominator"": 2, ""estimate"": 0.5, ""ci95"": [0.09453120573423074, 0.9054687942657693], ""method"": ""Wilson two-sided 95%""}","{""numerator"": 1, ""denominator"": 1, ""estimate"": 1.0, ""ci95"": [0.20654931437723745, 1.0], ""method"": ""Wilson two-sided 95%""}","{""numerator"": 1, ""denominator"": 1, ""estimate"": 1.0, ""ci95"": [0.20654931437723745, 1.0], ""method"": ""Wilson two-sided 95%""}","{""numerator"": 0, ""denominator"": 0, ""estimate"": null, ""ci95"": null}","{""numerator"": 0, ""denominator"": 1, ""estimate"": 0.0, ""ci95"": [0.0, 0.7934506856227626], ""method"": ""Wilson two-sided 95%""}","{""numerator"": 0, ""denominator"": 0, ""estimate"": null, ""ci95"": null}","{""TP"": 1, ""FN"": 0, ""TN"": 0, ""FP"": 0}","{""sensitivity"": {""assigned_class_count"": 2, ""unscored_class_count"": 1, ""identification_bounds"": [0.5, 1.0], ""meaning"": ""Best/worst missing-outcome bounds, not confidence intervals; failures are not diagnostic FN/FP""}, ""specificity"": {""assigned_class_count"": 0, ""unscored_class_count"": 0, ""identification_bounds"": null, ""meaning"": ""Best/worst missing-outcome bounds, not confidence intervals; failures are not diagnostic FN/FP""}}","{""measured_patients"": 0, ""missing_patients"": 2, ""measured_subtotal"": null, ""total"": null}"
fresh-validation,CT,B,primary,gpt-6.1-sol,,emphysema,10,"{""numerator"": 10, ""denominator"": 10, ""estimate"": 1.0, ""ci95"": [0.7224672001371107, 0.9999999999999999], ""method"": ""Wilson two-sided 95%""}","{""unscorable"": 9, ""ambiguous"": 1}",0,0,0,{},0,"{""numerator"": 0, ""denominator"": 0, ""estimate"": null, ""ci95"": null}","{""numerator"": 0, ""denominator"": 0, ""estimate"": null, ""ci95"": null}","{""numerator"": 0, ""denominator"": 0, ""estimate"": null, ""ci95"": null}","{""numerator"": 0, ""denominator"": 0, ""estimate"": null, ""ci95"": null}","{""numerator"": 0, ""denominator"": 0, ""estimate"": null, ""ci95"": null}","{""numerator"": 0, ""denominator"": 0, ""estimate"": null, ""ci95"": null}","{""numerator"": 0, ""denominator"": 0, ""estimate"": null, ""ci95"": null}","{""TP"": 0, ""FN"": 0, ""TN"": 0, ""FP"": 0}","{""sensitivity"": {""assigned_class_count"": 0, ""unscored_class_count"": 0, ""identification_bounds"": null, ""meaning"": ""Best/worst missing-outcome bounds, not confidence intervals; failures are not diagnostic FN/FP""}, ""specificity"": {""assigned_class_count"": 0, ""unscored_class_count"": 0, ""identification_bounds"": null, ""meaning"": ""Best/worst missing-outcome bounds, not confidence intervals; failures are not diagnostic FN/FP""}}","{""measured_patients"": 0, ""missing_patients"": 0, ""measured_subtotal"": null, ""total"": null}"
fresh-validation,CXR,B,primary,google/medgemma-1.5-4b-it,,pleural_effusion,10,"{""numerator"": 10, ""denominator"": 10, ""estimate"": 1.0, ""ci95"": [0.7224672001371107, 0.9999999999999999], ""method"": ""Wilson two-sided 95%""}","{""ambiguous"": 4}",0,6,6,"{""completed"": 6}",6,"{""numerator"": 6, ""denominator"": 6, ""estimate"": 1.0, ""ci95"": [0.6096657120978346, 1.0], ""method"": ""Wilson two-sided 95%""}","{""numerator"": 6, ""denominator"": 6, ""estimate"": 1.0, ""ci95"": [0.6096657120978346, 1.0], ""method"": ""Wilson two-sided 95%""}","{""numerator"": 6, ""denominator"": 6, ""estimate"": 1.0, ""ci95"": [0.6096657120978346, 1.0], ""method"": ""Wilson two-sided 95%""}","{""numerator"": 0, ""denominator"": 0, ""estimate"": null, ""ci95"": null}","{""numerator"": 6, ""denominator"": 6, ""estimate"": 1.0, ""ci95"": [0.6096657120978346, 1.0], ""method"": ""Wilson two-sided 95%""}","{""numerator"": 0, ""denominator"": 0, ""estimate"": null, ""ci95"": null}","{""numerator"": 0, ""denominator"": 6, ""estimate"": 0.0, ""ci95"": [2.7755575615628914e-17, 0.3903342879021653], ""method"": ""Wilson two-sided 95%""}","{""TP"": 0, ""FN"": 0, ""TN"": 6, ""FP"": 0}","{""sensitivity"": {""assigned_class_count"": 0, ""unscored_class_count"": 0, ""identification_bounds"": null, ""meaning"": ""Best/worst missing-outcome bounds, not confidence intervals; failures are not diagnostic FN/FP""}, ""specificity"": {""assigned_class_count"": 6, ""unscored_class_count"": 0, ""identification_bounds"": [1.0, 1.0], ""meaning"": ""Best/worst missing-outcome bounds, not confidence intervals; failures are not diagnostic FN/FP""}}","{""measured_patients"": 0, ""missing_patients"": 6, ""measured_subtotal"": null, ""total"": null}"
fresh-validation,CXR,B,primary,google/medgemma-1.5-4b-it,,pneumothorax,10,"{""numerator"": 10, ""denominator"": 10, ""estimate"": 1.0, ""ci95"": [0.7224672001371107, 0.9999999999999999], ""method"": ""Wilson two-sided 95%""}","{""unscorable"": 2, ""ambiguous"": 1}",0,7,7,"{""completed"": 7}",7,"{""numerator"": 7, ""denominator"": 7, ""estimate"": 1.0, ""ci95"": [0.6456695649333126, 1.0], ""method"": ""Wilson two-sided 95%""}","{""numerator"": 7, ""denominator"": 7, ""estimate"": 1.0, ""ci95"": [0.6456695649333126, 1.0], ""method"": ""Wilson two-sided 95%""}","{""numerator"": 7, ""denominator"": 7, ""estimate"": 1.0, ""ci95"": [0.6456695649333126, 1.0], ""method"": ""Wilson two-sided 95%""}","{""numerator"": 0, ""denominator"": 0, ""estimate"": null, ""ci95"": null}","{""numerator"": 7, ""denominator"": 7, ""estimate"": 1.0, ""ci95"": [0.6456695649333126, 1.0], ""method"": ""Wilson two-sided 95%""}","{""numerator"": 0, ""denominator"": 0, ""estimate"": null, ""ci95"": null}","{""numerator"": 0, ""denominator"": 7, ""estimate"": 0.0, ""ci95"": [5.551115123125783e-17, 0.35433043506668743], ""method"": ""Wilson two-sided 95%""}","{""TP"": 0, ""FN"": 0, ""TN"": 7, ""FP"": 0}","{""sensitivity"": {""assigned_class_count"": 0, ""unscored_class_count"": 0, ""identification_bounds"": null, ""meaning"": ""Best/worst missing-outcome bounds, not confidence intervals; failures are not diagnostic FN/FP""}, ""specificity"": {""assigned_class_count"": 7, ""unscored_class_count"": 0, ""identification_bounds"": [1.0, 1.0], ""meaning"": ""Best/worst missing-outcome bounds, not confidence intervals; failures are not diagnostic FN/FP""}}","{""measured_patients"": 0, ""missing_patients"": 7, ""measured_subtotal"": null, ""total"": null}"
fresh-validation,CXR,B,primary,google/medgemma-1.5-4b-it,,cardiomegaly,10,"{""numerator"": 10, ""denominator"": 10, ""estimate"": 1.0, ""ci95"": [0.7224672001371107, 0.9999999999999999], ""method"": ""Wilson two-sided 95%""}",{},5,5,10,"{""completed"": 9, ""input_insufficient"": 1}",9,"{""numerator"": 9, ""denominator"": 10, ""estimate"": 0.9, ""ci95"": [0.5958499732047615, 0.9821237869049271], ""method"": ""Wilson two-sided 95%""}","{""numerator"": 7, ""denominator"": 10, ""estimate"": 0.7, ""ci95"": [0.39677814746114537, 0.8922087325936989], ""method"": ""Wilson two-sided 95%""}","{""numerator"": 7, ""denominator"": 9, ""estimate"": 0.7777777777777778, ""ci95"": [0.45258896910698887, 0.9367748928821533], ""method"": ""Wilson two-sided 95%""}","{""numerator"": 3, ""denominator"": 5, ""estimate"": 0.6, ""ci95"": [0.2307242812760128, 0.882379225767352], ""method"": ""Wilson two-sided 95%""}","{""numerator"": 4, ""denominator"": 4, ""estimate"": 1.0, ""ci95"": [0.5101091635454027, 1.0], ""method"": ""Wilson two-sided 95%""}","{""numerator"": 2, ""denominator"": 5, ""estimate"": 0.4, ""ci95"": [0.11762077423264783, 0.769275718723987], ""method"": ""Wilson two-sided 95%""}","{""numerator"": 0, ""denominator"": 4, ""estimate"": 0.0, ""ci95"": [0.0, 0.4898908364545973], ""method"": ""Wilson two-sided 95%""}","{""TP"": 3, ""FN"": 2, ""TN"": 4, ""FP"": 0}","{""sensitivity"": {""assigned_class_count"": 5, ""unscored_class_count"": 0, ""identification_bounds"": [0.6, 0.6], ""meaning"": ""Best/worst missing-outcome bounds, not confidence intervals; failures are not diagnostic FN/FP""}, ""specificity"": {""assigned_class_count"": 5, ""unscored_class_count"": 1, ""identification_bounds"": [0.8, 1.0], ""meaning"": ""Best/worst missing-outcome bounds, not confidence intervals; failures are not diagnostic FN/FP""}}","{""measured_patients"": 0, ""missing_patients"": 10, ""measured_subtotal"": null, ""total"": null}"
fresh-validation,CXR,B,primary,google/medgemma-1.5-4b-it,,focal_consolidation,10,"{""numerator"": 10, ""denominator"": 10, ""estimate"": 1.0, ""ci95"": [0.7224672001371107, 0.9999999999999999], ""method"": ""Wilson two-sided 95%""}","{""unscorable"": 1, ""ambiguous"": 3}",0,6,6,"{""input_insufficient"": 1, ""completed"": 5}",5,"{""numerator"": 5, ""denominator"": 6, ""estimate"": 0.8333333333333334, ""ci95"": [0.43649717781352987, 0.9699466302516935], ""method"": ""Wilson two-sided 95%""}","{""numerator"": 4, ""denominator"": 6, ""estimate"": 0.6666666666666666, ""ci95"": [0.299993315138392, 0.9032285888942195], ""method"": ""Wilson two-sided 95%""}","{""numerator"": 4, ""denominator"": 5, ""estimate"": 0.8, ""ci95"": [0.37553462976252533, 0.9637758913675698], ""method"": ""Wilson two-sided 95%""}","{""numerator"": 0, ""denominator"": 0, ""estimate"": null, ""ci95"": null}","{""numerator"": 4, ""denominator"": 5, ""estimate"": 0.8, ""ci95"": [0.37553462976252533, 0.9637758913675698], ""method"": ""Wilson two-sided 95%""}","{""numerator"": 0, ""denominator"": 0, ""estimate"": null, ""ci95"": null}","{""numerator"": 1, ""denominator"": 5, ""estimate"": 0.2, ""ci95"": [0.03622410863243014, 0.6244653702374747], ""method"": ""Wilson two-sided 95%""}","{""TP"": 0, ""FN"": 0, ""TN"": 4, ""FP"": 1}","{""sensitivity"": {""assigned_class_count"": 0, ""unscored_class_count"": 0, ""identification_bounds"": null, ""meaning"": ""Best/worst missing-outcome bounds, not confidence intervals; failures are not diagnostic FN/FP""}, ""specificity"": {""assigned_class_count"": 6, ""unscored_class_count"": 1, ""identification_bounds"": [0.6666666666666666, 0.8333333333333334], ""meaning"": ""Best/worst missing-outcome bounds, not confidence intervals; failures are not diagnostic FN/FP""}}","{""measured_patients"": 0, ""missing_patients"": 6, ""measured_subtotal"": null, ""total"": null}"
fresh-validation,CXR,B,primary,gpt-6.1-sol,,pleural_effusion,10,"{""numerator"": 10, ""denominator"": 10, ""estimate"": 1.0, ""ci95"": [0.7224672001371107, 0.9999999999999999], ""method"": ""Wilson two-sided 95%""}","{""ambiguous"": 4}",0,6,6,"{""completed"": 6}",6,"{""numerator"": 6, ""denominator"": 6, ""estimate"": 1.0, ""ci95"": [0.6096657120978346, 1.0], ""method"": ""Wilson two-sided 95%""}","{""numerator"": 6, ""denominator"": 6, ""estimate"": 1.0, ""ci95"": [0.6096657120978346, 1.0], ""method"": ""Wilson two-sided 95%""}","{""numerator"": 6, ""denominator"": 6, ""estimate"": 1.0, ""ci95"": [0.6096657120978346, 1.0], ""method"": ""Wilson two-sided 95%""}","{""numerator"": 0, ""denominator"": 0, ""estimate"": null, ""ci95"": null}","{""numerator"": 6, ""denominator"": 6, ""estimate"": 1.0, ""ci95"": [0.6096657120978346, 1.0], ""method"": ""Wilson two-sided 95%""}","{""numerator"": 0, ""denominator"": 0, ""estimate"": null, ""ci95"": null}","{""numerator"": 0, ""denominator"": 6, ""estimate"": 0.0, ""ci95"": [2.7755575615628914e-17, 0.3903342879021653], ""method"": ""Wilson two-sided 95%""}","{""TP"": 0, ""FN"": 0, ""TN"": 6, ""FP"": 0}","{""sensitivity"": {""assigned_class_count"": 0, ""unscored_class_count"": 0, ""identification_bounds"": null, ""meaning"": ""Best/worst missing-outcome bounds, not confidence intervals; failures are not diagnostic FN/FP""}, ""specificity"": {""assigned_class_count"": 6, ""unscored_class_count"": 0, ""identification_bounds"": [1.0, 1.0], ""meaning"": ""Best/worst missing-outcome bounds, not confidence intervals; failures are not diagnostic FN/FP""}}","{""measured_patients"": 0, ""missing_patients"": 6, ""measured_subtotal"": null, ""total"": null}"
fresh-validation,CXR,B,primary,gpt-6.1-sol,,pneumothorax,10,"{""numerator"": 10, ""denominator"": 10, ""estimate"": 1.0, ""ci95"": [0.7224672001371107, 0.9999999999999999], ""method"": ""Wilson two-sided 95%""}","{""unscorable"": 2, ""ambiguous"": 1}",0,7,7,"{""completed"": 7}",7,"{""numerator"": 7, ""denominator"": 7, ""estimate"": 1.0, ""ci95"": [0.6456695649333126, 1.0], ""method"": ""Wilson two-sided 95%""}","{""numerator"": 7, ""denominator"": 7, ""estimate"": 1.0, ""ci95"": [0.6456695649333126, 1.0], ""method"": ""Wilson two-sided 95%""}","{""numerator"": 7, ""denominator"": 7, ""estimate"": 1.0, ""ci95"": [0.6456695649333126, 1.0], ""method"": ""Wilson two-sided 95%""}","{""numerator"": 0, ""denominator"": 0, ""estimate"": null, ""ci95"": null}","{""numerator"": 7, ""denominator"": 7, ""estimate"": 1.0, ""ci95"": [0.6456695649333126, 1.0], ""method"": ""Wilson two-sided 95%""}","{""numerator"": 0, ""denominator"": 0, ""estimate"": null, ""ci95"": null}","{""numerator"": 0, ""denominator"": 7, ""estimate"": 0.0, ""ci95"": [5.551115123125783e-17, 0.35433043506668743], ""method"": ""Wilson two-sided 95%""}","{""TP"": 0, ""FN"": 0, ""TN"": 7, ""FP"": 0}","{""sensitivity"": {""assigned_class_count"": 0, ""unscored_class_count"": 0, ""identification_bounds"": null, ""meaning"": ""Best/worst missing-outcome bounds, not confidence intervals; failures are not diagnostic FN/FP""}, ""specificity"": {""assigned_class_count"": 7, ""unscored_class_count"": 0, ""identification_bounds"": [1.0, 1.0], ""meaning"": ""Best/worst missing-outcome bounds, not confidence intervals; failures are not diagnostic FN/FP""}}","{""measured_patients"": 0, ""missing_patients"": 7, ""measured_subtotal"": null, ""total"": null}"
fresh-validation,CXR,B,primary,gpt-6.1-sol,,cardiomegaly,10,"{""numerator"": 10, ""denominator"": 10, ""estimate"": 1.0, ""ci95"": [0.7224672001371107, 0.9999999999999999], ""method"": ""Wilson two-sided 95%""}",{},5,5,10,"{""completed"": 8, ""input_insufficient"": 2}",8,"{""numerator"": 8, ""denominator"": 10, ""estimate"": 0.8, ""ci95"": [0.49016247153664183, 0.9433178485456247], ""method"": ""Wilson two-sided 95%""}","{""numerator"": 6, ""denominator"": 10, ""estimate"": 0.6, ""ci95"": [0.31267376973365824, 0.8318196702937638], ""method"": ""Wilson two-sided 95%""}","{""numerator"": 6, ""denominator"": 8, ""estimate"": 0.75, ""ci95"": [0.40927543031016883, 0.9285207872478909], ""method"": ""Wilson two-sided 95%""}","{""numerator"": 1, ""denominator"": 3, ""estimate"": 0.3333333333333333, ""ci95"": [0.06149194472039621, 0.7923403991979522], ""method"": ""Wilson two-sided 95%""}","{""numerator"": 5, ""denominator"": 5, ""estimate"": 1.0, ""ci95"": [0.5655175352168251, 1.0], ""method"": ""Wilson two-sided 95%""}","{""numerator"": 2, ""denominator"": 3, ""estimate"": 0.6666666666666666, ""ci95"": [0.2076596008020477, 0.9385080552796037], ""method"": ""Wilson two-sided 95%""}","{""numerator"": 0, ""denominator"": 5, ""estimate"": 0.0, ""ci95"": [0.0, 0.43448246478317476], ""method"": ""Wilson two-sided 95%""}","{""TP"": 1, ""FN"": 2, ""TN"": 5, ""FP"": 0}","{""sensitivity"": {""assigned_class_count"": 5, ""unscored_class_count"": 2, ""identification_bounds"": [0.2, 0.6], ""meaning"": ""Best/worst missing-outcome bounds, not confidence intervals; failures are not diagnostic FN/FP""}, ""specificity"": {""assigned_class_count"": 5, ""unscored_class_count"": 0, ""identification_bounds"": [1.0, 1.0], ""meaning"": ""Best/worst missing-outcome bounds, not confidence intervals; failures are not diagnostic FN/FP""}}","{""measured_patients"": 0, ""missing_patients"": 10, ""measured_subtotal"": null, ""total"": null}"
fresh-validation,CXR,B,primary,gpt-6.1-sol,,focal_consolidation,10,"{""numerator"": 10, ""denominator"": 10, ""estimate"": 1.0, ""ci95"": [0.7224672001371107, 0.9999999999999999], ""method"": ""Wilson two-sided 95%""}","{""unscorable"": 1, ""ambiguous"": 3}",0,6,6,"{""completed"": 5, ""abstained"": 1}",5,"{""numerator"": 5, ""denominator"": 6, ""estimate"": 0.8333333333333334, ""ci95"": [0.43649717781352987, 0.9699466302516935], ""method"": ""Wilson two-sided 95%""}","{""numerator"": 5, ""denominator"": 6, ""estimate"": 0.8333333333333334, ""ci95"": [0.43649717781352987, 0.9699466302516935], ""method"": ""Wilson two-sided 95%""}","{""numerator"": 5, ""denominator"": 5, ""estimate"": 1.0, ""ci95"": [0.5655175352168251, 1.0], ""method"": ""Wilson two-sided 95%""}","{""numerator"": 0, ""denominator"": 0, ""estimate"": null, ""ci95"": null}","{""numerator"": 5, ""denominator"": 5, ""estimate"": 1.0, ""ci95"": [0.5655175352168251, 1.0], ""method"": ""Wilson two-sided 95%""}","{""numerator"": 0, ""denominator"": 0, ""estimate"": null, ""ci95"": null}","{""numerator"": 0, ""denominator"": 5, ""estimate"": 0.0, ""ci95"": [0.0, 0.43448246478317476], ""method"": ""Wilson two-sided 95%""}","{""TP"": 0, ""FN"": 0, ""TN"": 5, ""FP"": 0}","{""sensitivity"": {""assigned_class_count"": 0, ""unscored_class_count"": 0, ""identification_bounds"": null, ""meaning"": ""Best/worst missing-outcome bounds, not confidence intervals; failures are not diagnostic FN/FP""}, ""specificity"": {""assigned_class_count"": 6, ""unscored_class_count"": 1, ""identification_bounds"": [0.8333333333333334, 1.0], ""meaning"": ""Best/worst missing-outcome bounds, not confidence intervals; failures are not diagnostic FN/FP""}}","{""measured_patients"": 0, ""missing_patients"": 6, ""measured_subtotal"": null, ""total"": null}"
fresh-validation,MR,B,primary,google/medgemma-1.5-4b-it,,white_matter_signal_abnormality,10,"{""numerator"": 7, ""denominator"": 10, ""estimate"": 0.7, ""ci95"": [0.39677814746114537, 0.8922087325936989], ""method"": ""Wilson two-sided 95%""}","{""unscorable"": 10}",0,0,0,{},0,"{""numerator"": 0, ""denominator"": 0, ""estimate"": null, ""ci95"": null}","{""numerator"": 0, ""denominator"": 0, ""estimate"": null, ""ci95"": null}","{""numerator"": 0, ""denominator"": 0, ""estimate"": null, ""ci95"": null}","{""numerator"": 0, ""denominator"": 0, ""estimate"": null, ""ci95"": null}","{""numerator"": 0, ""denominator"": 0, ""estimate"": null, ""ci95"": null}","{""numerator"": 0, ""denominator"": 0, ""estimate"": null, ""ci95"": null}","{""numerator"": 0, ""denominator"": 0, ""estimate"": null, ""ci95"": null}","{""TP"": 0, ""FN"": 0, ""TN"": 0, ""FP"": 0}","{""sensitivity"": {""assigned_class_count"": 0, ""unscored_class_count"": 0, ""identification_bounds"": null, ""meaning"": ""Best/worst missing-outcome bounds, not confidence intervals; failures are not diagnostic FN/FP""}, ""specificity"": {""assigned_class_count"": 0, ""unscored_class_count"": 0, ""identification_bounds"": null, ""meaning"": ""Best/worst missing-outcome bounds, not confidence intervals; failures are not diagnostic FN/FP""}}","{""measured_patients"": 0, ""missing_patients"": 0, ""measured_subtotal"": null, ""total"": null}"
fresh-validation,MR,B,primary,google/medgemma-1.5-4b-it,,atrophy,10,"{""numerator"": 7, ""denominator"": 10, ""estimate"": 0.7, ""ci95"": [0.39677814746114537, 0.8922087325936989], ""method"": ""Wilson two-sided 95%""}","{""unscorable"": 8}",2,0,2,"{""completed"": 2}",2,"{""numerator"": 2, ""denominator"": 2, ""estimate"": 1.0, ""ci95"": [0.34238022750665303, 1.0], ""method"": ""Wilson two-sided 95%""}","{""numerator"": 1, ""denominator"": 2, ""estimate"": 0.5, ""ci95"": [0.09453120573423074, 0.9054687942657693], ""method"": ""Wilson two-sided 95%""}","{""numerator"": 1, ""denominator"": 2, ""estimate"": 0.5, ""ci95"": [0.09453120573423074, 0.9054687942657693], ""method"": ""Wilson two-sided 95%""}","{""numerator"": 1, ""denominator"": 2, ""estimate"": 0.5, ""ci95"": [0.09453120573423074, 0.9054687942657693], ""method"": ""Wilson two-sided 95%""}","{""numerator"": 0, ""denominator"": 0, ""estimate"": null, ""ci95"": null}","{""numerator"": 1, ""denominator"": 2, ""estimate"": 0.5, ""ci95"": [0.09453120573423074, 0.9054687942657693], ""method"": ""Wilson two-sided 95%""}","{""numerator"": 0, ""denominator"": 0, ""estimate"": null, ""ci95"": null}","{""TP"": 1, ""FN"": 1, ""TN"": 0, ""FP"": 0}","{""sensitivity"": {""assigned_class_count"": 2, ""unscored_class_count"": 0, ""identification_bounds"": [0.5, 0.5], ""meaning"": ""Best/worst missing-outcome bounds, not confidence intervals; failures are not diagnostic FN/FP""}, ""specificity"": {""assigned_class_count"": 0, ""unscored_class_count"": 0, ""identification_bounds"": null, ""meaning"": ""Best/worst missing-outcome bounds, not confidence intervals; failures are not diagnostic FN/FP""}}","{""measured_patients"": 0, ""missing_patients"": 2, ""measured_subtotal"": null, ""total"": null}"
fresh-validation,MR,B,primary,google/medgemma-1.5-4b-it,,chronic_infarction,10,"{""numerator"": 7, ""denominator"": 10, ""estimate"": 0.7, ""ci95"": [0.39677814746114537, 0.8922087325936989], ""method"": ""Wilson two-sided 95%""}","{""unscorable"": 9}",1,0,1,"{""completed"": 1}",1,"{""numerator"": 1, ""denominator"": 1, ""estimate"": 1.0, ""ci95"": [0.20654931437723745, 1.0], ""method"": ""Wilson two-sided 95%""}","{""numerator"": 1, ""denominator"": 1, ""estimate"": 1.0, ""ci95"": [0.20654931437723745, 1.0], ""method"": ""Wilson two-sided 95%""}","{""numerator"": 1, ""denominator"": 1, ""estimate"": 1.0, ""ci95"": [0.20654931437723745, 1.0], ""method"": ""Wilson two-sided 95%""}","{""numerator"": 1, ""denominator"": 1, ""estimate"": 1.0, ""ci95"": [0.20654931437723745, 1.0], ""method"": ""Wilson two-sided 95%""}","{""numerator"": 0, ""denominator"": 0, ""estimate"": null, ""ci95"": null}","{""numerator"": 0, ""denominator"": 1, ""estimate"": 0.0, ""ci95"": [0.0, 0.7934506856227626], ""method"": ""Wilson two-sided 95%""}","{""numerator"": 0, ""denominator"": 0, ""estimate"": null, ""ci95"": null}","{""TP"": 1, ""FN"": 0, ""TN"": 0, ""FP"": 0}","{""sensitivity"": {""assigned_class_count"": 1, ""unscored_class_count"": 0, ""identification_bounds"": [1.0, 1.0], ""meaning"": ""Best/worst missing-outcome bounds, not confidence intervals; failures are not diagnostic FN/FP""}, ""specificity"": {""assigned_class_count"": 0, ""unscored_class_count"": 0, ""identification_bounds"": null, ""meaning"": ""Best/worst missing-outcome bounds, not confidence intervals; failures are not diagnostic FN/FP""}}","{""measured_patients"": 0, ""missing_patients"": 1, ""measured_subtotal"": null, ""total"": null}"
fresh-validation,MR,B,primary,google/medgemma-1.5-4b-it,,mass_lesion,10,"{""numerator"": 7, ""denominator"": 10, ""estimate"": 0.7, ""ci95"": [0.39677814746114537, 0.8922087325936989], ""method"": ""Wilson two-sided 95%""}","{""unscorable"": 10}",0,0,0,{},0,"{""numerator"": 0, ""denominator"": 0, ""estimate"": null, ""ci95"": null}","{""numerator"": 0, ""denominator"": 0, ""estimate"": null, ""ci95"": null}","{""numerator"": 0, ""denominator"": 0, ""estimate"": null, ""ci95"": null}","{""numerator"": 0, ""denominator"": 0, ""estimate"": null, ""ci95"": null}","{""numerator"": 0, ""denominator"": 0, ""estimate"": null, ""ci95"": null}","{""numerator"": 0, ""denominator"": 0, ""estimate"": null, ""ci95"": null}","{""numerator"": 0, ""denominator"": 0, ""estimate"": null, ""ci95"": null}","{""TP"": 0, ""FN"": 0, ""TN"": 0, ""FP"": 0}","{""sensitivity"": {""assigned_class_count"": 0, ""unscored_class_count"": 0, ""identification_bounds"": null, ""meaning"": ""Best/worst missing-outcome bounds, not confidence intervals; failures are not diagnostic FN/FP""}, ""specificity"": {""assigned_class_count"": 0, ""unscored_class_count"": 0, ""identification_bounds"": null, ""meaning"": ""Best/worst missing-outcome bounds, not confidence intervals; failures are not diagnostic FN/FP""}}","{""measured_patients"": 0, ""missing_patients"": 0, ""measured_subtotal"": null, ""total"": null}"
fresh-validation,MR,B,primary,gpt-6.1-sol,,white_matter_signal_abnormality,10,"{""numerator"": 10, ""denominator"": 10, ""estimate"": 1.0, ""ci95"": [0.7224672001371107, 0.9999999999999999], ""method"": ""Wilson two-sided 95%""}","{""unscorable"": 10}",0,0,0,{},0,"{""numerator"": 0, ""denominator"": 0, ""estimate"": null, ""ci95"": null}","{""numerator"": 0, ""denominator"": 0, ""estimate"": null, ""ci95"": null}","{""numerator"": 0, ""denominator"": 0, ""estimate"": null, ""ci95"": null}","{""numerator"": 0, ""denominator"": 0, ""estimate"": null, ""ci95"": null}","{""numerator"": 0, ""denominator"": 0, ""estimate"": null, ""ci95"": null}","{""numerator"": 0, ""denominator"": 0, ""estimate"": null, ""ci95"": null}","{""numerator"": 0, ""denominator"": 0, ""estimate"": null, ""ci95"": null}","{""TP"": 0, ""FN"": 0, ""TN"": 0, ""FP"": 0}","{""sensitivity"": {""assigned_class_count"": 0, ""unscored_class_count"": 0, ""identification_bounds"": null, ""meaning"": ""Best/worst missing-outcome bounds, not confidence intervals; failures are not diagnostic FN/FP""}, ""specificity"": {""assigned_class_count"": 0, ""unscored_class_count"": 0, ""identification_bounds"": null, ""meaning"": ""Best/worst missing-outcome bounds, not confidence intervals; failures are not diagnostic FN/FP""}}","{""measured_patients"": 0, ""missing_patients"": 0, ""measured_subtotal"": null, ""total"": null}"
fresh-validation,MR,B,primary,gpt-6.1-sol,,atrophy,10,"{""numerator"": 10, ""denominator"": 10, ""estimate"": 1.0, ""ci95"": [0.7224672001371107, 0.9999999999999999], ""method"": ""Wilson two-sided 95%""}","{""unscorable"": 8}",2,0,2,"{""completed"": 2}",2,"{""numerator"": 2, ""denominator"": 2, ""estimate"": 1.0, ""ci95"": [0.34238022750665303, 1.0], ""method"": ""Wilson two-sided 95%""}","{""numerator"": 1, ""denominator"": 2, ""estimate"": 0.5, ""ci95"": [0.09453120573423074, 0.9054687942657693], ""method"": ""Wilson two-sided 95%""}","{""numerator"": 1, ""denominator"": 2, ""estimate"": 0.5, ""ci95"": [0.09453120573423074, 0.9054687942657693], ""method"": ""Wilson two-sided 95%""}","{""numerator"": 1, ""denominator"": 2, ""estimate"": 0.5, ""ci95"": [0.09453120573423074, 0.9054687942657693], ""method"": ""Wilson two-sided 95%""}","{""numerator"": 0, ""denominator"": 0, ""estimate"": null, ""ci95"": null}","{""numerator"": 1, ""denominator"": 2, ""estimate"": 0.5, ""ci95"": [0.09453120573423074, 0.9054687942657693], ""method"": ""Wilson two-sided 95%""}","{""numerator"": 0, ""denominator"": 0, ""estimate"": null, ""ci95"": null}","{""TP"": 1, ""FN"": 1, ""TN"": 0, ""FP"": 0}","{""sensitivity"": {""assigned_class_count"": 2, ""unscored_class_count"": 0, ""identification_bounds"": [0.5, 0.5], ""meaning"": ""Best/worst missing-outcome bounds, not confidence intervals; failures are not diagnostic FN/FP""}, ""specificity"": {""assigned_class_count"": 0, ""unscored_class_count"": 0, ""identification_bounds"": null, ""meaning"": ""Best/worst missing-outcome bounds, not confidence intervals; failures are not diagnostic FN/FP""}}","{""measured_patients"": 0, ""missing_patients"": 2, ""measured_subtotal"": null, ""total"": null}"
fresh-validation,MR,B,primary,gpt-6.1-sol,,chronic_infarction,10,"{""numerator"": 10, ""denominator"": 10, ""estimate"": 1.0, ""ci95"": [0.7224672001371107, 0.9999999999999999], ""method"": ""Wilson two-sided 95%""}","{""unscorable"": 9}",1,0,1,"{""completed"": 1}",1,"{""numerator"": 1, ""denominator"": 1, ""estimate"": 1.0, ""ci95"": [0.20654931437723745, 1.0], ""method"": ""Wilson two-sided 95%""}","{""numerator"": 1, ""denominator"": 1, ""estimate"": 1.0, ""ci95"": [0.20654931437723745, 1.0], ""method"": ""Wilson two-sided 95%""}","{""numerator"": 1, ""denominator"": 1, ""estimate"": 1.0, ""ci95"": [0.20654931437723745, 1.0], ""method"": ""Wilson two-sided 95%""}","{""numerator"": 1, ""denominator"": 1, ""estimate"": 1.0, ""ci95"": [0.20654931437723745, 1.0], ""method"": ""Wilson two-sided 95%""}","{""numerator"": 0, ""denominator"": 0, ""estimate"": null, ""ci95"": null}","{""numerator"": 0, ""denominator"": 1, ""estimate"": 0.0, ""ci95"": [0.0, 0.7934506856227626], ""method"": ""Wilson two-sided 95%""}","{""numerator"": 0, ""denominator"": 0, ""estimate"": null, ""ci95"": null}","{""TP"": 1, ""FN"": 0, ""TN"": 0, ""FP"": 0}","{""sensitivity"": {""assigned_class_count"": 1, ""unscored_class_count"": 0, ""identification_bounds"": [1.0, 1.0], ""meaning"": ""Best/worst missing-outcome bounds, not confidence intervals; failures are not diagnostic FN/FP""}, ""specificity"": {""assigned_class_count"": 0, ""unscored_class_count"": 0, ""identification_bounds"": null, ""meaning"": ""Best/worst missing-outcome bounds, not confidence intervals; failures are not diagnostic FN/FP""}}","{""measured_patients"": 0, ""missing_patients"": 1, ""measured_subtotal"": null, ""total"": null}"
fresh-validation,MR,B,primary,gpt-6.1-sol,,mass_lesion,10,"{""numerator"": 10, ""denominator"": 10, ""estimate"": 1.0, ""ci95"": [0.7224672001371107, 0.9999999999999999], ""method"": ""Wilson two-sided 95%""}","{""unscorable"": 10}",0,0,0,{},0,"{""numerator"": 0, ""denominator"": 0, ""estimate"": null, ""ci95"": null}","{""numerator"": 0, ""denominator"": 0, ""estimate"": null, ""ci95"": null}","{""numerator"": 0, ""denominator"": 0, ""estimate"": null, ""ci95"": null}","{""numerator"": 0, ""denominator"": 0, ""estimate"": null, ""ci95"": null}","{""numerator"": 0, ""denominator"": 0, ""estimate"": null, ""ci95"": null}","{""numerator"": 0, ""denominator"": 0, ""estimate"": null, ""ci95"": null}","{""numerator"": 0, ""denominator"": 0, ""estimate"": null, ""ci95"": null}","{""TP"": 0, ""FN"": 0, ""TN"": 0, ""FP"": 0}","{""sensitivity"": {""assigned_class_count"": 0, ""unscored_class_count"": 0, ""identification_bounds"": null, ""meaning"": ""Best/worst missing-outcome bounds, not confidence intervals; failures are not diagnostic FN/FP""}, ""specificity"": {""assigned_class_count"": 0, ""unscored_class_count"": 0, ""identification_bounds"": null, ""meaning"": ""Best/worst missing-outcome bounds, not confidence intervals; failures are not diagnostic FN/FP""}}","{""measured_patients"": 0, ""missing_patients"": 0, ""measured_subtotal"": null, ""total"": null}"
